date,tier,prize_eur,winners_total,winners_pt,rollover
2004-10-08,5+2,10000000.00,0,0,1
2004-10-08,5+1,0.00,0,0,0
2004-10-08,5+0,860114.80,2,0,0
2004-10-08,4+2,5029.91,54,5,0
2004-10-08,4+1,231.55,782,113,0
2004-10-08,4+0,105.98,1196,153,0
2004-10-08,3+2,66.18,2736,482,0
2004-10-08,3+1,26.44,34915,5288,0
2004-10-08,2+2,20.57,38727,7959,0
2004-10-08,3+0,15.07,56457,9031,0
2004-10-08,1+2,9.19,198885,44083,0
2004-10-08,2+1,8.86,490426,83699,0
2004-10-15,5+2,17276072.20,0,0,1
2004-10-15,5+1,719157.60,2,0,0
2004-10-15,5+0,204085.26,2,0,0
2004-10-15,4+2,5399.08,54,9,0
2004-10-15,4+1,296.74,655,89,0
2004-10-15,4+0,154.96,878,133,0
2004-10-15,3+2,71.88,2704,576,0
2004-10-15,3+1,30.43,32569,5941,0
2004-10-15,2+2,18.70,45712,12376,0
2004-10-15,3+0,21.44,42590,7213,0
2004-10-15,1+2,7.73,253871,73246,0
2004-10-15,2+1,9.02,516956,120741,0
2004-10-22,5+2,25059130.00,1,0,0
2004-10-22,5+1,123757.42,13,6,0
2004-10-22,5+0,35120.34,13,7,0
2004-10-22,4+2,4658.82,70,24,0
2004-10-22,4+1,164.58,1321,504,0
2004-10-22,4+0,90.10,1689,633,0
2004-10-22,3+2,69.72,3118,1000,0
2004-10-22,3+1,23.02,48148,15681,0
2004-10-22,2+2,22.96,41664,11623,0
2004-10-22,3+0,15.37,66448,20683,0
2004-10-22,1+2,10.73,204472,52344,0
2004-10-22,2+1,8.23,633988,184544,0
2004-10-29,5+2,10000000.00,0,0,1
2004-10-29,5+1,349475.04,4,0,0
2004-10-29,5+0,99175.35,4,0,0
2004-10-29,4+2,6746.62,42,10,0
2004-10-29,4+1,443.43,426,76,0
2004-10-29,4+0,186.24,710,163,0
2004-10-29,3+2,98.38,1920,470,0
2004-10-29,3+1,37.47,25708,6369,0
2004-10-29,2+2,26.73,31087,8011,0
2004-10-29,3+0,21.04,42192,11472,0
2004-10-29,1+2,10.62,179515,44108,0
2004-10-29,2+1,10.52,430565,108899,0
2004-11-05,5+2,17253133.50,0,0,1
2004-11-05,5+1,0.00,0,0,0
2004-11-05,5+0,918290.18,2,0,0
2004-11-05,4+2,8055.17,36,6,0
2004-11-05,4+1,303.49,637,112,0
2004-11-05,4+0,141.25,958,162,0
2004-11-05,3+2,98.58,1961,332,0
2004-11-05,3+1,32.99,29878,5234,0
2004-11-05,2+2,28.59,29744,5641,0
2004-11-05,3+0,19.91,45614,8001,0
2004-11-05,1+2,12.34,158141,30981,0
2004-11-05,2+1,10.10,459329,88266,0
2004-11-12,5+2,24828113.30,0,0,1
2004-11-12,5+1,384714.21,4,0,0
2004-11-12,5+0,72783.77,6,1,0
2004-11-12,4+2,4520.73,69,23,0
2004-11-12,4+1,207.12,1004,289,0
2004-11-12,4+0,88.00,1654,441,0
2004-11-12,3+2,67.25,3092,809,0
2004-11-12,3+1,21.87,48478,13313,0
2004-11-12,2+2,21.97,41634,11033,0
2004-11-12,3+0,13.10,74587,19900,0
2004-11-12,1+2,10.27,204365,52478,0
2004-11-12,2+1,7.65,652155,178088,0
2004-11-19,5+2,33437557.40,0,0,1
2004-11-19,5+1,0.00,0,0,0
2004-11-19,5+0,807419.97,3,0,0
2004-11-19,4+2,7082.63,54,15,0
2004-11-19,4+1,346.43,736,154,0
2004-11-19,4+0,149.73,1192,219,0
2004-11-19,3+2,84.09,3032,741,0
2004-11-19,3+1,36.14,35974,7811,0
2004-11-19,2+2,23.18,48395,14147,0
2004-11-19,3+0,20.98,57097,12746,0
2004-11-19,1+2,8.94,287906,90927,0
2004-11-19,2+1,10.65,574251,139422,0
2004-11-26,5+2,43756502.00,1,1,0
2004-11-26,5+1,492365.33,5,0,0
2004-11-26,5+0,87328.31,8,2,0
2004-11-26,4+2,6566.03,76,18,0
2004-11-26,4+1,317.13,1049,180,0
2004-11-26,4+0,131.94,1765,365,0
2004-11-26,3+2,94.88,3506,829,0
2004-11-26,3+1,31.56,53743,12031,0
2004-11-26,2+2,27.39,53428,12731,0
2004-11-26,3+0,17.95,87104,19192,0
2004-11-26,1+2,11.70,287058,68239,0
2004-11-26,2+1,9.91,805386,185699,0
2004-12-03,5+2,10000000.00,0,0,1
2004-12-03,5+1,400964.33,4,0,0
2004-12-03,5+0,113787.17,4,2,0
2004-12-03,4+2,7067.52,46,9,0
2004-12-03,4+1,313.20,692,148,0
2004-12-03,4+0,141.79,1070,235,0
2004-12-03,3+2,107.34,2019,486,0
2004-12-03,3+1,31.42,35174,9036,0
2004-12-03,2+2,28.08,33954,8889,0
2004-12-03,3+0,18.64,54648,13935,0
2004-12-03,1+2,11.72,186692,51276,0
2004-12-03,2+1,9.26,561512,154445,0
2004-12-10,5+2,17892320.40,0,0,1
2004-12-10,5+1,822799.34,2,1,0
2004-12-10,5+0,58374.27,8,2,0
2004-12-10,4+2,4905.40,68,17,0
2004-12-10,4+1,231.64,960,273,0
2004-12-10,4+0,95.09,1637,497,0
2004-12-10,3+2,64.03,3473,1016,0
2004-12-10,3+1,22.34,50766,15620,0
2004-12-10,2+2,20.53,47651,13792,0
2004-12-10,3+0,13.08,79864,25102,0
2004-12-10,1+2,9.32,240983,69195,0
2004-12-10,2+1,8.12,657275,197748,0
2004-12-17,5+2,26215627.00,1,0,0
2004-12-17,5+1,298427.77,6,0,0
2004-12-17,5+0,254066.89,2,0,0
2004-12-17,4+2,7561.51,48,5,0
2004-12-17,4+1,326.54,741,130,0
2004-12-17,4+0,150.96,1122,163,0
2004-12-17,3+2,104.16,2323,432,0
2004-12-17,3+1,33.63,36694,7615,0
2004-12-17,2+2,28.85,36898,8468,0
2004-12-17,3+0,20.33,55916,11525,0
2004-12-17,1+2,11.99,203660,50858,0
2004-12-17,2+1,9.60,604315,152168,0
2004-12-24,5+2,10000000.00,1,0,0
2004-12-24,5+1,0.00,0,0,0
2004-12-24,5+0,431942.20,5,1,0
2004-12-24,4+2,6314.94,54,10,0
2004-12-24,4+1,278.25,817,207,0
2004-12-24,4+0,137.78,1155,273,0
2004-12-24,3+2,90.32,2517,674,0
2004-12-24,3+1,26.88,43118,12711,0
2004-12-24,2+2,25.52,39186,10418,0
2004-12-24,3+0,18.59,57468,14761,0
2004-12-24,1+2,11.17,205382,53081,0
2004-12-24,2+1,8.00,681686,209671,0
2004-12-31,5+2,10000000.00,0,0,1
2004-12-31,5+1,213961.61,8,1,0
2004-12-31,5+0,60718.83,8,2,0
2004-12-31,4+2,8261.06,42,10,0
2004-12-31,4+1,296.55,780,148,0
2004-12-31,4+0,132.28,1224,213,0
2004-12-31,3+2,113.44,2039,395,0
2004-12-31,3+1,29.99,39329,8309,0
2004-12-31,2+2,33.91,30009,5988,0
2004-12-31,3+0,18.35,59237,12284,0
2004-12-31,1+2,14.94,156286,33007,0
2004-12-31,2+1,8.99,617491,144686,0
2005-01-07,5+2,17730869.80,0,0,1
2005-01-07,5+1,318258.51,5,0,0
2005-01-07,5+0,451583.03,1,1,0
2005-01-07,4+2,6582.84,49,13,0
2005-01-07,4+1,250.62,858,235,0
2005-01-07,4+0,127.89,1177,273,0
2005-01-07,3+2,105.82,2032,503,0
2005-01-07,3+1,26.52,41342,12228,0
2005-01-07,2+2,30.23,31289,7761,0
2005-01-07,3+0,19.26,52455,13373,0
2005-01-07,1+2,13.73,158116,38500,0
2005-01-07,2+1,8.41,613595,177288,0
2005-01-14,5+2,13003681.00,2,0,0
2005-01-14,5+1,253545.65,7,0,0
2005-01-14,5+0,50366.50,10,3,0
2005-01-14,4+2,4612.31,78,17,0
2005-01-14,4+1,174.30,1376,358,0
2005-01-14,4+0,78.48,2139,539,0
2005-01-14,3+2,74.90,3202,753,0
2005-01-14,3+1,22.30,54845,15407,0
2005-01-14,2+2,24.86,42445,10407,0
2005-01-14,3+0,12.99,86756,24322,0
2005-01-14,1+2,11.91,203237,49368,0
2005-01-14,2+1,8.21,700935,198171,0
2005-01-21,5+2,10000000.00,0,0,1
2005-01-21,5+1,80527.58,19,5,0
2005-01-21,5+0,27137.25,16,3,0
2005-01-21,4+2,1891.09,164,53,0
2005-01-21,4+1,124.25,1664,559,0
2005-01-21,4+0,64.81,2233,696,0
2005-01-21,3+2,42.23,4895,1618,0
2005-01-21,3+1,19.07,55286,16657,0
2005-01-21,2+2,15.22,59755,18492,0
2005-01-21,3+0,13.10,74141,20946,0
2005-01-21,1+2,7.54,276854,85806,0
2005-01-21,2+1,7.46,664418,188498,0
2005-01-28,5+2,17700364.60,0,0,1
2005-01-28,5+1,263505.29,6,1,0
2005-01-28,5+0,149557.05,3,0,0
2005-01-28,4+2,4451.10,72,15,0
2005-01-28,4+1,266.40,802,122,0
2005-01-28,4+0,168.04,890,143,0
2005-01-28,3+2,55.25,3867,844,0
2005-01-28,3+1,27.65,39398,8852,0
2005-01-28,2+2,15.85,59278,15124,0
2005-01-28,3+0,21.50,46692,10068,0
2005-01-28,1+2,7.23,298174,77681,0
2005-01-28,2+1,8.48,604496,153771,0
2005-02-04,5+2,25868029.60,0,0,1
2005-02-04,5+1,1738214.56,1,0,0
2005-02-04,5+0,70468.15,7,1,0
2005-02-04,4+2,6406.19,55,12,0
2005-02-04,4+1,202.14,1162,292,0
2005-02-04,4+0,97.63,1684,477,0
2005-02-04,3+2,99.40,2363,491,0
2005-02-04,3+1,24.42,49048,13555,0
2005-02-04,2+2,30.84,33511,7125,0
2005-02-04,3+0,14.99,73635,21584,0
2005-02-04,1+2,14.32,165573,35379,0
2005-02-04,2+1,8.45,666511,180742,0
2005-02-11,5+2,34776948.00,1,0,0
2005-02-11,5+1,331257.50,6,1,0
2005-02-11,5+0,62670.33,9,1,0
2005-02-11,4+2,4379.13,92,20,0
2005-02-11,4+1,230.34,1166,257,0
2005-02-11,4+0,112.17,1676,371,0
2005-02-11,3+2,69.92,3841,926,0
2005-02-11,3+1,26.30,52069,12168,0
2005-02-11,2+2,22.55,52393,12293,0
2005-02-11,3+0,15.80,79867,20498,0
2005-02-11,1+2,10.29,263612,61631,0
2005-02-11,2+1,8.79,733118,180478,0
2005-02-18,5+2,10000000.00,1,1,0
2005-02-18,5+1,1544014.81,1,0,0
2005-02-18,5+0,219083.18,2,0,0
2005-02-18,4+2,7451.80,42,8,0
2005-02-18,4+1,400.48,521,91,0
2005-02-18,4+0,184.64,791,158,0
2005-02-18,3+2,132.89,1570,369,0
2005-02-18,3+1,37.10,28677,6484,0
2005-02-18,2+2,38.35,23933,5273,0
2005-02-18,3+0,21.03,46612,11439,0
2005-02-18,1+2,15.49,136043,30626,0
2005-02-18,2+1,10.40,481284,126240,0
2005-02-25,5+2,10000000.00,0,0,1
2005-02-25,5+1,375182.49,4,1,0
2005-02-25,5+0,70980.47,6,1,0
2005-02-25,4+2,6760.04,45,5,0
2005-02-25,4+1,340.84,595,137,0
2005-02-25,4+0,141.25,1005,227,0
2005-02-25,3+2,95.88,2115,524,0
2005-02-25,3+1,34.71,29795,7665,0
2005-02-25,2+2,26.92,33143,8476,0
2005-02-25,3+0,19.02,50104,12871,0
2005-02-25,1+2,10.80,189642,51341,0
2005-02-25,2+1,10.58,459908,119397,0
2005-03-04,5+2,17882838.80,0,0,1
2005-03-04,5+1,821204.71,2,0,0
2005-03-04,5+0,155363.05,3,1,0
2005-03-04,4+2,5284.45,63,11,0
2005-03-04,4+1,243.36,912,138,0
2005-03-04,4+0,110.89,1401,181,0
2005-03-04,3+2,91.90,2415,522,0
2005-03-04,3+1,29.79,37996,8013,0
2005-03-04,2+2,28.80,33900,7920,0
2005-03-04,3+0,18.29,57013,12759,0
2005-03-04,1+2,12.01,186629,45966,0
2005-03-04,2+1,9.82,542310,139544,0
2005-03-11,5+2,26371828.70,0,0,1
2005-03-11,5+1,615432.19,3,0,0
2005-03-11,5+0,65493.62,8,0,0
2005-03-11,4+2,6804.53,55,7,0
2005-03-11,4+1,247.02,1010,238,0
2005-03-11,4+0,94.15,1855,482,0
2005-03-11,3+2,105.45,2366,577,0
2005-03-11,3+1,29.84,42636,10749,0
2005-03-11,2+2,30.57,35906,9171,0
2005-03-11,3+0,15.73,74524,20497,0
2005-03-11,1+2,13.26,190039,50525,0
2005-03-11,2+1,9.79,611614,162138,0
2005-03-18,5+2,35429502.30,0,0,1
2005-03-18,5+1,1018790.56,2,2,0
2005-03-18,5+0,115646.49,5,2,0
2005-03-18,4+2,5363.93,77,7,0
2005-03-18,4+1,291.68,944,208,0
2005-03-18,4+0,157.59,1223,251,0
2005-03-18,3+2,70.74,3892,889,0
2005-03-18,3+1,31.37,44757,10609,0
2005-03-18,2+2,19.98,60619,14819,0
2005-03-18,3+0,21.58,59959,14032,0
2005-03-18,1+2,8.04,345484,94056,0
2005-03-18,2+1,9.82,672573,169157,0
2005-03-25,5+2,45218910.20,0,0,1
2005-03-25,5+1,761236.64,3,0,0
2005-03-25,5+0,324039.92,2,1,0
2005-03-25,4+2,9849.23,47,13,0
2005-03-25,4+1,396.16,779,192,0
2005-03-25,4+0,179.72,1202,332,0
2005-03-25,3+2,106.38,2901,765,0
2005-03-25,3+1,33.65,46771,13265,0
2005-03-25,2+2,30.19,44970,12033,0
2005-03-25,3+0,20.07,72264,20431,0
2005-03-25,1+2,12.16,256185,69750,0
2005-03-25,2+1,10.32,717630,199821,0
2005-04-01,5+2,53793484.10,0,0,1
2005-04-01,5+1,1442087.43,2,0,0
2005-04-01,5+0,409241.02,2,1,0
2005-04-01,4+2,6878.00,85,10,0
2005-04-01,4+1,371.90,1048,214,0
2005-04-01,4+0,195.43,1396,254,0
2005-04-01,3+2,82.40,4730,1164,0
2005-04-01,3+1,37.96,52359,11995,0
2005-04-01,2+2,21.27,80599,20847,0
2005-04-01,3+0,23.50,77931,18681,0
2005-04-01,1+2,7.88,498976,140697,0
2005-04-01,2+1,11.24,832110,200471,0
2005-04-08,5+2,64040749.00,1,0,0
2005-04-08,5+1,344680.72,10,1,0
2005-04-08,5+0,97814.79,10,3,0
2005-04-08,4+2,5458.41,128,17,0
2005-04-08,4+1,233.47,1995,417,0
2005-04-08,4+0,106.79,3053,548,0
2005-04-08,3+2,80.89,5758,1259,0
2005-04-08,3+1,27.18,87391,20424,0
2005-04-08,2+2,25.67,79817,18406,0
2005-04-08,3+0,15.94,137270,31292,0
2005-04-08,1+2,11.74,400597,95821,0
2005-04-08,2+1,9.21,1213222,291413,0
2005-04-15,5+2,15000000.00,0,0,1
2005-04-15,5+1,1885108.78,1,0,0
2005-04-15,5+0,106992.66,5,1,0
2005-04-15,4+2,6588.21,58,17,0
2005-04-15,4+1,279.01,913,303,0
2005-04-15,4+0,127.55,1398,420,0
2005-04-15,3+2,99.93,2549,692,0
2005-04-15,3+1,32.21,40327,11842,0
2005-04-15,2+2,29.43,38074,10459,0
2005-04-15,3+0,19.04,62875,18351,0
2005-04-15,1+2,11.85,216983,59875,0
2005-04-15,2+1,10.19,599483,170321,0
2005-04-22,5+2,11874779.00,2,1,0
2005-04-22,5+1,84084.41,23,18,0
2005-04-22,5+0,19600.75,28,22,0
2005-04-22,4+2,3563.77,110,40,0
2005-04-22,4+1,172.96,1511,504,0
2005-04-22,4+0,85.40,2142,758,0
2005-04-22,3+2,52.08,5018,1627,0
2005-04-22,3+1,21.63,61602,19269,0
2005-04-22,2+2,17.04,67466,21561,0
2005-04-22,3+0,14.34,85606,25694,0
2005-04-22,1+2,8.20,321796,101880,0
2005-04-22,2+1,7.68,816173,251352,0
2005-04-29,5+2,15000000.00,0,0,1
2005-04-29,5+1,1737261.59,1,0,0
2005-04-29,5+0,246503.33,2,1,0
2005-04-29,4+2,8189.47,43,15,0
2005-04-29,4+1,332.52,706,201,0
2005-04-29,4+0,136.37,1205,373,0
2005-04-29,3+2,114.35,2053,528,0
2005-04-29,3+1,33.29,35963,10816,0
2005-04-29,2+2,33.13,31176,8079,0
2005-04-29,3+0,16.89,65293,20921,0
2005-04-29,1+2,14.08,168303,42204,0
2005-04-29,2+1,10.16,554364,165175,0
2005-05-06,5+2,23445886.30,0,0,1
2005-05-06,5+1,305299.69,6,0,0
2005-05-06,5+0,86639.10,6,2,0
2005-05-06,4+2,5381.31,69,16,0
2005-05-06,4+1,215.62,1148,346,0
2005-05-06,4+0,84.64,2047,613,0
2005-05-06,3+2,78.08,3170,1014,0
2005-05-06,3+1,25.71,49090,14056,0
2005-05-06,2+2,23.89,45588,14324,0
2005-05-06,3+0,13.40,86798,25560,0
2005-05-06,1+2,11.17,223648,70034,0
2005-05-06,2+1,8.70,682587,198979,0
2005-05-13,5+2,33145554.30,0,0,1
2005-05-13,5+1,375587.44,6,1,0
2005-05-13,5+0,159878.43,4,1,0
2005-05-13,4+2,7742.29,59,14,0
2005-05-13,4+1,317.21,960,203,0
2005-05-13,4+0,147.93,1441,284,0
2005-05-13,3+2,94.34,3228,700,0
2005-05-13,3+1,29.92,51894,12672,0
2005-05-13,2+2,27.42,48856,11212,0
2005-05-13,3+0,18.20,78625,19948,0
2005-05-13,1+2,11.61,264813,61676,0
2005-05-13,2+1,9.19,794752,205112,0
2005-05-20,5+2,43020745.00,1,1,0
2005-05-20,5+1,385427.32,6,0,0
2005-05-20,5+0,93752.59,7,0,0
2005-05-20,4+2,3146.06,149,42,0
2005-05-20,4+1,193.50,1615,457,0
2005-05-20,4+0,92.14,2374,620,0
2005-05-20,3+2,52.09,5999,1773,0
2005-05-20,3+1,22.51,70792,18588,0
2005-05-20,2+2,16.78,81918,24295,0
2005-05-20,3+0,14.09,104209,26627,0
2005-05-20,1+2,7.78,405456,120594,0
2005-05-20,2+1,7.88,951144,253689,0
2005-05-27,5+2,15000000.00,0,0,1
2005-05-27,5+1,0.00,0,0,0
2005-05-27,5+0,248346.92,9,5,0
2005-05-27,4+2,5267.37,67,21,0
2005-05-27,4+1,310.39,758,166,0
2005-05-27,4+0,143.58,1147,234,0
2005-05-27,3+2,93.84,2507,539,0
2005-05-27,3+1,35.64,33664,7479,0
2005-05-27,2+2,27.78,37258,8598,0
2005-05-27,3+0,21.11,52377,11705,0
2005-05-27,1+2,11.20,212080,50940,0
2005-05-27,2+1,11.07,509866,118897,0
2005-06-03,5+2,23507298.00,0,0,1
2005-06-03,5+1,185245.48,10,3,0
2005-06-03,5+0,105139.32,5,2,0
2005-06-03,4+2,4267.01,88,25,0
2005-06-03,4+1,220.55,1135,264,0
2005-06-03,4+0,105.88,1655,432,0
2005-06-03,3+2,67.76,3694,1125,0
2005-06-03,3+1,23.93,53340,15372,0
2005-06-03,2+2,20.35,54106,16973,0
2005-06-03,3+0,15.62,75289,20719,0
2005-06-03,1+2,9.56,264460,80002,0
2005-06-03,2+1,7.94,755858,230315,0
2005-06-10,5+2,32391354.00,0,0,1
2005-06-10,5+1,395836.49,5,0,0
2005-06-10,5+0,140414.97,4,1,0
2005-06-10,4+2,6576.81,61,12,0
2005-06-10,4+1,326.96,818,173,0
2005-06-10,4+0,159.33,1175,222,0
2005-06-10,3+2,73.25,3651,843,0
2005-06-10,3+1,27.72,49202,11203,0
2005-06-10,2+2,28.23,41672,8805,0
2005-06-10,3+0,18.54,67800,16162,0
2005-06-10,1+2,11.80,228757,50764,0
2005-06-10,2+1,9.65,664832,151269,0
2005-06-17,5+2,41857660.40,0,0,1
2005-06-17,5+1,241670.03,9,2,0
2005-06-17,5+0,32486.22,19,6,0
2005-06-17,4+2,4740.69,93,21,0
2005-06-17,4+1,166.43,1766,525,0
2005-06-17,4+0,64.11,3209,1090,0
2005-06-17,3+2,72.50,4054,968,0
2005-06-17,3+1,21.97,68208,19259,0
2005-06-17,2+2,25.33,51042,11814,0
2005-06-17,3+0,11.53,119726,38998,0
2005-06-17,1+2,11.90,249349,56821,0
2005-06-17,2+1,8.41,838740,222729,0
2005-06-24,5+2,51872293.80,0,0,1
2005-06-24,5+1,471893.51,5,1,0
2005-06-24,5+0,74397.62,9,2,0
2005-06-24,4+2,7472.97,64,9,0
2005-06-24,4+1,268.84,1186,232,0
2005-06-24,4+0,136.01,1641,337,0
2005-06-24,3+2,96.62,3300,793,0
2005-06-24,3+1,27.70,58689,15119,0
2005-06-24,2+2,29.64,47324,10777,0
2005-06-24,3+0,17.84,83955,22008,0
2005-06-24,1+2,13.66,235655,55633,0
2005-06-24,2+1,8.59,890457,245711,0
2005-07-01,5+2,60359278.40,0,0,1
2005-07-01,5+1,317190.33,9,3,0
2005-07-01,5+0,202530.31,4,0,0
2005-07-01,4+2,4862.67,119,18,0
2005-07-01,4+1,233.23,1654,351,0
2005-07-01,4+0,117.25,2303,487,0
2005-07-01,3+2,78.74,4899,1154,0
2005-07-01,3+1,25.33,77671,19106,0
2005-07-01,2+2,23.42,72470,18266,0
2005-07-01,3+0,16.63,109021,26372,0
2005-07-01,1+2,10.76,361831,89199,0
2005-07-01,2+1,8.03,1152521,304715,0
2005-07-08,5+2,70600238.60,0,0,1
2005-07-08,5+1,492098.08,7,4,0
2005-07-08,5+0,61096.63,16,3,0
2005-07-08,4+2,6913.33,101,15,0
2005-07-08,4+1,332.02,1402,282,0
2005-07-08,4+0,167.10,1950,391,0
2005-07-08,3+2,107.35,4336,826,0
2005-07-08,3+1,39.69,59808,12128,0
2005-07-08,2+2,27.62,74153,16322,0
2005-07-08,3+0,24.48,89362,18043,0
2005-07-08,1+2,10.21,460419,117097,0
2005-07-08,2+1,12.10,922699,203827,0
2005-07-15,5+2,82972942.00,0,0,1
2005-07-15,5+1,416172.75,10,4,0
2005-07-15,5+0,65612.82,18,1,0
2005-07-15,4+2,5305.61,159,43,0
2005-07-15,4+1,233.16,2412,597,0
2005-07-15,4+0,106.89,3683,815,0
2005-07-15,3+2,72.39,7768,1974,0
2005-07-15,3+1,24.97,114828,29407,0
2005-07-15,2+2,22.73,108841,29527,0
2005-07-15,3+0,15.46,170888,40666,0
2005-07-15,1+2,10.31,550489,152279,0
2005-07-15,2+1,8.51,1585217,420844,0
2005-07-22,5+2,97582725.80,0,0,1
2005-07-22,5+1,1228549.99,4,0,0
2005-07-22,5+0,87160.64,16,2,0
2005-07-22,4+2,9486.87,105,27,0
2005-07-22,4+1,381.65,1740,317,0
2005-07-22,4+0,169.59,2741,534,0
2005-07-22,3+2,109.74,6051,1278,0
2005-07-22,3+1,37.54,90208,19613,0
2005-07-22,2+2,31.00,94253,22287,0
2005-07-22,3+0,21.87,142700,32519,0
2005-07-22,1+2,12.66,529733,133609,0
2005-07-22,2+1,11.02,1446120,349106,0
2005-07-29,5+2,115436126.00,1,0,0
2005-07-29,5+1,667248.25,9,1,0
2005-07-29,5+0,106511.75,16,4,0
2005-07-29,4+2,6339.98,192,51,0
2005-07-29,4+1,288.38,2814,621,0
2005-07-29,4+0,133.37,4259,998,0
2005-07-29,3+2,93.83,8648,1957,0
2005-07-29,3+1,30.63,135082,31807,0
2005-07-29,2+2,27.82,128348,29187,0
2005-07-29,3+0,19.90,191623,44209,0
2005-07-29,1+2,11.70,700001,167463,0
2005-07-29,2+1,9.26,2101652,540888,0
2005-08-05,5+2,15000000.00,0,0,1
2005-08-05,5+1,297880.43,8,2,0
2005-08-05,5+0,45084.60,15,3,0
2005-08-05,4+2,4128.62,117,31,0
2005-08-05,4+1,196.84,1636,544,0
2005-08-05,4+0,82.45,2734,889,0
2005-08-05,3+2,62.51,5151,1599,0
2005-08-05,3+1,25.28,64955,20542,0
2005-08-05,2+2,19.23,73673,22477,0
2005-08-05,3+0,13.64,110961,36167,0
2005-08-05,1+2,9.23,352278,104693,0
2005-08-05,2+1,8.81,876702,266730,0
2005-08-12,5+2,25184643.10,0,0,1
2005-08-12,5+1,805550.90,3,1,0
2005-08-12,5+0,68580.68,10,3,0
2005-08-12,4+2,5831.69,84,19,0
2005-08-12,4+1,260.42,1254,353,0
2005-08-12,4+0,118.07,1936,618,0
2005-08-12,3+2,86.34,3782,1048,0
2005-08-12,3+1,29.45,56539,16891,0
2005-08-12,2+2,26.25,54737,15290,0
2005-08-12,3+0,17.69,86735,28156,0
2005-08-12,1+2,10.99,300004,82176,0
2005-08-12,2+1,9.54,821235,237810,0
2005-08-19,5+2,35412949.70,0,0,1
2005-08-19,5+1,347334.21,7,0,0
2005-08-19,5+0,114995.78,6,2,0
2005-08-19,4+2,8960.71,55,16,0
2005-08-19,4+1,268.43,1224,346,0
2005-08-19,4+0,121.62,1891,456,0
2005-08-19,3+2,76.19,4312,1197,0
2005-08-19,3+1,26.86,62371,18168,0
2005-08-19,2+2,25.81,55997,16171,0
2005-08-19,3+0,16.57,93143,25782,0
2005-08-19,1+2,11.84,280043,78164,0
2005-08-19,2+1,9.68,813868,233181,0
2005-08-26,5+2,46170680.10,0,0,1
2005-08-26,5+1,869806.13,3,0,0
2005-08-26,5+0,92563.82,8,1,0
2005-08-26,4+2,8531.22,62,17,0
2005-08-26,4+1,370.40,952,268,0
2005-08-26,4+0,159.24,1550,395,0
2005-08-26,3+2,112.73,3128,814,0
2005-08-26,3+1,36.26,49596,14218,0
2005-08-26,2+2,29.76,52134,14487,0
2005-08-26,3+0,19.88,83359,25188,0
2005-08-26,1+2,12.02,296149,79701,0
2005-08-26,2+1,10.74,787911,229600,0
2005-09-02,5+2,57539078.40,0,0,1
2005-09-02,5+1,0.00,0,0,0
2005-09-02,5+0,401514.05,9,0,0
2005-09-02,4+2,6792.53,84,14,0
2005-09-02,4+1,328.76,1157,287,0
2005-09-02,4+0,152.93,1741,415,0
2005-09-02,3+2,102.06,3727,953,0
2005-09-02,3+1,33.48,57929,13582,0
2005-09-02,2+2,25.71,65076,17500,0
2005-09-02,3+0,19.87,89966,21698,0
2005-09-02,1+2,10.79,355757,99689,0
2005-09-02,2+1,9.60,950697,249974,0
2005-09-09,5+2,66468465.50,0,0,1
2005-09-09,5+1,375440.13,8,1,0
2005-09-09,5+0,85235.05,10,0,0
2005-09-09,4+2,5159.50,118,21,0
2005-09-09,4+1,237.63,1708,284,0
2005-09-09,4+0,105.07,2704,487,0
2005-09-09,3+2,96.77,4194,779,0
2005-09-09,3+1,27.33,75723,15673,0
2005-09-09,2+2,29.78,59950,12290,0
2005-09-09,3+0,16.34,116726,24752,0
2005-09-09,1+2,13.12,312411,66340,0
2005-09-09,2+1,9.06,1074223,239212,0
2005-09-16,5+2,75888514.00,1,0,0
2005-09-16,5+1,452651.64,7,1,0
2005-09-16,5+0,89918.63,10,3,0
2005-09-16,4+2,4587.68,140,38,0
2005-09-16,4+1,221.97,1929,450,0
2005-09-16,4+0,100.27,2989,738,0
2005-09-16,3+2,68.48,6252,1612,0
2005-09-16,3+1,23.92,91259,23043,0
2005-09-16,2+2,21.37,88129,22871,0
2005-09-16,3+0,14.84,135569,33181,0
2005-09-16,1+2,10.22,422847,104031,0
2005-09-16,2+1,8.11,1266599,317939,0
2005-09-23,5+2,15000000.00,0,0,1
2005-09-23,5+1,1150014.94,2,1,0
2005-09-23,5+0,217570.39,3,0,0
2005-09-23,4+2,10842.37,43,4,0
2005-09-23,4+1,394.93,787,162,0
2005-09-23,4+0,168.79,1289,285,0
2005-09-23,3+2,102.24,3040,647,0
2005-09-23,3+1,37.79,41936,9864,0
2005-09-23,2+2,27.87,49066,11498,0
2005-09-23,3+0,21.85,66844,16418,0
2005-09-23,1+2,11.03,284489,68543,0
2005-09-23,2+1,10.90,684024,169801,0
2005-09-30,5+2,6266595.00,4,0,0
2005-09-30,5+1,1188436.33,2,2,0
2005-09-30,5+0,134903.58,5,1,0
2005-09-30,4+2,6599.97,73,14,0
2005-09-30,4+1,311.54,1031,210,0
2005-09-30,4+0,151.30,1486,359,0
2005-09-30,3+2,96.51,3328,751,0
2005-09-30,3+1,32.28,50737,12935,0
2005-09-30,2+2,26.43,53458,12393,0
2005-09-30,3+0,19.53,77289,18916,0
2005-09-30,1+2,11.53,281360,69152,0
2005-09-30,2+1,10.36,743875,182899,0
2005-10-07,5+2,7500000.00,2,1,0
2005-10-07,5+1,560592.53,4,2,0
2005-10-07,5+0,79543.53,8,1,0
2005-10-07,4+2,4685.92,97,23,0
2005-10-07,4+1,252.51,1200,277,0
2005-10-07,4+0,114.40,1854,438,0
2005-10-07,3+2,71.77,4222,1123,0
2005-10-07,3+1,26.16,59069,15405,0
2005-10-07,2+2,20.81,64063,18284,0
2005-10-07,3+0,15.53,91671,24128,0
2005-10-07,1+2,10.14,301671,81787,0
2005-10-07,2+1,8.55,849847,229019,0
2005-10-14,5+2,15000000.00,1,0,0
2005-10-14,5+1,1099329.31,2,1,0
2005-10-14,5+0,38996.47,16,1,0
2005-10-14,4+2,4691.30,95,26,0
2005-10-14,4+1,185.69,1600,394,0
2005-10-14,4+0,77.25,2692,556,0
2005-10-14,3+2,65.96,4504,1128,0
2005-10-14,3+1,22.86,66266,17608,0
2005-10-14,2+2,21.50,60800,15933,0
2005-10-14,3+0,12.39,112618,31168,0
2005-10-14,1+2,10.64,281944,72808,0
2005-10-14,2+1,8.25,864074,232890,0
2005-10-21,5+2,15000000.00,0,0,1
2005-10-21,5+1,712536.92,3,1,0
2005-10-21,5+0,75827.40,8,0,0
2005-10-21,4+2,6279.70,69,16,0
2005-10-21,4+1,251.62,1148,291,0
2005-10-21,4+0,110.25,1834,496,0
2005-10-21,3+2,92.17,3134,732,0
2005-10-21,3+1,26.82,54918,15148,0
2005-10-21,2+2,28.39,44765,10785,0
2005-10-21,3+0,15.64,86783,23853,0
2005-10-21,1+2,13.06,223335,51983,0
2005-10-21,2+1,8.94,774843,207942,0
2005-10-28,5+2,24563824.00,0,0,1
2005-10-28,5+1,441566.34,5,1,0
2005-10-28,5+0,156636.71,4,0,0
2005-10-28,4+2,6780.81,66,16,0
2005-10-28,4+1,352.24,847,209,0
2005-10-28,4+0,173.75,1202,286,0
2005-10-28,3+2,86.37,3454,928,0
2005-10-28,3+1,35.59,42750,10304,0
2005-10-28,2+2,23.22,56512,15875,0
2005-10-28,3+0,23.54,59563,13685,0
2005-10-28,1+2,8.47,355384,109816,0
2005-10-28,2+1,10.63,673528,168922,0
2005-11-04,5+2,34611592.90,0,0,1
2005-11-04,5+1,592653.29,4,2,0
2005-11-04,5+0,112123.59,6,2,0
2005-11-04,4+2,8736.90,55,16,0
2005-11-04,4+1,403.46,794,180,0
2005-11-04,4+0,170.40,1316,222,0
2005-11-04,3+2,104.04,3079,663,0
2005-11-04,3+1,39.95,40888,8514,0
2005-11-04,2+2,26.42,53333,13826,0
2005-11-04,3+0,24.20,62207,12917,0
2005-11-04,1+2,10.09,320623,86947,0
2005-11-04,2+1,11.62,661186,151806,0
2005-11-11,5+2,45117030.00,1,0,0
2005-11-11,5+1,1262278.01,2,1,0
2005-11-11,5+0,102346.86,7,0,0
2005-11-11,4+2,6092.07,84,26,0
2005-11-11,4+1,357.23,955,185,0
2005-11-11,4+0,172.17,1387,273,0
2005-11-11,3+2,83.26,4097,1084,0
2005-11-11,3+1,36.43,47759,10456,0
2005-11-11,2+2,20.24,74135,23148,0
2005-11-11,3+0,23.34,68691,13404,0
2005-11-11,1+2,7.67,449135,147208,0
2005-11-11,2+1,10.06,813259,205834,0
2005-11-18,5+2,15000000.00,0,0,1
2005-11-18,5+1,546924.56,4,0,0
2005-11-18,5+0,124166.65,5,3,0
2005-11-18,4+2,8212.08,54,14,0
2005-11-18,4+1,280.75,1053,255,0
2005-11-18,4+0,140.68,1471,331,0
2005-11-18,3+2,112.45,2629,579,0
2005-11-18,3+1,29.92,50389,12626,0
2005-11-18,2+2,33.86,38407,8818,0
2005-11-18,3+0,19.58,70932,16935,0
2005-11-18,1+2,14.23,209712,50285,0
2005-11-18,2+1,9.31,761628,193320,0
2005-11-25,5+2,24557717.10,0,0,1
2005-11-25,5+1,735259.19,3,1,0
2005-11-25,5+0,52163.65,12,3,0
2005-11-25,4+2,3493.10,128,25,0
2005-11-25,4+1,272.21,1095,302,0
2005-11-25,4+0,113.03,1846,497,0
2005-11-25,3+2,59.03,5049,1364,0
2005-11-25,3+1,29.87,50879,14491,0
2005-11-25,2+2,20.08,65311,18173,0
2005-11-25,3+0,17.14,81703,23302,0
2005-11-25,1+2,10.90,276033,72570,0
2005-11-25,2+1,9.57,747406,206611,0
2005-12-02,5+2,34551861.10,0,0,1
2005-12-02,5+1,336082.24,7,1,0
2005-12-02,5+0,95374.69,7,3,0
2005-12-02,4+2,3784.71,126,32,0
2005-12-02,4+1,203.40,1563,443,0
2005-12-02,4+0,82.60,2694,834,0
2005-12-02,3+2,67.41,4716,1188,0
2005-12-02,3+1,24.20,66992,18668,0
2005-12-02,2+2,21.99,63597,15423,0
2005-12-02,3+0,13.62,109642,34065,0
2005-12-02,1+2,9.95,322685,77848,0
2005-12-02,2+1,8.69,877657,231804,0
2005-12-09,5+2,45082261.20,0,0,1
2005-12-09,5+1,422158.78,6,0,0
2005-12-09,5+0,119801.81,6,1,0
2005-12-09,4+2,7779.33,66,12,0
2005-12-09,4+1,293.05,1168,266,0
2005-12-09,4+0,137.23,1746,388,0
2005-12-09,3+2,88.08,3886,922,0
2005-12-09,3+1,30.72,56818,13925,0
2005-12-09,2+2,24.99,60244,15173,0
2005-12-09,3+0,19.27,83483,20290,0
2005-12-09,1+2,10.12,341441,89862,0
2005-12-09,2+1,9.53,861557,219652,0
2005-12-16,5+2,56331937.10,0,0,1
2005-12-16,5+1,346861.37,8,1,0
2005-12-16,5+0,71588.09,11,4,0
2005-12-16,4+2,5983.80,94,23,0
2005-12-16,4+1,257.19,1458,381,0
2005-12-16,4+0,108.24,2425,671,0
2005-12-16,3+2,101.59,3691,812,0
2005-12-16,3+1,26.88,71132,18507,0
2005-12-16,2+2,28.43,58029,12409,0
2005-12-16,3+0,15.72,112057,31000,0
2005-12-16,1+2,13.12,288657,62677,0
2005-12-16,2+1,8.74,1029407,260211,0
2005-12-23,5+2,66205359.80,0,0,1
2005-12-23,5+1,1107020.11,3,0,0
2005-12-23,5+0,117807.88,8,1,0
2005-12-23,4+2,7919.85,85,9,0
2005-12-23,4+1,321.25,1397,273,0
2005-12-23,4+0,150.89,2082,452,0
2005-12-23,3+2,107.57,4172,836,0
2005-12-23,3+1,35.95,63659,13210,0
2005-12-23,2+2,31.04,63603,13145,0
2005-12-23,3+0,19.65,107300,25295,0
2005-12-23,1+2,12.32,376715,77975,0
2005-12-23,2+1,11.02,977130,209928,0
2005-12-30,5+2,77307934.30,0,0,1
2005-12-30,5+1,466812.79,8,3,0
2005-12-30,5+0,105979.12,10,1,0
2005-12-30,4+2,9231.63,82,15,0
2005-12-30,4+1,304.01,1660,355,0
2005-12-30,4+0,128.74,2744,588,0
2005-12-30,3+2,107.03,4715,1018,0
2005-12-30,3+1,33.01,77955,16590,0
2005-12-30,2+2,29.47,75338,17352,0
2005-12-30,3+0,18.89,125541,28268,0
2005-12-30,1+2,12.64,403008,94862,0
2005-12-30,2+1,10.08,1201474,272892,0
2006-01-06,5+2,89502969.30,0,0,1
2006-01-06,5+1,195331.72,21,4,0
2006-01-06,5+0,38802.38,30,10,0
2006-01-06,4+2,4470.32,186,44,0
2006-01-06,4+1,152.32,3639,939,0
2006-01-06,4+0,72.29,5367,1253,0
2006-01-06,3+2,71.21,7784,1789,0
2006-01-06,3+1,20.47,138042,36754,0
2006-01-06,2+2,24.26,100522,22903,0
2006-01-06,3+0,13.28,196048,47003,0
2006-01-06,1+2,11.29,495725,111066,0
2006-01-06,2+1,7.70,1725779,447628,0
2006-01-13,5+2,107489014.50,0,0,1
2006-01-13,5+1,288088.17,21,5,0
2006-01-13,5+0,90360.51,19,2,0
2006-01-13,4+2,4492.01,273,52,0
2006-01-13,4+1,223.25,3662,745,0
2006-01-13,4+0,100.66,5685,1118,0
2006-01-13,3+2,70.07,11667,2196,0
2006-01-13,3+1,26.19,159178,31342,0
2006-01-13,2+2,22.12,162562,31770,0
2006-01-13,3+0,14.82,259194,48765,0
2006-01-13,1+2,10.02,824030,163719,0
2006-01-13,2+1,8.97,2186008,434036,0
2006-01-20,5+2,127461405.00,0,0,1
2006-01-20,5+1,373221.43,18,5,0
2006-01-20,5+0,82889.36,23,5,0
2006-01-20,4+2,5217.44,261,63,0
2006-01-20,4+1,249.06,3645,780,0
2006-01-20,4+0,114.72,5539,1240,0
2006-01-20,3+2,74.12,12248,2737,0
2006-01-20,3+1,29.43,157305,32384,0
2006-01-20,2+2,22.09,180780,41797,0
2006-01-20,3+0,17.48,244081,51066,0
2006-01-20,1+2,9.44,971110,223226,0
2006-01-20,2+1,9.35,2330229,488007,0
2006-01-27,5+2,152882222.80,0,0,1
2006-01-27,5+1,657741.44,13,2,0
2006-01-27,5+0,97061.30,25,1,0
2006-01-27,4+2,7282.51,238,47,0
2006-01-27,4+1,293.12,3942,804,0
2006-01-27,4+0,122.99,6576,1393,0
2006-01-27,3+2,92.49,12493,2757,0
2006-01-27,3+1,30.11,195695,40994,0
2006-01-27,2+2,27.07,187791,39502,0
2006-01-27,3+0,17.05,318416,72903,0
2006-01-27,1+2,11.57,1008632,205776,0
2006-01-27,2+1,9.51,2914433,607746,0
2006-02-03,5+2,61191026.00,3,1,0
2006-02-03,5+1,224419.28,46,17,0
2006-02-03,5+0,43725.09,67,20,0
2006-02-03,4+2,4799.44,436,133,0
2006-02-03,4+1,216.52,6443,1863,0
2006-02-03,4+0,105.21,9281,2710,0
2006-02-03,3+2,84.50,16508,3817,0
2006-02-03,3+1,27.23,261237,61985,0
2006-02-03,2+2,25.80,237895,50569,0
2006-02-03,3+0,17.20,381199,89146,0
2006-02-03,1+2,11.20,1258026,248382,0
2006-02-03,2+1,8.93,3747671,821235,0
2006-02-10,5+2,15000000.00,0,0,1
2006-02-10,5+1,350342.48,10,1,0
2006-02-10,5+0,165702.52,6,1,0
2006-02-10,4+2,9468.71,75,14,0
2006-02-10,4+1,369.58,1281,289,0
2006-02-10,4+0,165.61,2001,510,0
2006-02-10,3+2,113.26,4180,956,0
2006-02-10,3+1,32.66,73925,18433,0
2006-02-10,2+2,31.75,65605,14367,0
2006-02-10,3+0,20.34,109350,28709,0
2006-02-10,1+2,13.08,365503,81282,0
2006-02-10,2+1,10.00,1135640,274430,0
2006-02-17,5+2,27813382.00,1,1,0
2006-02-17,5+1,366762.75,9,2,0
2006-02-17,5+0,93673.19,10,2,0
2006-02-17,4+2,5227.29,128,42,0
2006-02-17,4+1,278.44,1602,376,0
2006-02-17,4+0,133.95,2331,497,0
2006-02-17,3+2,68.47,6514,1688,0
2006-02-17,3+1,28.27,80450,19532,0
2006-02-17,2+2,20.56,95427,24852,0
2006-02-17,3+0,18.37,114096,27208,0
2006-02-17,1+2,9.78,460514,122362,0
2006-02-17,2+1,9.12,1173783,291443,0
2006-02-24,5+2,15000000.00,0,0,1
2006-02-24,5+1,742185.57,4,1,0
2006-02-24,5+0,46804.49,18,3,0
2006-02-24,4+2,3647.10,165,33,0
2006-02-24,4+1,224.49,1787,430,0
2006-02-24,4+0,94.71,2965,674,0
2006-02-24,3+2,52.75,7605,1816,0
2006-02-24,3+1,26.51,77167,18298,0
2006-02-24,2+2,16.13,109371,26177,0
2006-02-24,3+0,15.71,119990,27931,0
2006-02-24,1+2,7.20,562765,139280,0
2006-02-24,2+1,8.94,1075859,254962,0
2006-03-03,5+2,26842719.80,0,0,1
2006-03-03,5+1,297436.93,10,3,0
2006-03-03,5+0,84407.78,10,1,0
2006-03-03,4+2,1348.79,447,106,0
2006-03-03,4+1,149.86,2682,684,0
2006-03-03,4+0,85.59,3287,850,0
2006-03-03,3+2,32.44,12387,3230,0
2006-03-03,3+1,20.87,98219,23389,0
2006-03-03,2+2,13.48,131129,38927,0
2006-03-03,3+0,15.71,120180,26678,0
2006-03-03,1+2,7.02,578030,183059,0
2006-03-03,2+1,7.52,1281199,324211,0
2006-03-10,5+2,39080313.40,0,0,1
2006-03-10,5+1,1035730.19,3,1,0
2006-03-10,5+0,55110.64,16,4,0
2006-03-10,4+2,5476.83,115,31,0
2006-03-10,4+1,242.57,1731,502,0
2006-03-10,4+0,100.69,2919,888,0
2006-03-10,3+2,85.83,4892,1243,0
2006-03-10,3+1,29.82,71795,18938,0
2006-03-10,2+2,26.44,69856,16432,0
2006-03-10,3+0,16.40,120296,33561,0
2006-03-10,1+2,11.12,381242,87106,0
2006-03-10,2+1,9.99,1008281,253634,0
2006-03-17,5+2,51865203.30,0,0,1
2006-03-17,5+1,822820.28,4,0,0
2006-03-17,5+0,133430.31,7,3,0
2006-03-17,4+2,7496.08,89,15,0
2006-03-17,4+1,356.95,1246,237,0
2006-03-17,4+0,163.68,1902,385,0
2006-03-17,3+2,104.13,4271,961,0
2006-03-17,3+1,34.41,65902,14835,0
2006-03-17,2+2,29.02,67413,14915,0
2006-03-17,3+0,20.63,101319,23314,0
2006-03-17,1+2,11.54,389072,89859,0
2006-03-17,2+1,10.34,1031433,240967,0
2006-03-24,5+2,65117841.90,0,0,1
2006-03-24,5+1,313510.43,11,0,0
2006-03-24,5+0,195732.19,5,2,0
2006-03-24,4+2,5974.73,117,22,0
2006-03-24,4+1,291.26,1600,349,0
2006-03-24,4+0,122.96,2653,637,0
2006-03-24,3+2,86.31,5399,1098,0
2006-03-24,3+1,31.24,76058,17360,0
2006-03-24,2+2,25.92,79089,16420,0
2006-03-24,3+0,17.55,124749,31632,0
2006-03-24,1+2,11.03,426425,89736,0
2006-03-24,2+1,10.00,1117509,252239,0
2006-03-31,5+2,75753123.00,1,0,0
2006-03-31,5+1,715464.32,5,0,0
2006-03-31,5+0,92289.62,11,2,0
2006-03-31,4+2,7399.31,98,12,0
2006-03-31,4+1,250.86,1927,429,0
2006-03-31,4+0,117.82,2872,521,0
2006-03-31,3+2,101.43,4766,888,0
2006-03-31,3+1,29.48,83615,18716,0
2006-03-31,2+2,30.12,70602,14691,0
2006-03-31,3+0,17.98,126307,28810,0
2006-03-31,1+2,12.77,382201,79285,0
2006-03-31,2+1,9.45,1227475,284012,0
2006-04-07,5+2,15000000.00,0,0,1
2006-04-07,5+1,915222.84,3,0,0
2006-04-07,5+0,55655.44,14,5,0
2006-04-07,4+2,6183.93,90,21,0
2006-04-07,4+1,244.42,1518,371,0
2006-04-07,4+0,115.02,2258,584,0
2006-04-07,3+2,84.94,4368,926,0
2006-04-07,3+1,26.16,72311,17253,0
2006-04-07,2+2,25.23,64685,14025,0
2006-04-07,3+0,16.63,104847,26280,0
2006-04-07,1+2,11.10,337524,74258,0
2006-04-07,2+1,8.17,1088975,263562,0
2006-04-14,5+2,25915863.00,1,0,0
2006-04-14,5+1,887536.11,3,2,0
2006-04-14,5+0,377802.53,2,1,0
2006-04-14,4+2,4776.26,113,38,0
2006-04-14,4+1,303.38,1186,338,0
2006-04-14,4+0,146.43,1720,443,0
2006-04-14,3+2,68.66,5240,1994,0
2006-04-14,3+1,32.36,56696,16938,0
2006-04-14,2+2,22.00,71956,22060,0
2006-04-14,3+0,19.62,86170,24625,0
2006-04-14,1+2,9.32,389658,109888,0
2006-04-14,2+1,10.52,820135,212792,0
2006-04-21,5+2,15000000.00,0,0,1
2006-04-21,5+1,502185.19,5,3,0
2006-04-21,5+0,101794.29,7,1,0
2006-04-21,4+2,5089.71,100,18,0
2006-04-21,4+1,343.78,987,192,0
2006-04-21,4+0,164.48,1444,295,0
2006-04-21,3+2,76.31,4446,1093,0
2006-04-21,3+1,34.98,49460,11213,0
2006-04-21,2+2,21.37,69853,16728,0
2006-04-21,3+0,20.28,78631,17617,0
2006-04-21,1+2,9.22,371642,91034,0
2006-04-21,2+1,10.62,766439,178999,0
2006-04-28,5+2,6452983.00,4,1,0
2006-04-28,5+1,131382.46,20,10,0
2006-04-28,5+0,31070.17,24,10,0
2006-04-28,4+2,1752.07,304,94,0
2006-04-28,4+1,120.40,2949,858,0
2006-04-28,4+0,72.59,3424,936,0
2006-04-28,3+2,37.20,9544,2401,0
2006-04-28,3+1,18.35,98689,27823,0
2006-04-28,2+2,14.46,107999,26646,0
2006-04-28,3+0,13.73,121502,32367,0
2006-04-28,1+2,7.60,471501,110180,0
2006-04-28,2+1,7.21,1181143,305752,0
2006-05-05,5+2,15000000.00,0,0,1
2006-05-05,5+1,615969.32,4,1,0
2006-05-05,5+0,174802.10,4,0,0
2006-05-05,4+2,4624.39,108,31,0
2006-05-05,4+1,230.10,1447,387,0
2006-05-05,4+0,101.68,2292,572,0
2006-05-05,3+2,80.28,4147,1004,0
2006-05-05,3+1,25.71,66046,17544,0
2006-05-05,2+2,24.79,59092,14537,0
2006-05-05,3+0,14.35,109050,28900,0
2006-05-05,1+2,10.94,307219,75021,0
2006-05-05,2+1,8.71,916458,233349,0
2006-05-12,5+2,12820188.00,2,1,0
2006-05-12,5+1,233631.29,11,7,0
2006-05-12,5+0,48620.56,15,5,0
2006-05-12,4+2,3276.31,159,61,0
2006-05-12,4+1,171.75,2022,697,0
2006-05-12,4+0,95.59,2543,755,0
2006-05-12,3+2,55.69,6236,2020,0
2006-05-12,3+1,22.81,77618,22871,0
2006-05-12,2+2,18.62,82046,24345,0
2006-05-12,3+0,16.60,98291,27043,0
2006-05-12,1+2,9.04,387938,109128,0
2006-05-12,2+1,7.97,1044778,288792,0
2006-05-19,5+2,15000000.00,1,0,0
2006-05-19,5+1,1248252.68,2,0,0
2006-05-19,5+0,236155.91,3,1,0
2006-05-19,4+2,6325.60,80,18,0
2006-05-19,4+1,259.11,1302,290,0
2006-05-19,4+0,141.58,1668,350,0
2006-05-19,3+2,68.51,4924,1150,0
2006-05-19,3+1,27.06,63577,14435,0
2006-05-19,2+2,19.41,76464,18536,0
2006-05-19,3+0,18.64,85053,19319,0
2006-05-19,1+2,8.50,400849,100527,0
2006-05-19,2+1,8.52,950305,222481,0
2006-05-26,5+2,7500000.00,2,2,0
2006-05-26,5+1,263416.64,9,3,0
2006-05-26,5+0,39575.31,17,9,0
2006-05-26,4+2,4004.64,120,35,0
2006-05-26,4+1,252.65,1268,314,0
2006-05-26,4+0,109.82,2042,552,0
2006-05-26,3+2,56.66,5654,1437,0
2006-05-26,3+1,30.61,53374,12572,0
2006-05-26,2+2,16.72,84289,20437,0
2006-05-26,3+0,18.03,83496,20451,0
2006-05-26,1+2,7.15,452315,108589,0
2006-05-26,2+1,9.55,804594,190512,0
2006-06-02,5+2,15000000.00,0,0,1
2006-06-02,5+1,394788.87,6,0,0
2006-06-02,5+0,112034.68,6,3,0
2006-06-02,4+2,5784.92,83,14,0
2006-06-02,4+1,313.82,1020,214,0
2006-06-02,4+0,132.50,1691,370,0
2006-06-02,3+2,81.88,3909,964,0
2006-06-02,3+1,31.50,51821,12304,0
2006-06-02,2+2,24.14,58332,14296,0
2006-06-02,3+0,16.90,88986,21152,0
2006-06-02,1+2,9.89,326780,82562,0
2006-06-02,2+1,9.82,781747,186256,0
2006-06-09,5+2,25187106.00,0,0,1
2006-06-09,5+1,268609.02,9,3,0
2006-06-09,5+0,85755.24,8,4,0
2006-06-09,4+2,4224.39,116,36,0
2006-06-09,4+1,230.38,1418,410,0
2006-06-09,4+0,96.48,2370,743,0
2006-06-09,3+2,59.98,5446,1607,0
2006-06-09,3+1,25.66,64911,18765,0
2006-06-09,2+2,19.80,72578,19322,0
2006-06-09,3+0,14.33,107098,31641,0
2006-06-09,1+2,9.06,363887,93464,0
2006-06-09,2+1,8.87,883155,242905,0
2006-06-16,5+2,35662151.00,0,0,1
2006-06-16,5+1,209527.78,12,1,0
2006-06-16,5+0,59460.58,12,1,0
2006-06-16,4+2,5046.16,101,29,0
2006-06-16,4+1,235.95,1440,384,0
2006-06-16,4+0,107.62,2210,652,0
2006-06-16,3+2,80.59,61545,1055,0
2006-06-16,3+1,28.15,61545,15869,0
2006-06-16,2+2,25.92,57670,13566,0
2006-06-16,3+0,17.13,93201,24125,0
2006-06-16,1+2,10.77,318596,74800,0
2006-06-16,2+1,9.74,836885,198148,0
2006-06-23,5+2,46811686.00,0,0,1
2006-06-23,5+1,391601.02,7,3,0
2006-06-23,5+0,97238.76,8,4,0
2006-06-23,4+2,4831.74,115,43,0
2006-06-23,4+1,237.76,1558,588,0
2006-06-23,4+0,101.88,2545,1010,0
2006-06-23,3+2,78.00,4749,1123,0
2006-06-23,3+1,30.69,61545,15790,0
2006-06-23,2+2,22.44,72633,17039,0
2006-06-23,3+0,18.48,94208,23439,0
2006-06-23,1+2,9.31,401754,95540,0
2006-06-23,2+1,10.23,868232,202005,0
2006-06-30,5+2,58765946.90,0,0,1
2006-06-30,5+1,1003962.56,3,1,0
2006-06-30,5+0,122103.55,7,2,0
2006-06-30,4+2,6293.99,97,20,0
2006-06-30,4+1,300.59,1354,387,0
2006-06-30,4+0,146.78,1941,463,0
2006-06-30,3+2,106.93,3806,825,0
2006-06-30,3+1,31.26,66396,16412,0
2006-06-30,2+2,32.08,55809,11952,0
2006-06-30,3+0,19.54,97889,22985,0
2006-06-30,1+2,13.67,300685,62536,0
2006-06-30,2+1,9.26,1054483,257097,0
2006-07-07,5+2,34204133.00,2,0,0
2006-07-07,5+1,249486.56,13,1,0
2006-07-07,5+0,102267.01,9,0,0
2006-07-07,4+2,3478.46,189,39,0
2006-07-07,4+1,206.93,2118,405,0
2006-07-07,4+0,116.30,2638,447,0
2006-07-07,3+2,57.06,7680,1593,0
2006-07-07,3+1,25.36,88116,17794,0
2006-07-07,2+2,16.90,114047,24395,0
2006-07-07,3+0,18.59,110796,21543,0
2006-07-07,1+2,7.66,577658,126233,0
2006-07-07,2+1,8.32,1263885,269114,0
2006-07-14,5+2,15000000.00,0,0,1
2006-07-14,5+1,0.00,0,0,0
2006-07-14,5+0,370709.49,8,5,0
2006-07-14,4+2,4729.94,99,17,0
2006-07-14,4+1,300.45,1039,233,0
2006-07-14,4+0,102.20,2138,494,0
2006-07-14,3+2,68.79,4538,986,0
2006-07-14,3+1,31.46,50606,11442,0
2006-07-14,2+2,20.69,66386,14729,0
2006-07-14,3+0,15.57,94232,22724,0
2006-07-14,1+2,8.87,355221,83666,0
2006-07-14,2+1,9.87,758390,175113,0
2006-07-21,5+2,25042525.00,1,0,0
2006-07-21,5+1,592212.25,4,3,0
2006-07-21,5+0,74693.43,9,2,0
2006-07-21,4+2,6488.81,74,27,0
2006-07-21,4+1,304.29,1052,265,0
2006-07-21,4+0,117.44,1908,497,0
2006-07-21,3+2,93.65,3418,860,0
2006-07-21,3+1,29.41,55502,14204,0
2006-07-21,2+2,28.51,49401,12495,0
2006-07-21,3+0,15.76,95427,25420,0
2006-07-21,1+2,12.23,264292,66394,0
2006-07-21,2+1,9.31,824782,215163,0
2006-07-28,5+2,15000000.00,0,0,1
2006-07-28,5+1,1135174.43,2,0,0
2006-07-28,5+0,49560.63,13,0,0
2006-07-28,4+2,5002.23,92,20,0
2006-07-28,4+1,193.81,1583,331,0
2006-07-28,4+0,96.39,2228,430,0
2006-07-28,3+2,83.62,3669,725,0
2006-07-28,3+1,24.00,65170,14517,0
2006-07-28,2+2,26.95,50072,10951,0
2006-07-28,3+0,14.78,97551,21475,0
2006-07-28,1+2,12.47,248311,54807,0
2006-07-28,2+1,8.21,896753,211928,0
2006-08-04,5+2,24977576.30,0,0,1
2006-08-04,5+1,586750.73,4,0,0
2006-08-04,5+0,222013.79,3,1,0
2006-08-04,4+2,4031.72,118,26,0
2006-08-04,4+1,282.92,1121,270,0
2006-08-04,4+0,139.63,1590,349,0
2006-08-04,3+2,59.77,5306,1278,0
2006-08-04,3+1,29.91,54067,13674,0
2006-08-04,2+2,16.63,83882,22776,0
2006-08-04,3+0,17.58,84763,22797,0
2006-08-04,1+2,7.02,455706,118551,0
2006-08-04,2+1,9.14,832244,220307,0
2006-08-11,5+2,35197613.70,0,0,1
2006-08-11,5+1,0.00,0,0,0
2006-08-11,5+0,445391.92,7,1,0
2006-08-11,4+2,6393.18,77,15,0
2006-08-11,4+1,365.86,897,210,0
2006-08-11,4+0,167.07,1375,333,0
2006-08-11,3+2,85.88,3821,991,0
2006-08-11,3+1,36.34,46056,10295,0
2006-08-11,2+2,21.97,65710,18037,0
2006-08-11,3+0,23.79,64830,13858,0
2006-08-11,1+2,8.42,393400,118262,0
2006-08-11,2+1,10.07,781822,188852,0
2006-08-18,5+2,45929070.60,0,0,1
2006-08-18,5+1,866860.32,3,0,0
2006-08-18,5+0,73800.27,10,1,0
2006-08-18,4+2,8785.74,60,7,0
2006-08-18,4+1,357.87,982,195,0
2006-08-18,4+0,154.52,1592,334,0
2006-08-18,3+2,105.31,3337,750,0
2006-08-18,3+1,33.04,54231,12752,0
2006-08-18,2+2,32.32,47840,10934,0
2006-08-18,3+0,20.11,82116,18708,0
2006-08-18,1+2,13.62,260450,59778,0
2006-08-18,2+1,9.76,863346,214165,0
2006-08-25,5+2,57414511.00,1,0,0
2006-08-25,5+1,475698.88,6,0,0
2006-08-25,5+0,101246.72,8,0,0
2006-08-25,4+2,7513.67,77,13,0
2006-08-25,4+1,303.46,1271,327,0
2006-08-25,4+0,147.53,1830,426,0
2006-08-25,3+2,98.64,3910,908,0
2006-08-25,3+1,33.54,58648,13787,0
2006-08-25,2+2,28.45,59632,13839,0
2006-08-25,3+0,20.43,88704,21093,0
2006-08-25,1+2,12.05,323239,73327,0
2006-08-25,2+1,10.36,893467,205603,0
2006-09-01,5+2,15000000.00,0,0,1
2006-09-01,5+1,337100.58,7,3,0
2006-09-01,5+0,55803.81,12,2,0
2006-09-01,4+2,5034.93,95,14,0
2006-09-01,4+1,236.55,1348,292,0
2006-09-01,4+0,96.46,2314,531,0
2006-09-01,3+2,85.90,3712,887,0
2006-09-01,3+1,25.43,63942,15378,0
2006-09-01,2+2,26.51,52920,12381,0
2006-09-01,3+0,14.46,103584,25455,0
2006-09-01,1+2,12.20,263868,61512,0
2006-09-01,2+1,8.70,878940,211524,0
2006-09-08,5+2,25256581.60,0,0,1
2006-09-08,5+1,406808.36,6,0,0
2006-09-08,5+0,230891.23,3,1,0
2006-09-08,4+2,6184.58,80,21,0
2006-09-08,4+1,246.15,1340,310,0
2006-09-08,4+0,117.14,1971,460,0
2006-09-08,3+2,85.29,3867,896,0
2006-09-08,3+1,26.27,64022,16197,0
2006-09-08,2+2,26.32,55137,12522,0
2006-09-08,3+0,16.12,96161,24297,0
2006-09-08,1+2,12.40,268461,59191,0
2006-09-08,2+1,8.40,941652,240085,0
2006-09-15,5+2,35980458.20,0,0,1
2006-09-15,5+1,649507.80,4,3,0
2006-09-15,5+0,67025.37,11,4,0
2006-09-15,4+2,5485.70,96,21,0
2006-09-15,4+1,218.60,1606,411,0
2006-09-15,4+0,95.81,2565,659,0
2006-09-15,3+2,85.02,4129,890,0
2006-09-15,3+1,25.37,70567,17053,0
2006-09-15,2+2,27.09,57017,11644,0
2006-09-15,3+0,14.54,113465,30908,0
2006-09-15,1+2,11.77,301136,61172,0
2006-09-15,2+1,9.12,922989,211727,0
2006-09-22,5+2,47213249.80,0,0,1
2006-09-22,5+1,553842.34,5,0,0
2006-09-22,5+0,261952.46,3,1,0
2006-09-22,4+2,6035.77,93,18,0
2006-09-22,4+1,297.23,1259,321,0
2006-09-22,4+0,137.07,1911,414,0
2006-09-22,3+2,97.93,3821,803,0
2006-09-22,3+1,33.65,56705,12350,0
2006-09-22,2+2,26.49,62140,13238,0
2006-09-22,3+0,20.06,87665,18853,0
2006-09-22,1+2,10.97,344443,74547,0
2006-09-22,2+1,10.10,889066,201220,0
2006-09-29,5+2,59132969.20,0,0,1
2006-09-29,5+1,250022.43,12,3,0
2006-09-29,5+0,29359.57,29,3,0
2006-09-29,4+2,3167.51,192,46,0
2006-09-29,4+1,164.81,2460,513,0
2006-09-29,4+0,68.86,4121,908,0
2006-09-29,3+2,56.42,7185,1730,0
2006-09-29,3+1,22.54,91706,20646,0
2006-09-29,2+2,19.52,91352,21597,0
2006-09-29,3+0,12.89,147796,34007,0
2006-09-29,1+2,8.88,461131,110412,0
2006-09-29,2+1,8.32,1168200,262473,0
2006-10-06,5+2,69208820.50,0,0,1
2006-10-06,5+1,199361.76,17,4,0
2006-10-06,5+0,36991.76,26,2,0
2006-10-06,4+2,6245.36,110,21,0
2006-10-06,4+1,167.51,2734,600,0
2006-10-06,4+0,77.49,4137,1048,0
2006-10-06,3+2,104.23,4394,770,0
2006-10-06,3+1,24.01,97246,21850,0
2006-10-06,2+2,32.54,61911,10864,0
2006-10-06,3+0,14.38,149691,36114,0
2006-10-06,1+2,14.02,329703,57783,0
2006-10-06,2+1,8.63,1272231,270423,0
2006-10-13,5+2,82724344.00,0,0,1
2006-10-13,5+1,649447.23,7,1,0
2006-10-13,5+0,215019.69,6,0,0
2006-10-13,4+2,7143.51,129,30,0
2006-10-13,4+1,344.16,1785,257,0
2006-10-13,4+0,172.36,2495,346,0
2006-10-13,3+2,80.93,7591,1570,0
2006-10-13,3+1,34.35,91196,16562,0
2006-10-13,2+2,20.86,129552,31768,0
2006-10-13,3+0,22.87,126213,21538,0
2006-10-13,1+2,8.05,770741,199724,0
2006-10-13,2+1,10.10,1459326,293361,0
2006-10-20,5+2,96837645.60,0,0,1
2006-10-20,5+1,1582400.48,3,1,0
2006-10-20,5+0,64151.37,21,2,0
2006-10-20,4+2,5976.83,161,39,0
2006-10-20,4+1,273.68,2344,514,0
2006-10-20,4+0,130.65,3437,710,0
2006-10-20,3+2,85.46,7506,1787,0
2006-10-20,3+1,30.55,107061,23783,0
2006-10-20,2+2,25.68,109914,25314,0
2006-10-20,3+0,18.83,160082,33501,0
2006-10-20,1+2,10.71,604479,143618,0
2006-10-20,2+1,9.59,1605189,354308,0
2006-10-27,5+2,113230829.70,0,0,1
2006-10-27,5+1,393862.21,14,3,0
2006-10-27,5+0,97800.24,16,4,0
2006-10-27,4+2,7451.44,150,25,0
2006-10-27,4+1,252.59,2950,605,0
2006-10-27,4+0,117.55,4437,969,0
2006-10-27,3+2,95.36,7814,1481,0
2006-10-27,3+1,27.31,139139,28350,0
2006-10-27,2+2,28.79,113863,21560,0
2006-10-27,3+0,16.55,211581,47716,0
2006-10-27,1+2,13.07,575492,105658,0
2006-10-27,2+1,8.59,2080966,444228,0
2006-11-03,5+2,131523149.00,0,0,1
2006-11-03,5+1,512739.25,12,1,0
2006-11-03,5+0,116405.66,15,0,0
2006-11-03,4+2,5470.19,228,46,0
2006-11-03,4+1,251.73,3303,580,0
2006-11-03,4+0,118.44,4914,845,0
2006-11-03,3+2,76.11,10924,2142,0
2006-11-03,3+1,27.13,156268,29681,0
2006-11-03,2+2,23.44,156019,32510,0
2006-11-03,3+0,17.15,227785,42572,0
2006-11-03,1+2,10.67,786547,160632,0
2006-11-03,2+1,8.91,2239412,445737,0
2006-11-10,5+2,153564445.90,0,0,1
2006-11-10,5+1,617824.23,12,2,0
2006-11-10,5+0,72549.72,29,3,0
2006-11-10,4+2,7589.97,198,40,0
2006-11-10,4+1,246.40,4066,690,0
2006-11-10,4+0,127.79,5488,884,0
2006-11-10,3+2,98.34,10187,1860,0
2006-11-10,3+1,27.16,188115,37577,0
2006-11-10,2+2,29.08,151575,29473,0
2006-11-10,3+0,18.35,256547,46454,0
2006-11-10,1+2,12.73,794476,152464,0
2006-11-10,2+1,8.54,2813491,601168,0
2006-11-17,5+2,183109057.00,0,0,0
2006-11-17,5+1,9652339.45,20,3,0
2006-11-17,5+0,97247.15,29,1,0
2006-11-17,4+2,3385.55,595,157,0
2006-11-17,4+1,212.69,6314,1440,0
2006-11-17,4+0,104.08,9032,1882,0
2006-11-17,3+2,59.18,22692,5405,0
2006-11-17,3+1,25.63,267137,52686,0
2006-11-17,2+2,20.40,289588,61480,0
2006-11-17,3+0,16.04,393277,73828,0
2006-11-17,1+2,9.48,1429929,278998,0
2006-11-17,2+1,9.15,3520602,626697,0
2006-11-24,5+2,7500000.00,2,1,0
2006-11-24,5+1,189530.12,18,7,0
2006-11-24,5+0,60508.77,16,3,0
2006-11-24,4+2,2930.20,236,70,0
2006-11-24,4+1,154.03,2993,928,0
2006-11-24,4+0,87.03,3708,1019,0
2006-11-24,3+2,58.39,7895,2152,0
2006-11-24,3+1,21.79,107868,27381,0
2006-11-24,2+2,18.85,107583,28092,0
2006-11-24,3+0,15.74,137629,33534,0
2006-11-24,1+2,9.23,504260,127440,0
2006-11-24,2+1,7.95,1391693,337937,0
2006-12-01,5+2,15000000.00,0,0,1
2006-12-01,5+1,641911.84,5,0,0
2006-12-01,5+0,101202.31,9,1,0
2006-12-01,4+2,4647.04,140,33,0
2006-12-01,4+1,267.40,1622,431,0
2006-12-01,4+0,139.65,2174,521,0
2006-12-01,3+2,66.14,6557,2037,0
2006-12-01,3+1,27.00,81907,20621,0
2006-12-01,2+2,19.78,96441,28533,0
2006-12-01,3+0,18.57,109723,25480,0
2006-12-01,1+2,8.42,519878,144898,0
2006-12-01,2+1,9.36,1111142,268199,0
2006-12-08,5+2,26982937.90,0,0,1
2006-12-08,5+1,1510766.83,2,0,0
2006-12-08,5+0,214365.56,4,1,0
2006-12-08,4+2,9422.66,65,12,0
2006-12-08,4+1,400.70,1019,188,0
2006-12-08,4+0,189.91,1505,259,0
2006-12-08,3+2,117.39,3478,757,0
2006-12-08,3+1,37.93,54888,11462,0
2006-12-08,2+2,34.45,52144,11122,0
2006-12-08,3+0,22.61,84860,17710,0
2006-12-08,1+2,14.03,293923,65673,0
2006-12-08,2+1,10.57,927011,211593,0
2006-12-15,5+2,39640846.40,0,0,1
2006-12-15,5+1,406071.15,8,1,0
2006-12-15,5+0,57618.20,16,4,0
2006-12-15,4+2,2913.68,226,57,0
2006-12-15,4+1,208.05,2110,460,0
2006-12-15,4+0,101.68,3022,695,0
2006-12-15,3+2,51.99,8443,1984,0
2006-12-15,3+1,27.44,81582,19020,0
2006-12-15,2+2,17.29,111666,26569,0
2006-12-15,3+0,16.99,121425,27615,0
2006-12-15,1+2,7.43,596172,141624,0
2006-12-15,2+1,9.82,1072415,249732,0
2006-12-22,5+2,53119775.70,0,0,1
2006-12-22,5+1,881182.69,4,1,0
2006-12-22,5+0,90932.85,11,0,0
2006-12-22,4+2,6615.48,108,18,0
2006-12-22,4+1,267.29,1782,418,0
2006-12-22,4+0,134.98,2470,547,0
2006-12-22,3+2,103.36,4608,1044,0
2006-12-22,3+1,27.48,88394,21997,0
2006-12-22,2+2,30.17,69456,16155,0
2006-12-22,3+0,18.53,120749,27791,0
2006-12-22,1+2,12.86,373842,88547,0
2006-12-22,2+1,8.76,1303624,322841,0
2006-12-29,5+2,66983487.20,0,0,1
2006-12-29,5+1,522022.50,7,3,0
2006-12-29,5+0,115221.18,9,1,0
2006-12-29,4+2,6071.37,122,28,0
2006-12-29,4+1,229.35,2153,538,0
2006-12-29,4+0,113.51,3045,772,0
2006-12-29,3+2,77.61,6362,1707,0
2006-12-29,3+1,23.76,105993,28842,0
2006-12-29,2+2,23.67,91765,23853,0
2006-12-29,3+0,15.60,148693,38076,0
2006-12-29,1+2,10.96,454975,113459,0
2006-12-29,2+1,7.94,1491516,398069,0
2007-01-05,5+2,39156078.00,2,0,0
2007-01-05,5+1,952637.90,4,1,0
2007-01-05,5+0,77240.91,14,2,0
2007-01-05,4+2,6835.47,113,18,0
2007-01-05,4+1,255.42,2016,387,0
2007-01-05,4+0,135.05,2669,472,0
2007-01-05,3+2,89.38,5761,1167,0
2007-01-05,3+1,28.63,91708,20259,0
2007-01-05,2+2,26.56,85296,19389,0
2007-01-05,3+0,19.95,121301,23942,0
2007-01-05,1+2,11.09,468646,111472,0
2007-01-05,2+1,8.99,1373639,324344,0
2007-01-12,5+2,15000000.00,1,1,0
2007-01-12,5+1,380580.07,8,0,0
2007-01-12,5+0,57601.30,15,2,0
2007-01-12,4+2,1953.02,316,81,0
2007-01-12,4+1,143.75,2862,749,0
2007-01-12,4+0,76.15,3782,940,0
2007-01-12,3+2,40.73,10101,2563,0
2007-01-12,3+1,20.66,101524,21870,0
2007-01-12,2+2,14.48,125003,34744,0
2007-01-12,3+0,14.76,130992,25800,0
2007-01-12,1+2,6.91,601008,180629,0
2007-01-12,2+1,7.57,1303014,299870,0
2007-01-19,5+2,15000000.00,1,1,0
2007-01-19,5+1,243352.13,12,2,0
2007-01-19,5+0,30693.06,27,9,0
2007-01-19,4+2,3868.87,153,39,0
2007-01-19,4+1,163.13,2419,581,0
2007-01-19,4+0,70.66,3909,1069,0
2007-01-19,3+2,64.14,6152,1608,0
2007-01-19,3+1,23.96,83963,20299,0
2007-01-19,2+2,21.17,82007,21204,0
2007-01-19,3+0,13.53,137036,34633,0
2007-01-19,1+2,9.82,405624,105672,0
2007-01-19,2+1,8.53,1109870,268807,0
2007-01-26,5+2,15000000.00,0,0,1
2007-01-26,5+1,405759.41,7,0,0
2007-01-26,5+0,67169.63,12,1,0
2007-01-26,4+2,3643.92,158,53,0
2007-01-26,4+1,174.54,2199,807,0
2007-01-26,4+0,75.62,3553,1270,0
2007-01-26,3+2,74.28,5167,1084,0
2007-01-26,3+1,26.25,74552,17609,0
2007-01-26,2+2,24.17,69862,14122,0
2007-01-26,3+0,14.08,128056,33689,0
2007-01-26,1+2,11.00,352140,72447,0
2007-01-26,2+1,9.13,1008823,229573,0
2007-02-02,5+2,27173863.00,1,1,0
2007-02-02,5+1,514292.27,6,1,0
2007-02-02,5+0,51510.99,17,6,0
2007-02-02,4+2,4702.93,133,38,0
2007-02-02,4+1,195.03,2138,663,0
2007-02-02,4+0,44.25,6596,2656,0
2007-02-02,3+2,83.75,4979,1256,0
2007-02-02,3+1,29.45,72210,18141,0
2007-02-02,2+2,25.25,72653,17419,0
2007-02-02,3+0,15.62,125446,32046,0
2007-02-02,1+2,10.64,395750,94749,0
2007-02-02,2+1,9.79,1021443,246907,0
2007-02-09,5+2,100000000.00,1,0,0
2007-02-09,5+1,355280.95,17,2,0
2007-02-09,5+0,51939.10,33,0,0
2007-02-09,4+2,5417.16,226,44,0
2007-02-09,4+1,288.20,2832,465,0
2007-02-09,4+0,133.70,4273,735,0
2007-02-09,3+2,74.59,10942,2094,0
2007-02-09,3+1,29.94,138995,28734,0
2007-02-09,2+2,22.56,159121,30498,0
2007-02-09,3+0,17.03,225145,47615,0
2007-02-09,1+2,9.44,872969,170666,0
2007-02-09,2+1,10.41,1880989,365122,0
2007-02-16,5+2,15000000.00,0,0,1
2007-02-16,5+1,427057.84,7,1,0
2007-02-16,5+0,169668.92,5,2,0
2007-02-16,4+2,6059.60,100,21,0
2007-02-16,4+1,266.12,1518,389,0
2007-02-16,4+0,129.41,2185,544,0
2007-02-16,3+2,94.74,4264,1011,0
2007-02-16,3+1,28.90,71288,16721,0
2007-02-16,2+2,27.77,64006,14522,0
2007-02-16,3+0,17.29,109769,26274,0
2007-02-16,1+2,12.39,329244,73974,0
2007-02-16,2+1,9.30,1041810,245549,0
2007-02-23,5+2,28224029.40,0,0,1
2007-02-23,5+1,203870.45,15,4,0
2007-02-23,5+0,66755.91,13,1,0
2007-02-23,4+2,2489.46,249,78,0
2007-02-23,4+1,165.43,2498,615,0
2007-02-23,4+0,104.28,2774,603,0
2007-02-23,3+2,41.47,9965,3251,0
2007-02-23,3+1,21.34,98747,25068,0
2007-02-23,2+2,14.79,122923,38209,0
2007-02-23,3+0,16.75,115943,26050,0
2007-02-23,1+2,7.36,566979,167622,0
2007-02-23,2+1,7.78,1274259,319003,0
2007-03-02,5+2,21100851.00,2,2,0
2007-03-02,5+1,293848.77,11,4,0
2007-03-02,5+0,61152.31,15,6,0
2007-03-02,4+2,4713.69,139,41,0
2007-03-02,4+1,234.33,1864,603,0
2007-03-02,4+0,121.81,2510,650,0
2007-03-02,3+2,66.76,6542,1890,0
2007-03-02,3+1,29.35,75895,19947,0
2007-03-02,2+2,20.71,92777,24931,0
2007-03-02,3+0,19.52,105150,25918,0
2007-03-02,1+2,8.98,490930,126065,0
2007-03-02,2+1,9.56,1096478,269751,0
2007-03-09,5+2,15000000.00,0,0,1
2007-03-09,5+1,728888.67,4,1,0
2007-03-09,5+0,137897.85,6,0,0
2007-03-09,4+2,10016.79,59,17,0
2007-03-09,4+1,412.55,955,169,0
2007-03-09,4+0,175.44,1572,239,0
2007-03-09,3+2,120.08,3281,569,0
2007-03-09,3+1,38.47,52228,9307,0
2007-03-09,2+2,30.93,56041,11043,0
2007-03-09,3+0,21.64,85533,16032,0
2007-03-09,1+2,12.70,313212,66138,0
2007-03-09,2+1,10.73,880878,176041,0
2007-03-16,5+2,27699320.30,0,0,1
2007-03-16,5+1,489452.97,6,1,0
2007-03-16,5+0,208348.22,4,0,0
2007-03-16,4+2,6400.86,93,12,0
2007-03-16,4+1,309.07,1284,261,0
2007-03-16,4+0,146.28,1899,382,0
2007-03-16,3+2,84.02,4723,886,0
2007-03-16,3+1,34.90,57990,11769,0
2007-03-16,2+2,25.27,69075,13922,0
2007-03-16,3+0,20.87,89372,19673,0
2007-03-16,1+2,11.06,362129,72058,0
2007-03-16,2+1,10.47,909586,195475,0
2007-03-23,5+2,41023864.00,1,0,0
2007-03-23,5+1,513550.10,6,1,0
2007-03-23,5+0,87442.31,10,0,0
2007-03-23,4+2,5837.27,107,32,0
2007-03-23,4+1,245.08,1699,396,0
2007-03-23,4+0,111.24,2620,619,0
2007-03-23,3+2,76.09,5472,1324,0
2007-03-23,3+1,26.05,81497,19897,0
2007-03-23,2+2,23.20,78967,19483,0
2007-03-23,3+0,16.70,117172,26090,0
2007-03-23,1+2,10.67,393933,93637,0
2007-03-23,2+1,8.72,1144775,270891,0
2007-03-30,5+2,15000000.00,0,0,1
2007-03-30,5+1,691860.24,4,3,0
2007-03-30,5+0,112193.55,7,2,0
2007-03-30,4+2,6303.00,89,16,0
2007-03-30,4+1,301.83,1239,268,0
2007-03-30,4+0,127.26,2057,472,0
2007-03-30,3+2,105.19,3555,745,0
2007-03-30,3+1,31.70,60164,14010,0
2007-03-30,2+2,31.52,52189,10365,0
2007-03-30,3+0,17.04,103128,25792,0
2007-03-30,1+2,13.42,281418,55937,0
2007-03-30,2+1,10.05,892553,203584,0
2007-04-06,5+2,26945909.00,1,0,0
2007-04-06,5+1,690622.81,4,0,0
2007-04-06,5+0,111992.88,7,1,0
2007-04-06,4+2,7088.15,79,20,0
2007-04-06,4+1,319.88,1167,245,0
2007-04-06,4+0,153.89,1698,326,0
2007-04-06,3+2,83.32,4480,1232,0
2007-04-06,3+1,30.82,61761,15372,0
2007-04-06,2+2,24.55,66901,18214,0
2007-04-06,3+0,19.52,89860,20452,0
2007-04-06,1+2,10.26,367332,98922,0
2007-04-06,2+1,9.60,932370,230550,0
2007-04-13,5+2,15000000.00,1,0,0
2007-04-13,5+1,463378.81,7,2,0
2007-04-13,5+0,102277.30,9,1,0
2007-04-13,4+2,4033.72,163,30,0
2007-04-13,4+1,288.37,1520,234,0
2007-04-13,4+0,138.83,2210,367,0
2007-04-13,3+2,56.62,7741,1499,0
2007-04-13,3+1,30.44,73439,13499,0
2007-04-13,2+2,15.95,120877,24007,0
2007-04-13,3+0,20.07,102623,18323,0
2007-04-13,1+2,6.92,639307,127995,0
2007-04-13,2+1,9.60,1095649,207120,0
2007-04-20,5+2,15000000.00,0,0,1
2007-04-20,5+1,1318922.57,2,1,0
2007-04-20,5+0,249525.89,3,0,0
2007-04-20,4+2,3221.07,166,65,0
2007-04-20,4+1,262.49,1358,398,0
2007-04-20,4+0,122.13,2043,617,0
2007-04-20,3+2,54.85,6498,2083,0
2007-04-20,3+1,31.30,58066,15647,0
2007-04-20,2+2,17.80,88082,23047,0
2007-04-20,3+0,18.92,88523,23711,0
2007-04-20,1+2,7.38,487785,118698,0
2007-04-20,2+1,10.35,826026,202787,0
2007-04-27,5+2,26851564.40,0,0,1
2007-04-27,5+1,130508.29,21,10,0
2007-04-27,5+0,18518.06,42,12,0
2007-04-27,4+2,5611.53,99,24,0
2007-04-27,4+1,158.54,2336,568,0
2007-04-27,4+0,71.85,3608,904,0
2007-04-27,3+2,99.45,3724,833,0
2007-04-27,3+1,24.14,78227,17705,0
2007-04-27,2+2,30.92,52694,11463,0
2007-04-27,3+0,14.63,118911,26733,0
2007-04-27,1+2,13.56,275854,61913,0
2007-04-27,2+1,8.88,1000480,232038,0
2007-05-04,5+2,39605256.00,0,0,1
2007-05-04,5+1,491548.52,6,1,0
2007-05-04,5+0,139493.50,6,1,0
2007-05-04,4+2,6163.18,97,25,0
2007-05-04,4+1,296.76,1343,328,0
2007-05-04,4+0,139.00,2007,448,0
2007-05-04,3+2,88.41,4508,1063,0
2007-05-04,3+1,31.89,63720,15660,0
2007-05-04,2+2,24.48,71629,18234,0
2007-05-04,3+0,20.61,90880,20883,0
2007-05-04,1+2,10.06,399788,98866,0
2007-05-04,2+1,9.65,990868,242951,0
2007-05-11,5+2,17782555.00,3,0,0
2007-05-11,5+1,529655.27,6,0,0
2007-05-11,5+0,69372.72,13,1,0
2007-05-11,4+2,3408.33,189,42,0
2007-05-11,4+1,227.10,1891,317,0
2007-05-11,4+0,95.16,3159,504,0
2007-05-11,3+2,59.13,7262,1496,0
2007-05-11,3+1,26.96,81233,15256,0
2007-05-11,2+2,19.25,98122,22907,0
2007-05-11,3+0,15.58,129523,23230,0
2007-05-11,1+2,8.63,502440,127116,0
2007-05-11,2+1,9.09,1132650,230725,0
2007-05-18,5+2,15000000.00,1,1,0
2007-05-18,5+1,1309909.81,2,0,0
2007-05-18,5+0,123910.38,6,1,0
2007-05-18,4+2,5966.79,89,27,0
2007-05-18,4+1,361.99,978,212,0
2007-05-18,4+0,166.65,1487,317,0
2007-05-18,3+2,75.16,4710,1275,0
2007-05-18,3+1,36.73,49157,10630,0
2007-05-18,2+2,21.65,71949,20563,0
2007-05-18,3+0,21.85,76138,15964,0
2007-05-18,1+2,9.52,375319,102712,0
2007-05-18,2+1,11.24,755372,172806,0
2007-05-25,5+2,15000000.00,1,1,0
2007-05-25,5+1,264448.14,10,4,0
2007-05-25,5+0,68223.72,11,2,0
2007-05-25,4+2,6306.39,85,13,0
2007-05-25,4+1,285.88,1250,256,0
2007-05-25,4+0,121.19,2064,455,0
2007-05-25,3+2,107.34,3329,666,0
2007-05-25,3+1,32.83,55510,11676,0
2007-05-25,2+2,32.84,47876,9582,0
2007-05-25,3+0,18.16,92448,23277,0
2007-05-25,1+2,14.24,253331,49528,0
2007-05-25,2+1,9.81,873481,189200,0
2007-06-01,5+2,15000000.00,1,0,0
2007-06-01,5+1,442987.61,6,2,0
2007-06-01,5+0,125712.70,6,1,0
2007-06-01,4+2,8689.81,62,19,0
2007-06-01,4+1,315.06,1140,253,0
2007-06-01,4+0,148.86,1689,357,0
2007-06-01,3+2,100.75,3565,821,0
2007-06-01,3+1,34.69,52804,11640,0
2007-06-01,2+2,29.23,54051,12059,0
2007-06-01,3+0,20.84,80990,18175,0
2007-06-01,1+2,11.97,302973,68515,0
2007-06-01,2+1,10.56,816270,185037,0
2007-06-08,5+2,15000000.00,0,0,1
2007-06-08,5+1,1298404.07,2,0,0
2007-06-08,5+0,52638.00,14,2,0
2007-06-08,4+2,4460.84,118,24,0
2007-06-08,4+1,248.70,1411,356,0
2007-06-08,4+0,97.82,2511,661,0
2007-06-08,3+2,65.05,5394,1344,0
2007-06-08,3+1,27.44,65211,16598,0
2007-06-08,2+2,20.56,75077,18095,0
2007-06-08,3+0,14.10,116928,30041,0
2007-06-08,1+2,9.01,393104,89593,0
2007-06-08,2+1,9.58,878952,211437,0
2007-06-15,5+2,26938896.00,1,0,0
2007-06-15,5+1,212374.59,13,7,0
2007-06-15,5+0,48968.12,16,7,0
2007-06-15,4+2,3058.11,183,40,0
2007-06-15,4+1,152.78,2442,765,0
2007-06-15,4+0,64.29,4062,1142,0
2007-06-15,3+2,61.88,6029,1414,0
2007-06-15,3+1,20.51,92736,24595,0
2007-06-15,2+2,22.26,73726,16838,0
2007-06-15,3+0,12.15,144295,36380,0
2007-06-15,1+2,10.41,361962,79121,0
2007-06-15,2+1,8.13,1100213,271464,0
2007-06-22,5+2,15000000.00,0,0,1
2007-06-22,5+1,322741.83,8,2,0
2007-06-22,5+0,91588.89,8,4,0
2007-06-22,4+2,4289.87,122,37,0
2007-06-22,4+1,209.80,1663,439,0
2007-06-22,4+0,115.42,2116,450,0
2007-06-22,3+2,68.40,5101,1434,0
2007-06-22,3+1,22.62,78658,21337,0
2007-06-22,2+2,22.97,66835,17770,0
2007-06-22,3+0,16.93,96825,21620,0
2007-06-22,1+2,10.83,325139,80261,0
2007-06-22,2+1,7.59,1102275,300422,0
2007-06-29,5+2,26816657.60,0,0,1
2007-06-29,5+1,210200.15,13,4,0
2007-06-29,5+0,43081.56,18,6,0
2007-06-29,4+2,6673.56,83,22,0
2007-06-29,4+1,201.67,1831,482,0
2007-06-29,4+0,93.89,2753,674,0
2007-06-29,3+2,80.59,4582,1154,0
2007-06-29,3+1,24.72,76184,19309,0
2007-06-29,2+2,24.59,66071,16235,0
2007-06-29,3+0,15.14,114610,27935,0
2007-06-29,1+2,10.87,342852,83419,0
2007-06-29,2+1,8.59,1031552,252154,0
2007-07-06,5+2,39898280.00,0,0,1
2007-07-06,5+1,275011.38,11,3,0
2007-07-06,5+0,57232.09,15,7,0
2007-07-06,4+2,8400.01,73,9,0
2007-07-06,4+1,333.71,1225,201,0
2007-07-06,4+0,148.34,1929,361,0
2007-07-06,3+2,118.87,3439,567,0
2007-07-06,3+1,32.74,63676,11274,0
2007-07-06,2+2,34.05,52820,9326,0
2007-07-06,3+0,18.52,103702,19904,0
2007-07-06,1+2,14.72,280367,50666,0
2007-07-06,2+1,9.79,1001577,195467,0
2007-07-13,5+2,56945074.00,1,0,0
2007-07-13,5+1,394207.10,10,2,0
2007-07-13,5+0,101699.62,11,1,0
2007-07-13,4+2,5473.07,146,25,0
2007-07-13,4+1,257.97,2065,289,0
2007-07-13,4+0,118.75,3140,420,0
2007-07-13,3+2,72.62,7335,1402,0
2007-07-13,3+1,26.72,101651,17564,0
2007-07-13,2+2,21.38,109592,23389,0
2007-07-13,3+0,16.76,149305,23880,0
2007-07-13,1+2,9.66,556679,122461,0
2007-07-13,2+1,8.49,1505032,280732,0
2007-07-20,5+2,15000000.00,0,0,1
2007-07-20,5+1,376917.12,7,2,0
2007-07-20,5+0,93592.59,8,4,0
2007-07-20,4+2,6443.55,83,20,0
2007-07-20,4+1,250.91,1421,354,0
2007-07-20,4+0,110.72,2254,579,0
2007-07-20,3+2,79.99,4457,960,0
2007-07-20,3+1,28.10,64692,16101,0
2007-07-20,2+2,24.22,64761,14366,0
2007-07-20,3+0,15.11,110887,30840,0
2007-07-20,1+2,10.65,338057,71676,0
2007-07-20,2+1,9.16,933914,228483,0
2007-07-27,5+2,26731340.40,0,0,1
2007-07-27,5+1,387553.21,7,2,0
2007-07-27,5+0,384934.60,2,0,0
2007-07-27,4+2,8086.86,68,13,0
2007-07-27,4+1,289.34,1267,318,0
2007-07-27,4+0,117.07,2192,563,0
2007-07-27,3+2,106.32,3448,776,0
2007-07-27,3+1,28.00,66754,16724,0
2007-07-27,2+2,32.05,50318,10479,0
2007-07-27,3+0,16.33,105467,29550,0
2007-07-27,1+2,13.56,272877,58010,0
2007-07-27,2+1,9.12,963867,229863,0
2007-08-03,5+2,39185011.80,0,0,1
2007-08-03,5+1,575982.30,5,0,0
2007-08-03,5+0,102159.02,8,3,0
2007-08-03,4+2,7888.72,74,8,0
2007-08-03,4+1,306.19,1271,285,0
2007-08-03,4+0,135.19,2015,521,0
2007-08-03,3+2,110.65,3517,718,0
2007-08-03,3+1,34.10,58203,13409,0
2007-08-03,2+2,31.78,53869,10845,0
2007-08-03,3+0,19.36,94463,23375,0
2007-08-03,1+2,13.27,296196,58453,0
2007-08-03,2+1,10.55,884759,196732,0
2007-08-10,5+2,52630236.00,1,0,0
2007-08-10,5+1,444172.57,7,2,0
2007-08-10,5+0,80212.98,11,1,0
2007-08-10,4+2,7878.06,80,16,0
2007-08-10,4+1,353.97,1187,225,0
2007-08-10,4+0,171.09,1719,296,0
2007-08-10,3+2,91.35,4599,910,0
2007-08-10,3+1,37.33,57396,10511,0
2007-08-10,2+2,24.84,74424,16956,0
2007-08-10,3+0,22.39,88175,15782,0
2007-08-10,1+2,9.30,455878,114185,0
2007-08-10,2+1,11.05,911840,184232,0
2007-08-17,5+2,15000000.00,0,0,1
2007-08-17,5+1,846632.24,3,0,0
2007-08-17,5+0,120130.25,6,3,0
2007-08-17,4+2,10507.01,49,5,0
2007-08-17,4+1,293.10,1171,240,0
2007-08-17,4+0,138.63,1733,351,0
2007-08-17,3+2,111.94,3066,613,0
2007-08-17,3+1,29.08,60177,12500,0
2007-08-17,2+2,32.18,46929,9341,0
2007-08-17,3+0,17.75,90873,20556,0
2007-08-17,1+2,13.72,252665,52990,0
2007-08-17,2+1,8.87,928073,207048,0
2007-08-24,5+2,26677817.60,0,0,1
2007-08-24,5+1,900165.10,3,1,0
2007-08-24,5+0,109479.54,7,1,0
2007-08-24,4+2,8170.11,67,16,0
2007-08-24,4+1,329.06,1109,243,0
2007-08-24,4+0,173.07,1476,295,0
2007-08-24,3+2,112.45,3245,795,0
2007-08-24,3+1,30.39,61241,14580,0
2007-08-24,2+2,29.98,53559,12773,0
2007-08-24,3+0,21.29,80547,17169,0
2007-08-24,1+2,12.76,288850,68644,0
2007-08-24,2+1,8.87,987324,240528,0
2007-08-31,5+2,39496528.00,1,0,0
2007-08-31,5+1,494054.43,6,1,0
2007-08-31,5+0,210306.95,4,0,0
2007-08-31,4+2,5615.67,107,14,0
2007-08-31,4+1,247.12,1621,245,0
2007-08-31,4+0,139.29,2013,333,0
2007-08-31,3+2,79.43,5043,1052,0
2007-08-31,3+1,25.56,79910,16947,0
2007-08-31,2+2,23.83,73941,15908,0
2007-08-31,3+0,19.01,98999,18242,0
2007-08-31,1+2,10.48,385723,88016,0
2007-08-31,2+1,8.19,1172639,262112,0
2007-09-07,5+2,15000000.00,1,1,0
2007-09-07,5+1,448821.85,6,4,0
2007-09-07,5+0,127368.36,6,1,0
2007-09-07,4+2,6133.30,89,27,0
2007-09-07,4+1,330.52,1101,252,0
2007-09-07,4+0,177.51,1435,254,0
2007-09-07,3+2,72.14,5044,1295,0
2007-09-07,3+1,31.87,58225,12683,0
2007-09-07,2+2,17.20,93042,26912,0
2007-09-07,3+0,22.14,77233,15659,0
2007-09-07,1+2,7.08,518824,151959,0
2007-09-07,2+1,8.84,987232,232073,0
2007-09-14,5+2,15000000.00,0,0,1
2007-09-14,5+1,526366.17,5,1,0
2007-09-14,5+0,82985.65,9,2,0
2007-09-14,4+2,4200.62,127,18,0
2007-09-14,4+1,167.99,2117,450,0
2007-09-14,4+0,78.88,3156,840,0
2007-09-14,3+2,63.50,5600,1188,0
2007-09-14,3+1,20.44,88707,19596,0
2007-09-14,2+2,21.74,71965,14352,0
2007-09-14,3+0,12.81,130442,34333,0
2007-09-14,1+2,10.97,327388,63173,0
2007-09-14,2+1,7.71,1105810,243337,0
2007-09-21,5+2,27247062.00,1,0,0
2007-09-21,5+1,404590.43,7,1,0
2007-09-21,5+0,100464.17,8,0,0
2007-09-21,4+2,8085.64,71,14,0
2007-09-21,4+1,345.41,1108,230,0
2007-09-21,4+0,157.77,1698,411,0
2007-09-21,3+2,107.89,3547,720,0
2007-09-21,3+1,34.88,55954,11974,0
2007-09-21,2+2,30.06,56011,11094,0
2007-09-21,3+0,20.61,87243,19418,0
2007-09-21,1+2,12.49,309270,61989,0
2007-09-21,2+1,10.41,881555,193091,0
2007-09-28,5+2,130000000.00,0,0,0
2007-09-28,5+1,9839058.76,14,0,0
2007-09-28,5+0,129318.98,17,0,0
2007-09-28,4+2,6435.66,244,29,0
2007-09-28,4+1,307.63,3403,449,0
2007-09-28,4+0,160.56,4564,506,0
2007-09-28,3+2,89.10,11749,1460,0
2007-09-28,3+1,30.03,177745,26332,0
2007-09-28,2+2,26.09,176487,24342,0
2007-09-28,3+0,20.77,236790,30519,0
2007-09-28,1+2,11.25,939144,123802,0
2007-09-28,2+1,9.10,2758214,421608,0
2007-10-05,5+2,3000000.00,5,1,0
2007-10-05,5+1,210776.61,14,2,0
2007-10-05,5+0,33496.39,25,13,0
2007-10-05,4+2,2861.96,209,73,0
2007-10-05,4+1,175.12,2277,734,0
2007-10-05,4+0,92.79,3008,880,0
2007-10-05,3+2,53.21,7493,2323,0
2007-10-05,3+1,24.79,82009,21641,0
2007-10-05,2+2,17.62,99561,27853,0
2007-10-05,3+0,17.87,104841,23737,0
2007-10-05,1+2,7.88,510527,132124,0
2007-10-05,2+1,8.44,1133366,261709,0
2007-10-12,5+2,7500000.00,2,0,0
2007-10-12,5+1,708593.32,4,0,0
2007-10-12,5+0,114907.02,7,0,0
2007-10-12,4+2,5984.74,96,23,0
2007-10-12,4+1,266.91,1435,333,0
2007-10-12,4+0,131.23,2043,450,0
2007-10-12,3+2,94.48,4054,917,0
2007-10-12,3+1,29.51,66182,15316,0
2007-10-12,2+2,30.16,55876,12403,0
2007-10-12,3+0,20.13,89393,20280,0
2007-10-12,1+2,12.40,311867,67573,0
2007-10-12,2+1,10.20,900545,206934,0
2007-10-19,5+2,15000000.00,0,0,1
2007-10-19,5+1,395784.61,7,0,0
2007-10-19,5+0,98277.59,8,0,0
2007-10-19,4+2,7692.96,73,12,0
2007-10-19,4+1,314.87,1189,213,0
2007-10-19,4+0,152.72,1716,313,0
2007-10-19,3+2,109.95,3405,641,0
2007-10-19,3+1,31.72,60177,11648,0
2007-10-19,2+2,30.81,53450,10642,0
2007-10-19,3+0,20.52,85717,17523,0
2007-10-19,1+2,12.98,291271,57856,0
2007-10-19,2+1,9.41,953909,199736,0
2007-10-26,5+2,27610681.90,0,0,1
2007-10-26,5+1,972073.39,3,0,0
2007-10-26,5+0,103447.00,8,0,0
2007-10-26,4+2,8693.02,68,4,0
2007-10-26,4+1,339.43,1161,186,0
2007-10-26,4+0,139.25,1981,348,0
2007-10-26,3+2,110.14,3578,622,0
2007-10-26,3+1,35.04,57352,10939,0
2007-10-26,2+2,31.69,54713,9849,0
2007-10-26,3+0,19.17,96581,19441,0
2007-10-26,1+2,13.24,300570,55757,0
2007-10-26,2+1,10.44,905570,185370,0
2007-11-02,5+2,41136124.00,1,0,0
2007-11-02,5+1,446822.61,7,1,0
2007-11-02,5+0,55475.44,16,3,0
2007-11-02,4+2,5660.75,112,19,0
2007-11-02,4+1,264.16,1600,346,0
2007-11-02,4+0,120.02,2465,543,0
2007-11-02,3+2,93.92,4500,882,0
2007-11-02,3+1,27.83,77430,17534,0
2007-11-02,2+2,28.71,64755,13834,0
2007-11-02,3+0,17.05,116512,25194,0
2007-11-02,1+2,12.73,335178,69409,0
2007-11-02,2+1,9.00,1126509,247641,0
2007-11-09,5+2,7500000.00,2,0,0
2007-11-09,5+1,228706.64,12,6,0
2007-11-09,5+0,59910.68,13,2,0
2007-11-09,4+2,4597.63,121,20,0
2007-11-09,4+1,175.60,2112,543,0
2007-11-09,4+0,103.80,2501,534,0
2007-11-09,3+2,70.76,5241,1206,0
2007-11-09,3+1,21.82,86667,20896,0
2007-11-09,2+2,22.28,73232,16474,0
2007-11-09,3+0,17.02,102408,21299,0
2007-11-09,1+2,10.32,362900,82772,0
2007-11-09,2+1,7.68,1157831,270008,0
2007-11-16,5+2,15000000.00,0,0,1
2007-11-16,5+1,248016.42,11,3,0
2007-11-16,5+0,86023.71,9,3,0
2007-11-16,4+2,4982.06,111,25,0
2007-11-16,4+1,229.13,1609,384,0
2007-11-16,4+0,84.75,3045,813,0
2007-11-16,3+2,85.22,4326,886,0
2007-11-16,3+1,27.66,67954,15320,0
2007-11-16,2+2,27.03,60007,12012,0
2007-11-16,3+0,13.83,125220,30706,0
2007-11-16,1+2,12.40,300124,58394,0
2007-11-16,2+1,9.44,937198,202079,0
2007-11-23,5+2,27375964.00,1,0,0
2007-11-23,5+1,476990.27,6,0,0
2007-11-23,5+0,135362.10,6,1,0
2007-11-23,4+2,6106.56,95,16,0
2007-11-23,4+1,252.94,1529,300,0
2007-11-23,4+0,115.44,2345,485,0
2007-11-23,3+2,85.18,4540,907,0
2007-11-23,3+1,27.68,71236,15058,0
2007-11-23,2+2,25.26,67356,13753,0
2007-11-23,3+0,16.55,109817,23140,0
2007-11-23,1+2,10.83,360541,75362,0
2007-11-23,2+1,9.09,1020563,219188,0
2007-11-30,5+2,15000000.00,0,0,1
2007-11-30,5+1,1365675.29,2,1,0
2007-11-30,5+0,110730.42,7,2,0
2007-11-30,4+2,6437.81,86,10,0
2007-11-30,4+1,233.60,1580,297,0
2007-11-30,4+0,110.98,2328,461,0
2007-11-30,3+2,89.00,4147,669,0
2007-11-30,3+1,28.12,66927,13012,0
2007-11-30,2+2,26.71,60797,10591,0
2007-11-30,3+0,16.31,106361,21965,0
2007-11-30,1+2,11.86,314251,56616,0
2007-11-30,2+1,9.09,973475,186220,0
2007-12-07,5+2,27552424.00,1,0,0
2007-12-07,5+1,2902747.90,1,0,0
2007-12-07,5+0,274584.26,3,0,0
2007-12-07,4+2,7951.28,74,12,0
2007-12-07,4+1,364.89,1075,177,0
2007-12-07,4+0,173.02,1587,256,0
2007-12-07,3+2,115.37,3400,574,0
2007-12-07,3+1,38.30,52227,8642,0
2007-12-07,2+2,31.88,54134,9411,0
2007-12-07,3+0,22.16,83161,14320,0
2007-12-07,1+2,12.53,316073,59443,0
2007-12-07,2+1,10.98,856799,157879,0
2007-12-14,5+2,15000000.00,0,0,1
2007-12-14,5+1,909402.28,3,0,0
2007-12-14,5+0,387110.43,2,0,0
2007-12-14,4+2,7900.21,70,8,0
2007-12-14,4+1,265.80,1387,245,0
2007-12-14,4+0,134.34,1921,337,0
2007-12-14,3+2,96.26,3830,707,0
2007-12-14,3+1,31.01,60622,11801,0
2007-12-14,2+2,28.30,57303,11452,0
2007-12-14,3+0,19.91,86994,16518,0
2007-12-14,1+2,11.57,321797,68638,0
2007-12-14,2+1,9.62,919642,190480,0
2007-12-21,5+2,27716872.00,1,0,0
2007-12-21,5+1,490129.44,6,1,0
2007-12-21,5+0,59610.33,14,1,0
2007-12-21,4+2,6082.68,98,17,0
2007-12-21,4+1,208.50,1906,322,0
2007-12-21,4+0,100.49,2768,389,0
2007-12-21,3+2,91.10,4362,825,0
2007-12-21,3+1,25.66,78972,15220,0
2007-12-21,2+2,27.63,63284,12120,0
2007-12-21,3+0,17.03,109657,21324,0
2007-12-21,1+2,12.41,323266,63923,0
2007-12-21,2+1,8.38,1137935,241156,0
2007-12-28,5+2,15000000.00,0,0,1
2007-12-28,5+1,895837.78,3,0,0
2007-12-28,5+0,152534.54,5,0,0
2007-12-28,4+2,6809.57,80,9,0
2007-12-28,4+1,350.55,1036,175,0
2007-12-28,4+0,158.39,1605,351,0
2007-12-28,3+2,99.66,3644,722,0
2007-12-28,3+1,33.22,55743,11933,0
2007-12-28,2+2,28.19,56680,11434,0
2007-12-28,3+0,19.53,87362,20981,0
2007-12-28,1+2,11.42,321021,64641,0
2007-12-28,2+1,9.97,873452,189293,0
2008-01-04,5+2,26917709.40,0,0,1
2008-01-04,5+1,918656.76,3,1,0
2008-01-04,5+0,156419.93,5,0,0
2008-01-04,4+2,3800.29,147,40,0
2008-01-04,4+1,216.78,1718,335,0
2008-01-04,4+0,119.75,2177,415,0
2008-01-04,3+2,49.86,7468,2045,0
2008-01-04,3+1,24.08,78873,17045,0
2008-01-04,2+2,15.46,105988,29620,0
2008-01-04,3+0,17.27,101337,19951,0
2008-01-04,1+2,7.16,524785,150320,0
2008-01-04,2+1,8.09,1104406,246495,0
2008-01-11,5+2,40754254.40,0,0,1
2008-01-11,5+1,799925.25,4,2,0
2008-01-11,5+0,129717.60,7,1,0
2008-01-11,4+2,5896.25,110,14,0
2008-01-11,4+1,276.99,1561,244,0
2008-01-11,4+0,130.68,2316,376,0
2008-01-11,3+2,84.09,5142,869,0
2008-01-11,3+1,31.45,70098,12636,0
2008-01-11,2+2,24.93,76299,13833,0
2008-01-11,3+0,19.48,104300,19660,0
2008-01-11,1+2,10.68,408732,75943,0
2008-01-11,2+1,10.09,1027726,193292,0
2008-01-18,5+2,57437747.80,0,0,1
2008-01-18,5+1,350732.53,11,4,0
2008-01-18,5+0,91237.85,12,3,0
2008-01-18,4+2,6982.48,112,22,0
2008-01-18,4+1,309.22,1686,288,0
2008-01-18,4+0,139.02,2625,432,0
2008-01-18,3+2,86.13,6053,1167,0
2008-01-18,3+1,31.76,83707,16744,0
2008-01-18,2+2,24.63,93108,17039,0
2008-01-18,3+0,18.61,131654,27680,0
2008-01-18,1+2,10.89,483400,86613,0
2008-01-18,2+1,9.99,1251631,240333,0
2008-01-25,5+2,76611580.00,1,0,0
2008-01-25,5+1,341072.96,13,2,0
2008-01-25,5+0,39321.33,32,2,0
2008-01-25,4+2,5952.14,151,20,0
2008-01-25,4+1,194.03,3088,551,0
2008-01-25,4+0,74.55,5626,1029,0
2008-01-25,3+2,94.43,6345,1040,0
2008-01-25,3+1,25.36,120457,20565,0
2008-01-25,2+2,29.34,89838,14731,0
2008-01-25,3+0,13.84,203458,38378,0
2008-01-25,1+2,13.11,461419,74752,0
2008-01-25,2+1,8.93,1608573,279739,0
2008-02-01,5+2,15000000.00,0,0,1
2008-02-01,5+1,309432.19,10,2,0
2008-02-01,5+0,175623.68,5,1,0
2008-02-01,4+2,6466.26,97,18,0
2008-02-01,4+1,371.36,1126,172,0
2008-02-01,4+0,169.58,1726,304,0
2008-02-01,3+2,101.64,4114,678,0
2008-02-01,3+1,37.29,57175,9840,0
2008-02-01,2+2,27.84,66082,11255,0
2008-02-01,3+0,21.79,90181,16731,0
2008-02-01,1+2,11.30,373520,65564,0
2008-02-01,2+1,11.08,905485,167197,0
2008-02-08,5+2,130000000.00,0,0,0
2008-02-08,5+1,8662871.23,16,1,0
2008-02-08,5+0,76319.56,32,3,0
2008-02-08,4+2,6297.64,277,31,0
2008-02-08,4+1,265.51,4380,424,0
2008-02-08,4+0,116.32,6998,777,0
2008-02-08,3+2,89.63,12974,1430,0
2008-02-08,3+1,29.89,198400,22676,0
2008-02-08,2+2,27.53,185805,20996,0
2008-02-08,3+0,17.07,320163,40144,0
2008-02-08,1+2,12.00,978612,114899,0
2008-02-08,2+1,9.61,2903388,348354,0
2008-02-15,5+2,15000000.00,0,0,1
2008-02-15,5+1,631360.25,5,1,0
2008-02-15,5+0,149308.16,6,0,0
2008-02-15,4+2,6335.56,101,17,0
2008-02-15,4+1,308.01,1385,256,0
2008-02-15,4+0,139.93,2134,391,0
2008-02-15,3+2,89.02,4792,830,0
2008-02-15,3+1,31.90,68192,12710,0
2008-02-15,2+2,25.21,74454,13969,0
2008-02-15,3+0,19.29,103888,21246,0
2008-02-15,1+2,10.63,405013,75303,0
2008-02-15,2+1,9.63,1063019,209261,0
2008-02-22,5+2,28912566.00,1,0,0
2008-02-22,5+1,536213.45,6,1,0
2008-02-22,5+0,114126.51,8,2,0
2008-02-22,4+2,9451.47,69,8,0
2008-02-22,4+1,301.29,1443,285,0
2008-02-22,4+0,147.88,2058,404,0
2008-02-22,3+2,113.66,3825,699,0
2008-02-22,3+1,33.77,65641,13748,0
2008-02-22,2+2,33.57,56984,10922,0
2008-02-22,3+0,20.28,100730,22711,0
2008-02-22,1+2,14.44,304084,56751,0
2008-02-22,2+1,10.40,1002938,205972,0
2008-02-29,5+2,15000000.00,1,0,0
2008-02-29,5+1,3027516.34,1,0,0
2008-02-29,5+0,171832.00,5,3,0
2008-02-29,4+2,7219.83,85,16,0
2008-02-29,4+1,331.54,1234,208,0
2008-02-29,4+0,166.60,1719,260,0
2008-02-29,3+2,113.83,3594,543,0
2008-02-29,3+1,36.12,57754,9560,0
2008-02-29,2+2,31.79,56611,9127,0
2008-02-29,3+0,21.94,87641,14951,0
2008-02-29,1+2,12.50,330516,57111,0
2008-02-29,2+1,10.84,905143,166481,0
2008-03-07,5+2,15000000.00,0,0,1
2008-03-07,5+1,483841.47,6,0,0
2008-03-07,5+0,68653.18,12,0,0
2008-03-07,4+2,4492.02,131,20,0
2008-03-07,4+1,223.66,1754,387,0
2008-03-07,4+0,89.24,3077,590,0
2008-03-07,3+2,72.08,5442,1163,0
2008-03-07,3+1,25.60,78150,16295,0
2008-03-07,2+2,23.36,73873,14872,0
2008-03-07,3+0,12.98,141979,29055,0
2008-03-07,1+2,10.87,364378,75484,0
2008-03-07,2+1,9.05,1039423,217060,0
2008-03-14,5+2,28239959.00,1,0,0
2008-03-14,5+1,510290.07,6,1,0
2008-03-14,5+0,78988.39,11,2,0
2008-03-14,4+2,5854.93,106,17,0
2008-03-14,4+1,256.03,1616,271,0
2008-03-14,4+0,109.78,2638,479,0
2008-03-14,3+2,74.50,5553,1044,0
2008-03-14,3+1,29.59,71296,13443,0
2008-03-14,2+2,23.48,77532,14469,0
2008-03-14,3+0,16.25,119597,24284,0
2008-03-14,1+2,10.31,405167,75788,0
2008-03-14,2+1,9.59,1034546,201067,0
2008-03-21,5+2,15000000.00,1,0,0
2008-03-21,5+1,295037.90,9,3,0
2008-03-21,5+0,75354.27,10,0,0
2008-03-21,4+2,3872.26,139,37,0
2008-03-21,4+1,200.46,1790,463,0
2008-03-21,4+0,89.77,2798,662,0
2008-03-21,3+2,61.21,5862,1273,0
2008-03-21,3+1,25.99,70395,15887,0
2008-03-21,2+2,20.44,77238,16385,0
2008-03-21,3+0,14.42,116947,26729,0
2008-03-21,1+2,9.52,380510,78581,0
2008-03-21,2+1,9.18,937962,202797,0
2008-03-28,5+2,15000000.00,0,0,1
2008-03-28,5+1,253782.07,11,6,0
2008-03-28,5+0,52814.10,15,4,0
2008-03-28,4+2,2760.31,205,75,0
2008-03-28,4+1,145.09,2600,884,0
2008-03-28,4+0,69.25,3813,1137,0
2008-03-28,3+2,58.61,6436,1816,0
2008-03-28,3+1,20.84,92283,24082,0
2008-03-28,2+2,21.23,78169,19303,0
2008-03-28,3+0,12.74,139136,33338,0
2008-03-28,1+2,10.01,380497,88444,0
2008-03-28,2+1,8.15,1109571,251176,0
2008-04-04,5+2,28004693.40,0,0,1
2008-04-04,5+1,334148.37,9,2,0
2008-04-04,5+0,106679.12,8,3,0
2008-04-04,4+2,8237.77,74,14,0
2008-04-04,4+1,300.81,1351,226,0
2008-04-04,4+0,124.60,2283,418,0
2008-04-04,3+2,88.38,4598,819,0
2008-04-04,3+1,32.28,64196,11713,0
2008-04-04,2+2,25.02,71461,13527,0
2008-04-04,3+0,17.30,110370,20506,0
2008-04-04,1+2,10.75,381736,74234,0
2008-04-04,2+1,9.84,991122,186716,0
2008-04-11,5+2,42346691.50,0,0,1
2008-04-11,5+1,276382.25,12,3,0
2008-04-11,5+0,85563.05,11,1,0
2008-04-11,4+2,4025.63,167,34,0
2008-04-11,4+1,215.06,2084,474,0
2008-04-11,4+0,110.62,2836,626,0
2008-04-11,3+2,64.21,6980,1270,0
2008-04-11,3+1,28.18,81097,16292,0
2008-04-11,2+2,19.64,100386,19076,0
2008-04-11,3+0,19.03,110658,22000,0
2008-04-11,1+2,8.32,543483,103109,0
2008-04-11,2+1,9.17,1172899,232013,0
2008-04-18,5+2,58367681.00,1,0,0
2008-04-18,5+1,231553.35,16,5,0
2008-04-18,5+0,65711.08,16,3,0
2008-04-18,4+2,3773.78,199,32,0
2008-04-18,4+1,184.53,2713,634,0
2008-04-18,4+0,92.71,3780,897,0
2008-04-18,3+2,59.23,8452,1801,0
2008-04-18,3+1,22.06,115744,26247,0
2008-04-18,2+2,19.65,112061,21949,0
2008-04-18,3+0,13.92,169029,35874,0
2008-04-18,1+2,9.29,543780,101817,0
2008-04-18,2+1,7.81,1536553,320887,0
2008-04-25,5+2,15000000.00,0,0,1
2008-04-25,5+1,396094.85,7,1,0
2008-04-25,5+0,131139.51,6,1,0
2008-04-25,4+2,5252.58,107,13,0
2008-04-25,4+1,212.16,1766,245,0
2008-04-25,4+0,103.01,2546,365,0
2008-04-25,3+2,74.15,5053,850,0
2008-04-25,3+1,26.23,72836,13057,0
2008-04-25,2+2,22.87,72057,13001,0
2008-04-25,3+0,15.88,110891,18898,0
2008-04-25,1+2,10.12,373668,72046,0
2008-04-25,2+1,8.75,1026597,200405,0
2008-05-02,5+2,27290982.70,0,0,1
2008-05-02,5+1,947429.91,3,0,0
2008-05-02,5+0,89621.74,9,1,0
2008-05-02,4+2,6401.55,90,9,0
2008-05-02,4+1,385.63,996,161,0
2008-05-02,4+0,160.99,1670,249,0
2008-05-02,3+2,96.53,3979,700,0
2008-05-02,3+1,37.90,51678,9442,0
2008-05-02,2+2,26.38,64059,12398,0
2008-05-02,3+0,22.28,80991,15198,0
2008-05-02,1+2,10.50,369328,74714,0
2008-05-02,2+1,11.26,818435,159152,0
2008-05-09,5+2,40624868.40,0,0,1
2008-05-09,5+1,440494.44,7,1,0
2008-05-09,5+0,145839.37,6,2,0
2008-05-09,4+2,8928.94,70,7,0
2008-05-09,4+1,371.04,1123,212,0
2008-05-09,4+0,163.31,1786,345,0
2008-05-09,3+2,110.67,3765,645,0
2008-05-09,3+1,34.62,61366,12459,0
2008-05-09,2+2,30.14,60817,11562,0
2008-05-09,3+0,21.19,92395,19220,0
2008-05-09,1+2,12.49,336750,63383,0
2008-05-09,2+1,9.53,1049034,221723,0
2008-05-16,5+2,55609411.00,1,0,0
2008-05-16,5+1,385019.49,9,1,0
2008-05-16,5+0,65557.37,15,1,0
2008-05-16,4+2,4981.56,141,28,0
2008-05-16,4+1,201.92,2319,444,0
2008-05-16,4+0,90.85,3608,762,0
2008-05-16,3+2,70.76,6617,1183,0
2008-05-16,3+1,25.26,94527,18382,0
2008-05-16,2+2,22.87,90084,15948,0
2008-05-16,3+0,14.69,149789,32077,0
2008-05-16,1+2,10.47,451609,75245,0
2008-05-16,2+1,8.87,1266755,240648,0
2008-05-23,5+2,3750000.00,4,1,0
2008-05-23,5+1,109875.31,25,15,0
2008-05-23,5+0,22272.02,35,25,0
2008-05-23,4+2,4186.47,133,28,0
2008-05-23,4+1,175.75,2112,482,0
2008-05-23,4+0,78.17,3324,769,0
2008-05-23,3+2,72.91,5091,945,0
2008-05-23,3+1,22.34,84738,17503,0
2008-05-23,2+2,24.21,67443,12817,0
2008-05-23,3+0,12.87,135511,30715,0
2008-05-23,1+2,11.42,328100,61511,0
2008-05-23,2+1,8.10,1099679,225794,0
2008-05-30,5+2,15000000.00,1,0,0
2008-05-30,5+1,388510.06,7,2,0
2008-05-30,5+0,70160.90,11,1,0
2008-05-30,4+2,4922.00,112,28,0
2008-05-30,4+1,250.00,1470,223,0
2008-05-30,4+0,96.85,2656,431,0
2008-05-30,3+2,62.87,5845,1031,0
2008-05-30,3+1,26.71,70159,12758,0
2008-05-30,2+2,19.21,84139,15935,0
2008-05-30,3+0,14.81,116568,20999,0
2008-05-30,1+2,8.63,429678,87348,0
2008-05-30,2+1,8.95,984523,192509,0
2008-06-06,5+2,15000000.00,0,0,1
2008-06-06,5+1,452166.54,6,2,0
2008-06-06,5+0,59223.47,13,4,0
2008-06-06,4+2,5444.87,101,16,0
2008-06-06,4+1,219.53,1670,351,0
2008-06-06,4+0,98.74,2599,549,0
2008-06-06,3+2,81.83,4480,900,0
2008-06-06,3+1,25.16,74309,16171,0
2008-06-06,2+2,25.74,62653,11431,0
2008-06-06,3+0,14.82,116201,25561,0
2008-06-06,1+2,11.74,315394,56684,0
2008-06-06,2+1,8.47,1038427,222102,0
2008-06-13,5+2,29947068.10,0,0,1
2008-06-13,5+1,384056.61,9,0,0
2008-06-13,5+0,163483.55,6,0,0
2008-06-13,4+2,5267.99,133,18,0
2008-06-13,4+1,327.32,1427,176,0
2008-06-13,4+0,145.12,2253,282,0
2008-06-13,3+2,79.77,5855,838,0
2008-06-13,3+1,34.06,69937,10129,0
2008-06-13,2+2,22.46,91492,14480,0
2008-06-13,3+0,19.36,113384,16481,0
2008-06-13,1+2,9.55,493612,77290,0
2008-06-13,2+1,10.42,1075499,168303,0
2008-06-20,5+2,43334863.30,0,0,1
2008-06-20,5+1,1547963.82,2,0,0
2008-06-20,5+0,146429.01,6,1,0
2008-06-20,4+2,4298.30,146,25,0
2008-06-20,4+1,292.56,1430,270,0
2008-06-20,4+0,138.46,2115,386,0
2008-06-20,3+2,65.61,6376,1447,0
2008-06-20,3+1,30.88,69082,12823,0
2008-06-20,2+2,18.39,100046,23055,0
2008-06-20,3+0,20.59,95482,16147,0
2008-06-20,1+2,7.51,562495,134969,0
2008-06-20,2+1,9.36,1072242,198933,0
2008-06-27,5+2,58278337.00,1,0,0
2008-06-27,5+1,1151892.73,3,0,0
2008-06-27,5+0,98066.54,10,1,0
2008-06-27,4+2,4350.77,161,29,0
2008-06-27,4+1,252.97,1846,313,0
2008-06-27,4+0,134.85,2424,438,0
2008-06-27,3+2,63.44,7360,1296,0
2008-06-27,3+1,28.09,84773,15130,0
2008-06-27,2+2,18.95,108401,19797,0
2008-06-27,3+0,19.64,111721,19582,0
2008-06-27,1+2,8.21,574398,105815,0
2008-06-27,2+1,8.91,1257393,235175,0
2008-07-04,5+2,15000000.00,1,0,0
2008-07-04,5+1,339048.10,8,1,0
2008-07-04,5+0,256576.94,3,0,0
2008-07-04,4+2,2630.65,209,24,0
2008-07-04,4+1,169.38,2164,326,0
2008-07-04,4+0,94.88,2704,410,0
2008-07-04,3+2,41.28,8878,1558,0
2008-07-04,3+1,20.80,89867,15648,0
2008-07-04,2+2,14.16,113846,22514,0
2008-07-04,3+0,15.50,111137,19195,0
2008-07-04,1+2,7.44,497551,102713,0
2008-07-04,2+1,7.41,1186135,237397,0
2008-07-11,5+2,15000000.00,1,0,0
2008-07-11,5+1,178447.51,15,4,0
2008-07-11,5+0,63300.63,12,1,0
2008-07-11,4+2,4801.56,113,21,0
2008-07-11,4+1,174.91,2068,470,0
2008-07-11,4+0,83.67,3026,576,0
2008-07-11,3+2,67.83,5332,1040,0
2008-07-11,3+1,19.88,92778,19805,0
2008-07-11,2+2,23.10,68874,13891,0
2008-07-11,3+0,13.06,130105,26881,0
2008-07-11,1+2,11.20,325974,65422,0
2008-07-11,2+1,7.40,1173068,247294,0
2008-07-18,5+2,15000000.00,1,0,0
2008-07-18,5+1,671085.68,4,2,0
2008-07-18,5+0,95221.61,8,1,0
2008-07-18,4+2,6045.81,90,19,0
2008-07-18,4+1,227.42,1595,327,0
2008-07-18,4+0,116.26,2184,359,0
2008-07-18,3+2,83.75,4331,934,0
2008-07-18,3+1,25.33,73021,16280,0
2008-07-18,2+2,24.76,64451,13897,0
2008-07-18,3+0,17.70,96294,18258,0
2008-07-18,1+2,11.06,331070,69786,0
2008-07-18,2+1,8.35,1042331,235404,0
2008-07-25,5+2,15000000.00,0,0,1
2008-07-25,5+1,238463.54,11,2,0
2008-07-25,5+0,46524.56,16,2,0
2008-07-25,4+2,2937.62,181,32,0
2008-07-25,4+1,150.64,2353,480,0
2008-07-25,4+0,76.70,3235,683,0
2008-07-25,3+2,47.97,7389,1342,0
2008-07-25,3+1,19.57,92362,18574,0
2008-07-25,2+2,17.18,90737,16449,0
2008-07-25,3+0,13.54,123005,25573,0
2008-07-25,1+2,8.87,403243,76220,0
2008-07-25,2+1,7.37,1154205,233016,0
2008-08-01,5+2,27010081.20,0,0,1
2008-08-01,5+1,231444.27,12,4,0
2008-08-01,5+0,34267.89,23,8,0
2008-08-01,4+2,3855.97,146,33,0
2008-08-01,4+1,171.29,2191,692,0
2008-08-01,4+0,87.63,2998,851,0
2008-08-01,3+2,72.00,5212,1316,0
2008-08-01,3+1,24.91,76832,20136,0
2008-08-01,2+2,24.30,67957,14635,0
2008-08-01,3+0,15.89,110944,28075,0
2008-08-01,1+2,11.24,337095,66137,0
2008-08-01,2+1,9.00,1000460,234413,0
2008-08-08,5+2,40358794.50,0,0,1
2008-08-08,5+1,280626.35,11,0,0
2008-08-08,5+0,97334.36,9,2,0
2008-08-08,4+2,6257.20,100,20,0
2008-08-08,4+1,264.85,1575,238,0
2008-08-08,4+0,137.47,2124,384,0
2008-08-08,3+2,75.92,5494,992,0
2008-08-08,3+1,26.02,81757,16009,0
2008-08-08,2+2,22.58,81274,14531,0
2008-08-08,3+0,16.47,119035,25701,0
2008-08-08,1+2,9.93,423863,75764,0
2008-08-08,2+1,8.86,1129770,220388,0
2008-08-15,5+2,54127606.00,0,0,1
2008-08-15,5+1,530672.94,6,1,0
2008-08-15,5+0,150596.37,6,2,0
2008-08-15,4+2,6205.89,104,13,0
2008-08-15,4+1,227.17,1894,339,0
2008-08-15,4+0,115.35,2611,402,0
2008-08-15,3+2,75.31,5713,981,0
2008-08-15,3+1,25.76,85184,15182,0
2008-08-15,2+2,23.78,79612,15314,0
2008-08-15,3+0,17.39,116247,18915,0
2008-08-15,1+2,10.72,405036,79466,0
2008-08-15,2+1,8.23,1253449,251866,0
2008-08-22,5+2,70754952.90,0,0,1
2008-08-22,5+1,480634.24,8,2,0
2008-08-22,5+0,83936.12,13,4,0
2008-08-22,4+2,2865.46,272,60,0
2008-08-22,4+1,193.01,2692,654,0
2008-08-22,4+0,109.32,3327,672,0
2008-08-22,3+2,43.57,11924,2753,0
2008-08-22,3+1,22.22,119257,26489,0
2008-08-22,2+2,14.86,153822,32921,0
2008-08-22,3+0,16.69,146241,29573,0
2008-08-22,1+2,7.62,688590,133806,0
2008-08-22,2+1,7.89,1580340,326361,0
2008-08-29,5+2,91223350.70,0,0,1
2008-08-29,5+1,473331.69,10,0,0
2008-08-29,5+0,70696.76,19,3,0
2008-08-29,4+2,6756.73,142,18,0
2008-08-29,4+1,329.37,1942,247,0
2008-08-29,4+0,150.45,2976,369,0
2008-08-29,3+2,84.93,7531,1203,0
2008-08-29,3+1,32.66,99864,15313,0
2008-08-29,2+2,22.90,122891,21889,0
2008-08-29,3+0,21.12,142325,20734,0
2008-08-29,1+2,9.14,706502,134702,0
2008-08-29,2+1,9.73,1576572,266206,0
2008-09-05,5+2,59674853.00,2,1,0
2008-09-05,5+1,500324.58,13,0,0
2008-09-05,5+0,108576.00,17,2,0
2008-09-05,4+2,5965.71,221,29,0
2008-09-05,4+1,259.58,3386,462,0
2008-09-05,4+0,120.42,5109,660,0
2008-09-05,3+2,74.11,11860,1666,0
2008-09-05,3+1,26.55,168776,25598,0
2008-09-05,2+2,22.16,174471,24936,0
2008-09-05,3+0,16.02,257757,37485,0
2008-09-05,1+2,9.95,891660,128658,0
2008-09-05,2+1,8.46,2491357,388699,0
2008-09-12,5+2,15000000.00,1,0,0
2008-09-12,5+1,346165.63,9,6,0
2008-09-12,5+0,80375.06,11,4,0
2008-09-12,4+2,3650.39,173,42,0
2008-09-12,4+1,229.81,1832,475,0
2008-09-12,4+0,108.18,2724,679,0
2008-09-12,3+2,49.10,8574,1977,0
2008-09-12,3+1,26.25,81774,17772,0
2008-09-12,2+2,15.75,117590,25233,0
2008-09-12,3+0,16.19,122180,27379,0
2008-09-12,1+2,7.22,588908,121772,0
2008-09-12,2+1,9.05,1115806,230581,0
2008-09-19,5+2,15000000.00,0,0,1
2008-09-19,5+1,340865.62,9,1,0
2008-09-19,5+0,108823.65,8,2,0
2008-09-19,4+2,5922.37,105,9,0
2008-09-19,4+1,270.78,1531,243,0
2008-09-19,4+0,115.34,2516,380,0
2008-09-19,3+2,91.11,4550,765,0
2008-09-19,3+1,30.03,70404,11467,0
2008-09-19,2+2,27.49,66336,11889,0
2008-09-19,3+0,16.94,115009,19628,0
2008-09-19,1+2,11.80,354741,68306,0
2008-09-19,2+1,9.63,1032730,190409,0
2008-09-26,5+2,130000000.00,0,0,0
2008-09-26,5+1,9184504.59,15,3,0
2008-09-26,5+0,81641.11,27,1,0
2008-09-26,4+2,6506.22,242,23,0
2008-09-26,4+1,277.17,3787,487,0
2008-09-26,4+0,121.97,6024,884,0
2008-09-26,3+2,100.60,10434,1187,0
2008-09-26,3+1,30.12,177732,22878,0
2008-09-26,2+2,30.24,152715,18218,0
2008-09-26,3+0,17.87,276033,36538,0
2008-09-26,1+2,12.68,835884,103489,0
2008-09-26,2+1,9.75,2582229,344834,0
2008-10-03,5+2,15000000.00,0,0,1
2008-10-03,5+1,457530.93,7,2,0
2008-10-03,5+0,56804.93,16,3,0
2008-10-03,4+2,5501.68,118,20,0
2008-10-03,4+1,168.86,2563,530,0
2008-10-03,4+0,93.33,3246,608,0
2008-10-03,3+2,81.52,5309,1011,0
2008-10-03,3+1,21.86,100938,20371,0
2008-10-03,2+2,26.84,70938,13498,0
2008-10-03,3+0,15.27,133180,23845,0
2008-10-03,1+2,12.50,349535,68752,0
2008-10-03,2+1,7.69,1350285,279904,0
2008-10-10,5+2,29068081.00,1,1,0
2008-10-10,5+1,1084414.52,3,0,0
2008-10-10,5+0,83928.88,11,6,0
2008-10-10,4+2,5151.88,128,33,0
2008-10-10,4+1,251.79,1746,378,0
2008-10-10,4+0,101.46,3033,774,0
2008-10-10,3+2,83.31,5277,1115,0
2008-10-10,3+1,30.33,73910,15958,0
2008-10-10,2+2,26.18,73884,15597,0
2008-10-10,3+0,16.13,128031,28078,0
2008-10-10,1+2,11.28,393343,81559,0
2008-10-10,2+1,9.95,1059644,223942,0
2008-10-17,5+2,15000000.00,0,0,1
2008-10-17,5+1,593705.71,5,1,0
2008-10-17,5+0,140403.37,6,1,0
2008-10-17,4+2,4457.25,135,25,0
2008-10-17,4+1,209.15,1918,492,0
2008-10-17,4+0,120.36,2333,444,0
2008-10-17,3+2,63.79,6288,1442,0
2008-10-17,3+1,22.65,90307,21977,0
2008-10-17,2+2,21.24,83080,18880,0
2008-10-17,3+0,16.35,115248,23367,0
2008-10-17,1+2,9.83,412111,91700,0
2008-10-17,2+1,8.18,1175802,260796,0
2008-10-24,5+2,28282481.20,0,0,1
2008-10-24,5+1,511928.96,6,1,0
2008-10-24,5+0,435831.41,2,0,0
2008-10-24,4+2,7686.62,81,16,0
2008-10-24,4+1,280.45,1480,287,0
2008-10-24,4+0,116.54,2493,505,0
2008-10-24,3+2,90.94,4564,809,0
2008-10-24,3+1,28.88,73296,14595,0
2008-10-24,2+2,26.47,68979,13457,0
2008-10-24,3+0,15.03,129746,29155,0
2008-10-24,1+2,11.48,365083,73262,0
2008-10-24,2+1,9.04,1101140,226372,0
2008-10-31,5+2,21415653.00,2,2,0
2008-10-31,5+1,280367.97,12,1,0
2008-10-31,5+0,106085.17,9,1,0
2008-10-31,4+2,3666.53,186,59,0
2008-10-31,4+1,227.21,2001,405,0
2008-10-31,4+0,125.39,2538,555,0
2008-10-31,3+2,65.56,6934,1750,0
2008-10-31,3+1,28.68,80845,17677,0
2008-10-31,2+2,19.19,104205,26990,0
2008-10-31,3+0,19.31,110607,22338,0
2008-10-31,1+2,8.17,561707,146375,0
2008-10-31,2+1,9.16,1189941,255414,0
2008-11-07,5+2,15000000.00,1,0,0
2008-11-07,5+1,419813.75,7,2,0
2008-11-07,5+0,49056.13,17,6,0
2008-11-07,4+2,4727.63,126,28,0
2008-11-07,4+1,178.56,2224,451,0
2008-11-07,4+0,76.09,3653,718,0
2008-11-07,3+2,72.90,5447,1166,0
2008-11-07,3+1,22.00,92036,19964,0
2008-11-07,2+2,23.33,74887,15811,0
2008-11-07,3+0,13.45,138745,29831,0
2008-11-07,1+2,11.01,364295,76091,0
2008-11-07,2+1,7.68,1240259,268901,0
2008-11-14,5+2,15000000.00,1,0,0
2008-11-14,5+1,222050.88,13,5,0
2008-11-14,5+0,43115.14,19,4,0
2008-11-14,4+2,3503.79,167,42,0
2008-11-14,4+1,147.03,2653,634,0
2008-11-14,4+0,77.15,3539,821,0
2008-11-14,3+2,64.70,6029,1450,0
2008-11-14,3+1,20.53,96900,23582,0
2008-11-14,2+2,22.62,75846,17508,0
2008-11-14,3+0,13.37,137076,32042,0
2008-11-14,1+2,11.07,355710,76192,0
2008-11-14,2+1,7.67,1220323,285951,0
2008-11-21,5+2,15000000.00,0,0,1
2008-11-21,5+1,314384.53,9,4,0
2008-11-21,5+0,53530.33,15,7,0
2008-11-21,4+2,5622.93,102,26,0
2008-11-21,4+1,233.71,1636,450,0
2008-11-21,4+0,108.93,2457,595,0
2008-11-21,3+2,80.64,4741,1025,0
2008-11-21,3+1,26.52,73506,18491,0
2008-11-21,2+2,23.54,71452,15695,0
2008-11-21,3+0,16.05,111916,26867,0
2008-11-21,1+2,10.27,376015,80217,0
2008-11-21,2+1,8.60,1065834,261780,0
2008-11-28,5+2,28044446.00,1,0,0
2008-11-28,5+1,377066.01,8,0,0
2008-11-28,5+0,53502.60,16,2,0
2008-11-28,4+2,4563.12,134,23,0
2008-11-28,4+1,210.55,1936,429,0
2008-11-28,4+0,92.64,3080,682,0
2008-11-28,3+2,69.63,5854,1382,0
2008-11-28,3+1,24.60,84502,18442,0
2008-11-28,2+2,21.51,83368,19073,0
2008-11-28,3+0,14.96,128020,27904,0
2008-11-28,1+2,10.30,399682,89080,0
2008-11-28,2+1,8.64,1132326,240822,0
2008-12-05,5+2,15000000.00,1,1,0
2008-12-05,5+1,157576.25,18,6,0
2008-12-05,5+0,67076.37,12,6,0
2008-12-05,4+2,2889.14,199,67,0
2008-12-05,4+1,183.74,2086,687,0
2008-12-05,4+0,104.11,2577,733,0
2008-12-05,3+2,56.96,6728,2027,0
2008-12-05,3+1,24.48,79836,21665,0
2008-12-05,2+2,18.14,92947,24309,0
2008-12-05,3+0,17.28,104217,26278,0
2008-12-05,1+2,8.40,460542,110640,0
2008-12-05,2+1,8.44,1089479,262466,0
2008-12-12,5+2,7500000.00,2,0,0
2008-12-12,5+1,713574.82,4,1,0
2008-12-12,5+0,90000.42,9,1,0
2008-12-12,4+2,4254.22,136,25,0
2008-12-12,4+1,275.51,1400,253,0
2008-12-12,4+0,132.48,2038,345,0
2008-12-12,3+2,71.24,5414,902,0
2008-12-12,3+1,30.21,65114,11806,0
2008-12-12,2+2,22.01,77081,13642,0
2008-12-12,3+0,20.10,90171,16624,0
2008-12-12,1+2,9.65,403578,75586,0
2008-12-12,2+1,9.48,976491,190264,0
2008-12-19,5+2,15000000.00,0,0,1
2008-12-19,5+1,356887.08,8,2,0
2008-12-19,5+0,270076.71,3,2,0
2008-12-19,4+2,5966.34,97,27,0
2008-12-19,4+1,370.27,1042,281,0
2008-12-19,4+0,170.82,1581,362,0
2008-12-19,3+2,81.10,4757,1089,0
2008-12-19,3+1,34.38,57220,14119,0
2008-12-19,2+2,20.56,82563,20436,0
2008-12-19,3+0,22.82,79444,18296,0
2008-12-19,1+2,8.10,480511,110511,0
2008-12-19,2+1,9.90,934460,227683,0
2008-12-26,5+2,26758046.70,0,0,1
2008-12-26,5+1,906349.43,3,2,0
2008-12-26,5+0,154324.36,5,1,0
2008-12-26,4+2,5010.53,110,31,0
2008-12-26,4+1,233.59,1573,476,0
2008-12-26,4+0,126.45,2034,576,0
2008-12-26,3+2,85.41,4302,1103,0
2008-12-26,3+1,27.50,68125,18586,0
2008-12-26,2+2,25.39,63655,14471,0
2008-12-26,3+0,18.22,94736,24366,0
2008-12-26,1+2,11.52,321976,68091,0
2008-12-26,2+1,9.28,950205,227501,0
2009-01-02,5+2,40425333.40,0,0,1
2009-01-02,5+1,632112.01,5,0,0
2009-01-02,5+0,224228.92,4,2,0
2009-01-02,4+2,7040.15,91,12,0
2009-01-02,4+1,382.70,1116,178,0
2009-01-02,4+0,180.10,1660,274,0
2009-01-02,3+2,112.21,3806,699,0
2009-01-02,3+1,39.01,55829,10231,0
2009-01-02,2+2,29.61,63457,12847,0
2009-01-02,3+0,23.20,86517,15552,0
2009-01-02,1+2,11.21,384756,86663,0
2009-01-02,2+1,11.64,880120,175084,0
2009-01-09,5+2,57199762.00,1,0,0
2009-01-09,5+1,298391.26,13,2,0
2009-01-09,5+0,78630.13,14,0,0
2009-01-09,4+2,4914.38,160,33,0
2009-01-09,4+1,218.59,2398,439,0
2009-01-09,4+0,92.38,3972,674,0
2009-01-09,3+2,85.87,6104,1147,0
2009-01-09,3+1,26.18,102092,19237,0
2009-01-09,2+2,27.17,84875,16463,0
2009-01-09,3+0,14.17,173783,35364,0
2009-01-09,1+2,11.99,441390,88217,0
2009-01-09,2+1,8.93,1407385,279598,0
2009-01-16,5+2,15000000.00,1,0,0
2009-01-16,5+1,493037.99,6,0,0
2009-01-16,5+0,119928.16,7,2,0
2009-01-16,4+2,4441.78,135,39,0
2009-01-16,4+1,216.78,1844,419,0
2009-01-16,4+0,101.24,2764,652,0
2009-01-16,3+2,68.94,5798,1523,0
2009-01-16,3+1,25.70,79329,18910,0
2009-01-16,2+2,21.33,82425,21362,0
2009-01-16,3+0,16.05,117063,26190,0
2009-01-16,1+2,9.71,415396,103894,0
2009-01-16,2+1,8.50,1128557,265827,0
2009-01-23,5+2,15000000.00,0,0,1
2009-01-23,5+1,714738.71,4,1,0
2009-01-23,5+0,202831.25,4,0,0
2009-01-23,4+2,7625.23,76,12,0
2009-01-23,4+1,395.03,978,171,0
2009-01-23,4+0,181.50,1490,263,0
2009-01-23,3+2,94.32,4096,824,0
2009-01-23,3+1,38.94,50594,10199,0
2009-01-23,2+2,24.64,68987,14352,0
2009-01-23,3+0,23.26,78046,15408,0
2009-01-23,1+2,9.48,411504,88857,0
2009-01-23,2+1,11.38,814694,169584,0
2009-01-30,5+2,28407448.00,1,0,0
2009-01-30,5+1,1550236.17,2,0,0
2009-01-30,5+0,97762.64,9,1,0
2009-01-30,4+2,8492.89,74,11,0
2009-01-30,4+1,363.06,1154,207,0
2009-01-30,4+0,176.14,1665,260,0
2009-01-30,3+2,86.90,4821,1070,0
2009-01-30,3+1,36.30,58860,11428,0
2009-01-30,2+2,22.63,81443,19974,0
2009-01-30,3+0,23.52,83725,15147,0
2009-01-30,1+2,8.97,471351,110313,0
2009-01-30,2+1,10.41,965639,205915,0
2009-02-06,5+2,7500000.00,2,1,0
2009-02-06,5+1,101873.70,28,4,0
2009-02-06,5+0,23808.32,34,7,0
2009-02-06,4+2,671.54,861,269,0
2009-02-06,4+1,38.01,10139,2646,0
2009-02-06,4+0,19.04,14167,3592,0
2009-02-06,3+2,51.97,7417,2388,0
2009-02-06,3+1,25.11,78291,19850,0
2009-02-06,2+2,18.16,93351,27487,0
2009-02-06,3+0,17.43,103921,23858,0
2009-02-06,1+2,7.86,494880,136669,0
2009-02-06,2+1,9.25,999508,229864,0
2009-02-13,5+2,15000000.00,0,0,1
2009-02-13,5+1,1104098.99,3,0,0
2009-02-13,5+0,72305.85,13,2,0
2009-02-13,4+2,9325.16,72,20,0
2009-02-13,4+1,253.45,1766,377,0
2009-02-13,4+0,110.83,2827,641,0
2009-02-13,3+2,103.46,4326,921,0
2009-02-13,3+1,27.71,82367,19555,0
2009-02-13,2+2,33.03,59617,11521,0
2009-02-13,3+0,17.09,123082,28003,0
2009-02-13,1+2,14.09,320721,62705,0
2009-02-13,2+1,9.84,1091568,229900,0
2009-02-20,5+2,28117226.80,0,0,1
2009-02-20,5+1,1011119.57,3,0,0
2009-02-20,5+0,215204.50,4,1,0
2009-02-20,4+2,6148.70,100,26,0
2009-02-20,4+1,278.47,1472,296,0
2009-02-20,4+0,122.31,2346,479,0
2009-02-20,3+2,86.13,4759,975,0
2009-02-20,3+1,28.52,73297,14341,0
2009-02-20,2+2,27.82,64822,13096,0
2009-02-20,3+0,16.50,116729,22760,0
2009-02-20,1+2,12.57,329241,69177,0
2009-02-20,2+1,8.79,1118869,231542,0
2009-02-27,5+2,43037731.80,0,0,1
2009-02-27,5+1,575061.12,6,3,0
2009-02-27,5+0,122394.76,8,0,0
2009-02-27,4+2,6416.50,109,17,0
2009-02-27,4+1,308.17,1513,223,0
2009-02-27,4+0,138.65,2354,355,0
2009-02-27,3+2,94.46,4936,868,0
2009-02-27,3+1,32.23,73760,12877,0
2009-02-27,2+2,26.93,76172,13906,0
2009-02-27,3+0,19.33,113332,20892,0
2009-02-27,1+2,11.43,411656,79367,0
2009-02-27,2+1,9.78,1143451,215982,0
2009-03-06,5+2,50000000.00,2,0,0
2009-03-06,5+1,312279.88,22,9,0
2009-03-06,5+0,60926.22,32,13,0
2009-03-06,4+2,5157.77,270,56,0
2009-03-06,4+1,212.20,4375,913,0
2009-03-06,4+0,110.18,5898,1087,0
2009-03-06,3+2,72.59,12788,2287,0
2009-03-06,3+1,23.81,198786,39424,0
2009-03-06,2+2,23.43,174338,30815,0
2009-03-06,3+0,16.16,269960,48490,0
2009-03-06,1+2,10.62,882737,157158,0
2009-03-06,2+1,8.11,2744815,513494,0
2009-03-13,5+2,16009560.30,0,0,1
2009-03-13,5+1,264443.63,14,3,0
2009-03-13,5+0,42025.09,25,4,0
2009-03-13,4+2,5105.08,147,31,0
2009-03-13,4+1,208.02,2405,395,0
2009-03-13,4+0,80.84,4332,758,0
2009-03-13,3+2,96.41,5189,871,0
2009-03-13,3+1,29.14,87532,14152,0
2009-03-13,2+2,29.86,73712,12271,0
2009-03-13,3+0,16.27,144465,25350,0
2009-03-13,1+2,12.79,394979,69562,0
2009-03-13,2+1,10.01,1198984,197929,0
2009-03-20,5+2,14858752.00,2,0,0
2009-03-20,5+1,211330.78,15,2,0
2009-03-20,5+0,49976.87,18,3,0
2009-03-20,4+2,3261.72,197,20,0
2009-03-20,4+1,215.26,1990,339,0
2009-03-20,4+0,101.30,2960,490,0
2009-03-20,3+2,63.00,6799,1263,0
2009-03-20,3+1,27.76,78685,15006,0
2009-03-20,2+2,20.93,90020,18523,0
2009-03-20,3+0,16.43,122493,23508,0
2009-03-20,1+2,9.50,455110,93805,0
2009-03-20,2+1,9.40,1093482,225524,0
2009-03-27,5+2,15000000.00,0,0,1
2009-03-27,5+1,735110.17,4,0,0
2009-03-27,5+0,83444.93,10,2,0
2009-03-27,4+2,6274.05,95,7,0
2009-03-27,4+1,306.83,1295,219,0
2009-03-27,4+0,143.74,1935,343,0
2009-03-27,3+2,108.15,3674,639,0
2009-03-27,3+1,32.34,62647,11795,0
2009-03-27,2+2,32.45,53877,9295,0
2009-03-27,3+0,20.33,91862,17888,0
2009-03-27,1+2,13.39,299610,54143,0
2009-03-27,2+1,10.08,945576,184967,0
2009-04-03,5+2,28308420.40,0,0,1
2009-04-03,5+1,1025857.41,3,2,0
2009-04-03,5+0,124766.44,7,3,0
2009-04-03,4+2,6780.78,92,13,0
2009-04-03,4+1,320.90,1296,258,0
2009-04-03,4+0,124.78,2333,527,0
2009-04-03,3+2,91.48,4546,851,0
2009-04-03,3+1,35.96,58977,11008,0
2009-04-03,2+2,26.22,69790,12931,0
2009-04-03,3+0,18.81,103879,21591,0
2009-04-03,1+2,10.57,397045,75898,0
2009-04-03,2+1,11.41,874119,162996,0
2009-04-10,5+2,42292285.10,0,0,1
2009-04-10,5+1,1077922.89,3,1,0
2009-04-10,5+0,114711.38,8,0,0
2009-04-10,4+2,6426.40,102,29,0
2009-04-10,4+1,308.39,1417,289,0
2009-04-10,4+0,153.79,1989,352,0
2009-04-10,3+2,87.32,5004,1211,0
2009-04-10,3+1,31.19,71439,15357,0
2009-04-10,2+2,24.23,79351,18717,0
2009-04-10,3+0,19.65,104512,21246,0
2009-04-10,1+2,10.10,436641,101263,0
2009-04-10,2+1,9.62,1090213,235059,0
2009-04-17,5+2,58530801.90,0,0,1
2009-04-17,5+1,417239.66,9,0,0
2009-04-17,5+0,56086.98,19,4,0
2009-04-17,4+2,4613.21,165,33,0
2009-04-17,4+1,241.64,2100,390,0
2009-04-17,4+0,97.85,3630,632,0
2009-04-17,3+2,74.70,6793,1424,0
2009-04-17,3+1,26.79,96575,19151,0
2009-04-17,2+2,22.74,98178,20925,0
2009-04-17,3+0,16.29,146369,27336,0
2009-04-17,1+2,10.05,509638,111362,0
2009-04-17,2+1,8.66,1405439,291411,0
2009-04-24,5+2,77000541.70,0,0,1
2009-04-24,5+1,328548.25,13,4,0
2009-04-24,5+0,101006.38,12,5,0
2009-04-24,4+2,4103.17,211,49,0
2009-04-24,4+1,198.00,2915,609,0
2009-04-24,4+0,101.10,3996,862,0
2009-04-24,3+2,60.09,9604,2326,0
2009-04-24,3+1,24.41,120590,26868,0
2009-04-24,2+2,19.41,130798,30172,0
2009-04-24,3+0,15.85,171144,36150,0
2009-04-24,1+2,8.80,661753,145389,0
2009-04-24,2+1,8.64,1603214,339270,0
2009-05-01,5+2,98731550.00,0,0,1
2009-05-01,5+1,314080.97,16,1,0
2009-05-01,5+0,54849.90,26,1,0
2009-05-01,4+2,4672.66,218,30,0
2009-05-01,4+1,240.98,2818,440,0
2009-05-01,4+0,132.85,3578,533,0
2009-05-01,3+2,65.49,10368,1900,0
2009-05-01,3+1,28.97,119527,18580,0
2009-05-01,2+2,18.90,158085,33124,0
2009-05-01,3+0,19.84,160853,23789,0
2009-05-01,1+2,7.87,871306,205874,0
2009-05-01,2+1,9.14,1782805,302566,0
2009-05-08,5+2,126231764.00,1,0,0
2009-05-08,5+1,374083.78,17,7,0
2009-05-08,5+0,72188.06,25,5,0
2009-05-08,4+2,6784.59,190,15,0
2009-05-08,4+1,271.69,3163,363,0
2009-05-08,4+0,120.67,4985,667,0
2009-05-08,3+2,104.15,8251,998,0
2009-05-08,3+1,30.24,144895,19360,0
2009-05-08,2+2,31.11,121508,15922,0
2009-05-08,3+0,17.34,232898,35110,0
2009-05-08,1+2,13.21,656639,91339,0
2009-05-08,2+1,9.47,2177349,320177,0
2009-05-15,5+2,15000000.00,1,0,0
2009-05-15,5+1,775956.82,4,0,0
2009-05-15,5+0,125830.83,7,3,0
2009-05-15,4+2,6553.68,96,7,0
2009-05-15,4+1,283.40,1480,252,0
2009-05-15,4+0,134.06,2190,353,0
2009-05-15,3+2,77.91,5383,893,0
2009-05-15,3+1,28.30,75575,14224,0
2009-05-15,2+2,22.52,81928,15049,0
2009-05-15,3+0,17.83,110535,20430,0
2009-05-15,1+2,9.39,450724,88069,0
2009-05-15,2+1,8.92,1128051,226361,0
2009-05-22,5+2,15000000.00,0,0,1
2009-05-22,5+1,421438.03,7,1,0
2009-05-22,5+0,93020.10,9,0,0
2009-05-22,4+2,4942.03,121,34,0
2009-05-22,4+1,250.25,1593,357,0
2009-05-22,4+0,105.98,2633,610,0
2009-05-22,3+2,76.00,5245,1191,0
2009-05-22,3+1,27.34,74341,17352,0
2009-05-22,2+2,24.20,72468,15291,0
2009-05-22,3+0,14.93,125437,28493,0
2009-05-22,1+2,10.60,379735,82129,0
2009-05-22,2+1,9.48,1008571,220536,0
2009-05-29,5+2,28394417.90,0,0,1
2009-05-29,5+1,774364.78,4,0,0
2009-05-29,5+0,67616.05,13,2,0
2009-05-29,4+2,7054.64,89,17,0
2009-05-29,4+1,358.98,1166,197,0
2009-05-29,4+0,148.65,1971,397,0
2009-05-29,3+2,101.15,4138,785,0
2009-05-29,3+1,35.70,59793,10564,0
2009-05-29,2+2,27.13,67874,14136,0
2009-05-29,3+0,21.04,93500,15651,0
2009-05-29,1+2,10.65,396924,91802,0
2009-05-29,2+1,10.15,989169,193016,0
2009-06-05,5+2,42859329.60,0,0,1
2009-06-05,5+1,418126.35,8,2,0
2009-06-05,5+0,73019.98,13,2,0
2009-06-05,4+2,4035.96,168,49,0
2009-06-05,4+1,230.15,1964,490,0
2009-06-05,4+0,122.92,2574,538,0
2009-06-05,3+2,59.66,7576,1988,0
2009-06-05,3+1,26.53,86886,19763,0
2009-06-05,2+2,18.28,108772,29375,0
2009-06-05,3+0,18.44,115156,23874,0
2009-06-05,1+2,8.02,569222,147861,0
2009-06-05,2+1,8.55,1268831,285850,0
2009-06-12,5+2,29430608.00,2,0,0
2009-06-12,5+1,370043.62,10,1,0
2009-06-12,5+0,131265.47,8,2,0
2009-06-12,4+2,3866.43,194,39,0
2009-06-12,4+1,252.68,1979,480,0
2009-06-12,4+0,122.17,2865,744,0
2009-06-12,3+2,64.38,7767,1746,0
2009-06-12,3+1,28.39,89827,19402,0
2009-06-12,2+2,20.60,106785,21583,0
2009-06-12,3+0,17.42,134858,29977,0
2009-06-12,1+2,9.29,543229,102491,0
2009-06-12,2+1,9.08,1321273,269050,0
2009-06-19,5+2,15000000.00,1,1,0
2009-06-19,5+1,423964.26,7,2,0
2009-06-19,5+0,140366.54,6,0,0
2009-06-19,4+2,3133.18,192,51,0
2009-06-19,4+1,187.58,2138,590,0
2009-06-19,4+0,95.55,2938,749,0
2009-06-19,3+2,51.78,7745,1759,0
2009-06-19,3+1,22.76,89846,21309,0
2009-06-19,2+2,16.96,103984,22485,0
2009-06-19,3+0,15.56,121135,27076,0
2009-06-19,1+2,7.64,529590,109636,0
2009-06-19,2+1,8.06,1192892,261924,0
2009-06-26,5+2,15000000.00,0,0,1
2009-06-26,5+1,288472.98,10,2,0
2009-06-26,5+0,45479.97,18,4,0
2009-06-26,4+2,3322.40,176,48,0
2009-06-26,4+1,185.98,2096,568,0
2009-06-26,4+0,84.58,3226,850,0
2009-06-26,3+2,58.53,6660,1558,0
2009-06-26,3+1,25.76,77160,18209,0
2009-06-26,2+2,19.51,87912,18536,0
2009-06-26,3+0,14.32,127888,29779,0
2009-06-26,1+2,8.90,442275,90259,0
2009-06-26,2+1,9.06,1031709,221283,0
2009-07-03,5+2,28040955.50,0,0,1
2009-07-03,5+1,753930.24,4,0,0
2009-07-03,5+0,95090.30,9,1,0
2009-07-03,4+2,7277.31,84,20,0
2009-07-03,4+1,335.96,1213,259,0
2009-07-03,4+0,163.01,1750,358,0
2009-07-03,3+2,100.05,4073,979,0
2009-07-03,3+1,33.42,62187,14697,0
2009-07-03,2+2,29.23,61345,13813,0
2009-07-03,3+0,20.32,94256,21610,0
2009-07-03,1+2,12.24,336125,70710,0
2009-07-03,2+1,10.59,923233,203812,0
2009-07-10,5+2,42207029.40,0,0,1
2009-07-10,5+1,363989.39,9,2,0
2009-07-10,5+0,71511.43,13,0,0
2009-07-10,4+2,6092.06,109,24,0
2009-07-10,4+1,282.32,1568,295,0
2009-07-10,4+0,130.64,2372,462,0
2009-07-10,3+2,74.09,5975,1308,0
2009-07-10,3+1,30.71,73509,14903,0
2009-07-10,2+2,24.79,78571,15741,0
2009-07-10,3+0,19.17,108482,21697,0
2009-07-10,1+2,10.88,410832,82537,0
2009-07-10,2+1,10.26,1034744,205682,0
2009-07-17,5+2,57528118.00,1,1,0
2009-07-17,5+1,393666.84,9,4,0
2009-07-17,5+0,77342.03,13,2,0
2009-07-17,4+2,3503.29,205,36,0
2009-07-17,4+1,236.90,2021,429,0
2009-07-17,4+0,106.76,3139,671,0
2009-07-17,3+2,55.53,8621,1834,0
2009-07-17,3+1,28.04,87074,17581,0
2009-07-17,2+2,17.30,121749,24551,0
2009-07-17,3+0,16.62,135395,28195,0
2009-07-17,1+2,7.47,646515,127414,0
2009-07-17,2+1,9.18,1250408,246310,0
2009-07-24,5+2,15000000.00,0,0,1
2009-07-24,5+1,409166.44,7,0,0
2009-07-24,5+0,67733.63,12,0,0
2009-07-24,4+2,4798.13,121,18,0
2009-07-24,4+1,252.47,1533,349,0
2009-07-24,4+0,146.29,1852,367,0
2009-07-24,3+2,57.61,6718,1536,0
2009-07-24,3+1,24.78,79630,18051,0
2009-07-24,2+2,21.46,79356,16182,0
2009-07-24,3+0,19.03,95561,19634,0
2009-07-24,1+2,9.20,424698,86764,0
2009-07-24,2+1,9.14,1016110,221473,0
2009-07-31,5+2,28001222.70,0,0,1
2009-07-31,5+1,250544.39,12,4,0
2009-07-31,5+0,65631.17,13,7,0
2009-07-31,4+2,4384.40,139,21,0
2009-07-31,4+1,195.51,2078,383,0
2009-07-31,4+0,89.51,3177,639,0
2009-07-31,3+2,64.41,6307,1595,0
2009-07-31,3+1,23.61,87731,20344,0
2009-07-31,2+2,20.28,88143,23324,0
2009-07-31,3+0,14.15,134915,29497,0
2009-07-31,1+2,9.56,429221,109258,0
2009-07-31,2+1,8.03,1213269,289585,0
2009-08-07,5+2,41938301.70,0,0,1
2009-08-07,5+1,402868.69,8,3,0
2009-08-07,5+0,70355.44,13,4,0
2009-08-07,4+2,4505.52,145,24,0
2009-08-07,4+1,181.54,2399,550,0
2009-08-07,4+0,87.50,3484,854,0
2009-08-07,3+2,65.40,6659,1325,0
2009-08-07,3+1,23.73,93580,20916,0
2009-08-07,2+2,21.09,90837,17050,0
2009-08-07,3+0,15.14,135200,30409,0
2009-08-07,1+2,9.56,459982,85052,0
2009-08-07,2+1,8.48,1231697,259334,0
2009-08-14,5+2,57349943.60,0,0,1
2009-08-14,5+1,356394.21,10,0,0
2009-08-14,5+0,77799.15,13,1,0
2009-08-14,4+2,5643.91,128,8,0
2009-08-14,4+1,249.28,1932,272,0
2009-08-14,4+0,109.74,3072,401,0
2009-08-14,3+2,83.45,5771,896,0
2009-08-14,3+1,28.51,86143,13941,0
2009-08-14,2+2,25.69,82460,14155,0
2009-08-14,3+0,17.00,133076,21168,0
2009-08-14,1+2,11.09,438337,79270,0
2009-08-14,2+1,9.20,1255434,221492,0
2009-08-21,5+2,37570330.00,2,0,0
2009-08-21,5+1,411410.28,10,3,0
2009-08-21,5+0,68677.39,17,1,0
2009-08-21,4+2,4211.81,198,54,0
2009-08-21,4+1,202.68,2743,475,0
2009-08-21,4+0,107.20,3630,633,0
2009-08-21,3+2,55.97,9932,2351,0
2009-08-21,3+1,25.64,110550,20644,0
2009-08-21,2+2,17.57,139151,34225,0
2009-08-21,3+0,16.90,154606,26511,0
2009-08-21,1+2,7.66,732551,189166,0
2009-08-21,2+1,8.50,1568188,308549,0
2009-08-28,5+2,15000000.00,0,0,1
2009-08-28,5+1,372985.41,8,0,0
2009-08-28,5+0,169355.54,5,0,0
2009-08-28,4+2,8285.49,73,9,0
2009-08-28,4+1,377.90,1067,173,0
2009-08-28,4+0,181.86,1552,221,0
2009-08-28,3+2,89.52,4504,780,0
2009-08-28,3+1,36.32,56610,10165,0
2009-08-28,2+2,23.55,75315,14527,0
2009-08-28,3+0,24.27,78059,13864,0
2009-08-28,1+2,8.53,477373,98964,0
2009-08-28,2+1,10.76,898915,172947,0
2009-09-04,5+2,28509294.70,0,0,1
2009-09-04,5+1,520670.73,6,1,0
2009-09-04,5+0,147757.91,6,1,0
2009-09-04,4+2,5025.77,126,31,0
2009-09-04,4+1,240.82,1753,459,0
2009-09-04,4+0,120.71,2448,655,0
2009-09-04,3+2,73.93,5710,1304,0
2009-09-04,3+1,26.81,80281,18759,0
2009-09-04,2+2,23.25,79865,16324,0
2009-09-04,3+0,17.06,116274,27388,0
2009-09-04,1+2,10.71,398093,77054,0
2009-09-04,2+1,8.92,1135417,244463,0
2009-09-11,5+2,43176230.70,0,0,1
2009-09-11,5+1,678345.79,5,0,0
2009-09-11,5+0,87501.60,11,3,0
2009-09-11,4+2,5413.48,127,29,0
2009-09-11,4+1,312.43,1467,271,0
2009-09-11,4+0,139.73,2296,392,0
2009-09-11,3+2,74.96,6114,1084,0
2009-09-11,3+1,32.80,71251,12591,0
2009-09-11,2+2,21.80,92491,17823,0
2009-09-11,3+0,19.58,109985,19873,0
2009-09-11,1+2,9.41,491840,94536,0
2009-09-11,2+1,10.10,1089107,201594,0
2009-09-18,5+2,100000000.00,1,0,0
2009-09-18,5+1,545313.98,11,0,0
2009-09-18,5+0,89592.83,19,2,0
2009-09-18,4+2,5735.39,212,53,0
2009-09-18,4+1,269.39,3009,507,0
2009-09-18,4+0,119.10,4764,863,0
2009-09-18,3+2,81.30,9970,1563,0
2009-09-18,3+1,30.52,135433,20181,0
2009-09-18,2+2,24.80,143801,22320,0
2009-09-18,3+0,18.54,205448,31283,0
2009-09-18,1+2,10.49,779964,118185,0
2009-09-18,2+1,9.87,1969577,284419,0
2009-09-25,5+2,15000000.00,1,0,0
2009-09-25,5+1,1051937.60,3,2,0
2009-09-25,5+0,74630.70,12,1,0
2009-09-25,4+2,4809.71,133,21,0
2009-09-25,4+1,206.91,2061,544,0
2009-09-25,4+0,97.62,3058,706,0
2009-09-25,3+2,75.45,5652,1227,0
2009-09-25,3+1,25.10,86645,19972,0
2009-09-25,2+2,23.76,78955,15606,0
2009-09-25,3+0,14.96,133940,30735,0
2009-09-25,1+2,10.56,407601,79057,0
2009-09-25,2+1,8.62,1187036,249924,0
2009-10-02,5+2,15000000.00,0,0,1
2009-10-02,5+1,1561130.34,2,0,0
2009-10-02,5+0,73837.24,12,2,0
2009-10-02,4+2,6879.24,92,14,0
2009-10-02,4+1,304.64,1385,190,0
2009-10-02,4+0,157.43,1876,230,0
2009-10-02,3+2,86.99,4850,815,0
2009-10-02,3+1,30.38,70820,11290,0
2009-10-02,2+2,23.81,77968,14805,0
2009-10-02,3+0,20.04,98939,15335,0
2009-10-02,1+2,9.50,448196,95626,0
2009-10-02,2+1,9.09,1113649,205506,0
2009-10-09,5+2,29041467.20,0,0,1
2009-10-09,5+1,649417.85,5,1,0
2009-10-09,5+0,76789.27,12,2,0
2009-10-09,4+2,4701.38,140,20,0
2009-10-09,4+1,219.50,1999,346,0
2009-10-09,4+0,116.78,2630,457,0
2009-10-09,3+2,69.57,6307,992,0
2009-10-09,3+1,25.93,86285,15245,0
2009-10-09,2+2,21.42,90134,14607,0
2009-10-09,3+0,17.24,119593,22662,0
2009-10-09,1+2,9.88,448466,74115,0
2009-10-09,2+1,8.74,1204065,212629,0
2009-10-16,5+2,44254659.50,0,0,1
2009-10-16,5+1,502578.67,7,0,0
2009-10-16,5+0,249591.43,4,1,0
2009-10-16,4+2,5659.66,126,23,0
2009-10-16,4+1,251.67,1889,260,0
2009-10-16,4+0,122.98,2706,374,0
2009-10-16,3+2,86.37,5504,765,0
2009-10-16,3+1,27.31,88775,13447,0
2009-10-16,2+2,26.85,77885,11856,0
2009-10-16,3+0,18.08,123581,17395,0
2009-10-16,1+2,11.53,416406,69601,0
2009-10-16,2+1,9.04,1261030,205511,0
2009-10-23,5+2,60674297.20,0,0,1
2009-10-23,5+1,421893.47,9,4,0
2009-10-23,5+0,71835.91,15,6,0
2009-10-23,4+2,4029.68,191,32,0
2009-10-23,4+1,216.32,2372,391,0
2009-10-23,4+0,95.42,3764,652,0
2009-10-23,3+2,62.30,8236,1384,0
2009-10-23,3+1,27.35,95673,15878,0
2009-10-23,2+2,20.15,112041,19044,0
2009-10-23,3+0,15.63,154285,26222,0
2009-10-23,1+2,8.95,578532,100905,0
2009-10-23,2+1,9.37,1313613,225824,0
2009-10-30,5+2,79524886.00,0,0,1
2009-10-30,5+1,726533.11,6,0,0
2009-10-30,5+0,72768.81,17,1,0
2009-10-30,4+2,5197.77,170,43,0
2009-10-30,4+1,269.23,2188,442,0
2009-10-30,4+0,133.23,3095,607,0
2009-10-30,3+2,79.32,7426,1835,0
2009-10-30,3+1,31.81,94434,19290,0
2009-10-30,2+2,22.54,114987,26204,0
2009-10-30,3+0,19.31,143309,27628,0
2009-10-30,1+2,9.42,631541,131639,0
2009-10-30,2+1,9.89,1428357,273766,0
2009-11-06,5+2,51099838.00,2,0,0
2009-11-06,5+1,582616.09,9,1,0
2009-11-06,5+0,99202.19,15,1,0
2009-11-06,4+2,5061.33,210,39,0
2009-11-06,4+1,252.07,2811,515,0
2009-11-06,4+0,122.92,4035,633,0
2009-11-06,3+2,75.59,9374,1467,0
2009-11-06,3+1,29.24,123556,19600,0
2009-11-06,2+2,22.12,140925,21232,0
2009-11-06,3+0,18.98,175436,27055,0
2009-11-06,1+2,9.36,764320,118596,0
2009-11-06,2+1,9.32,1823886,290568,0
2009-11-13,5+2,16569317.00,1,0,0
2009-11-13,5+1,383165.45,10,1,0
2009-11-13,5+0,77668.67,14,0,0
2009-11-13,4+2,5143.62,151,20,0
2009-11-13,4+1,219.58,2358,374,0
2009-11-13,4+0,112.80,3213,460,0
2009-11-13,3+2,75.76,6834,1046,0
2009-11-13,3+1,24.86,106213,17591,0
2009-11-13,2+2,24.00,94893,16622,0
2009-11-13,3+0,16.57,146854,23188,0
2009-11-13,1+2,10.92,478868,82700,0
2009-11-13,2+1,8.14,1525553,279238,0
2009-11-20,5+2,15000000.00,1,1,0
2009-11-20,5+1,457717.18,7,3,0
2009-11-20,5+0,151541.50,6,1,0
2009-11-20,4+2,6695.50,97,8,0
2009-11-20,4+1,296.15,1462,230,0
2009-11-20,4+0,131.31,2308,430,0
2009-11-20,3+2,87.68,4938,771,0
2009-11-20,3+1,30.16,73210,12704,0
2009-11-20,2+2,26.47,71957,11411,0
2009-11-20,3+0,18.75,108475,19600,0
2009-11-20,1+2,11.58,377636,60311,0
2009-11-20,2+1,9.40,1104577,201531,0
2009-11-27,5+2,15000000.00,0,0,1
2009-11-27,5+1,286554.26,11,3,0
2009-11-27,5+0,52618.46,17,3,0
2009-11-27,4+2,5704.80,112,15,0
2009-11-27,4+1,140.48,3032,500,0
2009-11-27,4+0,67.18,4438,893,0
2009-11-27,3+2,88.88,4792,831,0
2009-11-27,3+1,20.32,106891,20264,0
2009-11-27,2+2,29.62,63256,10461,0
2009-11-27,3+0,11.77,170027,38231,0
2009-11-27,1+2,14.14,304099,49507,0
2009-11-27,2+1,7.89,1294194,245081,0
2009-12-04,5+2,29071577.90,0,0,1
2009-12-04,5+1,216936.82,15,3,0
2009-12-04,5+0,115430.91,8,0,0
2009-12-04,4+2,5589.87,118,33,0
2009-12-04,4+1,304.94,1442,214,0
2009-12-04,4+0,129.82,2371,323,0
2009-12-04,3+2,92.81,4738,850,0
2009-12-04,3+1,30.22,74204,12552,0
2009-12-04,2+2,26.90,71906,13184,0
2009-12-04,3+0,18.13,113980,17981,0
2009-12-04,1+2,11.47,387098,73935,0
2009-12-04,2+1,9.44,1117681,201588,0
2009-12-11,5+2,43818509.70,0,0,1
2009-12-11,5+1,852556.99,4,1,0
2009-12-11,5+0,120970.92,8,1,0
2009-12-11,4+2,10317.34,67,12,0
2009-12-11,4+1,400.03,1152,156,0
2009-12-11,4+0,179.01,1802,271,0
2009-12-11,3+2,126.88,3632,557,0
2009-12-11,3+1,40.98,57352,9415,0
2009-12-11,2+2,34.13,59410,9159,0
2009-12-11,3+0,24.76,87474,14628,0
2009-12-11,1+2,12.54,370911,60452,0
2009-12-11,2+1,12.15,909644,157432,0
2009-12-18,5+2,59459744.00,1,0,0
2009-12-18,5+1,1205678.42,3,0,0
2009-12-18,5+0,93314.17,11,0,0
2009-12-18,4+2,6375.50,115,22,0
2009-12-18,4+1,317.18,1541,234,0
2009-12-18,4+0,141.26,2422,348,0
2009-12-18,3+2,92.96,5258,875,0
2009-12-18,3+1,33.50,74412,13475,0
2009-12-18,2+2,26.14,82249,14571,0
2009-12-18,3+0,20.56,111728,19427,0
2009-12-18,1+2,10.73,459962,84503,0
2009-12-18,2+1,10.23,1145864,218903,0
2009-12-25,5+2,15000000.00,0,0,1
2009-12-25,5+1,565024.45,5,0,0
2009-12-25,5+0,160344.77,5,1,0
2009-12-25,4+2,2863.29,200,67,0
2009-12-25,4+1,207.03,1844,484,0
2009-12-25,4+0,116.90,2286,479,0
2009-12-25,3+2,44.00,8675,2829,0
2009-12-25,3+1,22.15,87869,20367,0
2009-12-25,2+2,14.57,115269,32709,0
2009-12-25,3+0,16.01,112040,22823,0
2009-12-25,1+2,6.91,557441,148398,0
2009-12-25,2+1,7.83,1169900,251413,0
2010-01-01,5+2,28412328.60,0,0,1
2010-01-01,5+1,310160.09,10,4,0
2010-01-01,5+0,73348.67,12,5,0
2010-01-01,4+2,3857.07,163,37,0
2010-01-01,4+1,205.76,2037,542,0
2010-01-01,4+0,114.33,2566,604,0
2010-01-01,3+2,50.58,8286,1922,0
2010-01-01,3+1,22.37,95544,22665,0
2010-01-01,2+2,16.39,112515,24643,0
2010-01-01,3+0,15.60,126208,27842,0
2010-01-01,1+2,7.46,567400,119443,0
2010-01-01,2+1,7.91,1271505,283680,0
2010-01-08,5+2,42944229.10,0,0,1
2010-01-08,5+1,840125.49,4,0,0
2010-01-08,5+0,158942.66,6,1,0
2010-01-08,4+2,8962.93,76,12,0
2010-01-08,4+1,325.53,1395,246,0
2010-01-08,4+0,145.55,2184,426,0
2010-01-08,3+2,107.15,4238,692,0
2010-01-08,3+1,31.27,74062,13848,0
2010-01-08,2+2,32.72,61054,10054,0
2010-01-08,3+0,17.83,119688,24630,0
2010-01-08,1+2,14.18,323374,54619,0
2010-01-08,2+1,9.88,1103097,197356,0
2010-01-15,5+2,29703685.00,2,0,0
2010-01-15,5+1,317258.41,12,2,0
2010-01-15,5+0,77170.96,14,1,0
2010-01-15,4+2,4915.34,157,25,0
2010-01-15,4+1,185.52,2773,877,0
2010-01-15,4+0,110.63,3255,707,0
2010-01-15,3+2,65.83,7815,1646,0
2010-01-15,3+1,28.55,91899,16664,0
2010-01-15,2+2,23.49,96337,15535,0
2010-01-15,3+0,17.61,137239,26649,0
2010-01-15,1+2,10.31,503851,80065,0
2010-01-15,2+1,9.37,1316420,228790,0
2010-01-22,5+2,15000000.00,0,0,1
2010-01-22,5+1,770285.99,4,1,0
2010-01-22,5+0,87437.87,10,3,0
2010-01-22,4+2,5576.39,112,16,0
2010-01-22,4+1,223.73,1861,372,0
2010-01-22,4+0,99.27,2936,656,0
2010-01-22,3+2,90.41,4605,744,0
2010-01-22,3+1,26.65,79655,15356,0
2010-01-22,2+2,27.08,67650,10813,0
2010-01-22,3+0,16.28,120151,25833,0
2010-01-22,1+2,11.67,360355,57844,0
2010-01-22,2+1,9.25,1080181,194594,0
2010-01-29,5+2,29242656.00,1,0,0
2010-01-29,5+1,548935.68,6,1,0
2010-01-29,5+0,93467.42,10,0,0
2010-01-29,4+2,4070.88,164,36,0
2010-01-29,4+1,232.78,1912,414,0
2010-01-29,4+0,117.12,2660,527,0
2010-01-29,3+2,59.75,7449,1506,0
2010-01-29,3+1,27.11,83708,16720,0
2010-01-29,2+2,18.33,106835,21176,0
2010-01-29,3+0,18.45,113369,21599,0
2010-01-29,1+2,7.72,581746,113610,0
2010-01-29,2+1,8.89,1200409,233953,0
2010-02-05,5+2,100000000.00,0,0,1
2010-02-05,5+1,362492.61,17,0,0
2010-02-05,5+0,102869.52,17,2,0
2010-02-05,4+2,6715.75,186,20,0
2010-02-05,4+1,317.23,2625,325,0
2010-02-05,4+0,151.40,3850,458,0
2010-02-05,3+2,99.37,8380,1002,0
2010-02-05,3+1,35.73,118860,16412,0
2010-02-05,2+2,28.19,129953,17403,0
2010-02-05,3+0,22.17,176519,23794,0
2010-02-05,1+2,11.59,725556,93988,0
2010-02-05,2+1,10.50,1902863,270812,0
2010-02-12,5+2,64809203.00,2,0,0
2010-02-12,5+1,570771.33,12,1,0
2010-02-12,5+0,97185.38,20,1,0
2010-02-12,4+2,5933.17,234,28,0
2010-02-12,4+1,314.60,2942,316,0
2010-02-12,4+0,132.30,4897,496,0
2010-02-12,3+2,86.50,10700,1290,0
2010-02-12,3+1,33.56,140642,15848,0
2010-02-12,2+2,23.61,172466,21437,0
2010-02-12,3+0,18.72,232284,27593,0
2010-02-12,1+2,9.74,959032,127409,0
2010-02-12,2+1,10.11,2195942,270633,0
2010-02-19,5+2,15000000.00,0,0,1
2010-02-19,5+1,836234.24,4,0,0
2010-02-19,5+0,79103.23,12,2,0
2010-02-19,4+2,7450.85,91,16,0
2010-02-19,4+1,342.43,1320,186,0
2010-02-19,4+0,163.35,1937,276,0
2010-02-19,3+2,114.95,3932,563,0
2010-02-19,3+1,34.01,67780,9114,0
2010-02-19,2+2,34.04,58422,8623,0
2010-02-19,3+0,22.51,94371,12207,0
2010-02-19,1+2,13.53,337273,56744,0
2010-02-19,2+1,10.07,1077085,170350,0
2010-02-26,5+2,30133000.00,0,0,1
2010-02-26,5+1,249964.73,14,2,0
2010-02-26,5+0,62068.94,16,2,0
2010-02-26,4+2,4053.48,175,29,0
2010-02-26,4+1,157.74,2998,426,0
2010-02-26,4+0,86.09,3845,538,0
2010-02-26,3+2,78.39,6032,923,0
2010-02-26,3+1,21.46,112383,18349,0
2010-02-26,2+2,26.18,79459,12878,0
2010-02-26,3+0,14.98,148360,23237,0
2010-02-26,1+2,12.32,387526,63698,0
2010-02-26,2+1,7.94,1429397,249572,0
2010-03-05,5+2,46258004.00,1,0,0
2010-03-05,5+1,466113.38,8,2,0
2010-03-05,5+0,105820.33,10,1,0
2010-03-05,4+2,5814.30,130,22,0
2010-03-05,4+1,304.65,1654,220,0
2010-03-05,4+0,140.08,2518,334,0
2010-03-05,3+2,84.18,5986,983,0
2010-03-05,3+1,30.87,83248,12064,0
2010-03-05,2+2,24.26,91387,14431,0
2010-03-05,3+0,19.54,121158,17198,0
2010-03-05,1+2,10.55,482338,81126,0
2010-03-05,2+1,9.30,1299098,205446,0
2010-03-12,5+2,15000000.00,0,0,1
2010-03-12,5+1,538881.97,6,0,0
2010-03-12,5+0,183511.15,5,0,0
2010-03-12,4+2,8738.62,75,8,0
2010-03-12,4+1,334.55,1306,250,0
2010-03-12,4+0,161.82,1890,326,0
2010-03-12,3+2,101.99,4284,776,0
2010-03-12,3+1,33.28,66950,12971,0
2010-03-12,2+2,32.79,58621,9523,0
2010-03-12,3+0,22.02,93248,17331,0
2010-03-12,1+2,13.08,337382,55500,0
2010-03-12,2+1,10.55,993455,179915,0
2010-03-19,5+2,29152590.40,0,0,1
2010-03-19,5+1,327278.65,10,2,0
2010-03-19,5+0,77396.97,12,4,0
2010-03-19,4+2,5768.71,115,24,0
2010-03-19,4+1,273.68,1616,322,0
2010-03-19,4+0,128.40,2411,544,0
2010-03-19,3+2,82.62,5353,1032,0
2010-03-19,3+1,29.22,77185,17214,0
2010-03-19,2+2,23.63,82329,14700,0
2010-03-19,3+0,18.10,114795,25646,0
2010-03-19,1+2,10.05,444152,74903,0
2010-03-19,2+1,9.19,1154270,234566,0
2010-03-26,5+2,44378829.00,1,0,0
2010-03-26,5+1,586844.60,6,2,0
2010-03-26,5+0,83268.49,12,2,0
2010-03-26,4+2,6670.37,107,22,0
2010-03-26,4+1,299.82,1587,220,0
2010-03-26,4+0,137.91,2415,270,0
2010-03-26,3+2,79.52,5983,1054,0
2010-03-26,3+1,32.08,75630,12172,0
2010-03-26,2+2,22.66,92372,18388,0
2010-03-26,3+0,19.14,116804,18239,0
2010-03-26,1+2,9.61,499861,105066,0
2010-03-26,2+1,9.91,1152219,201879,0
2010-04-02,5+2,15000000.00,1,0,0
2010-04-02,5+1,303894.58,10,1,0
2010-04-02,5+0,71866.96,12,4,0
2010-04-02,4+2,4338.04,142,21,0
2010-04-02,4+1,192.08,2138,396,0
2010-04-02,4+0,110.09,2611,485,0
2010-04-02,3+2,76.57,5363,897,0
2010-04-02,3+1,23.49,89146,16364,0
2010-04-02,2+2,24.55,73592,12086,0
2010-04-02,3+0,16.77,115039,19792,0
2010-04-02,1+2,11.03,376040,64600,0
2010-04-02,2+1,8.23,1196837,219935,0
2010-04-09,5+2,15000000.00,0,0,1
2010-04-09,5+1,504823.51,6,0,0
2010-04-09,5+0,171912.87,5,1,0
2010-04-09,4+2,4872.81,126,18,0
2010-04-09,4+1,228.54,1791,295,0
2010-04-09,4+0,112.93,2537,363,0
2010-04-09,3+2,74.40,5501,806,0
2010-04-09,3+1,23.86,87456,14721,0
2010-04-09,2+2,23.64,76160,13477,0
2010-04-09,3+0,15.47,124331,20636,0
2010-04-09,1+2,10.88,379820,69863,0
2010-04-09,2+1,7.99,1228496,224498,0
2010-04-16,5+2,28888273.60,0,0,1
2010-04-16,5+1,321166.32,10,6,0
2010-04-16,5+0,45570.89,20,8,0
2010-04-16,4+2,3898.28,167,40,0
2010-04-16,4+1,175.78,2469,674,0
2010-04-16,4+0,80.62,3768,1061,0
2010-04-16,3+2,63.66,6817,1405,0
2010-04-16,3+1,22.67,97622,21829,0
2010-04-16,2+2,21.22,89978,17337,0
2010-04-16,3+0,14.15,144157,33006,0
2010-04-16,1+2,10.08,434766,80636,0
2010-04-16,2+1,8.19,1271007,253933,0
2010-04-23,5+2,43702393.20,0,0,1
2010-04-23,5+1,856441.29,4,0,0
2010-04-23,5+0,108019.62,9,1,0
2010-04-23,4+2,7309.59,95,15,0
2010-04-23,4+1,350.97,1319,196,0
2010-04-23,4+0,154.24,2101,295,0
2010-04-23,3+2,106.30,4355,623,0
2010-04-23,3+1,32.35,72970,10759,0
2010-04-23,2+2,27.40,74340,11790,0
2010-04-23,3+0,19.07,114060,17210,0
2010-04-23,1+2,11.38,410669,72098,0
2010-04-23,2+1,9.52,1166523,191104,0
2010-04-30,5+2,60297781.10,0,0,1
2010-04-30,5+1,348880.31,11,3,0
2010-04-30,5+0,90756.02,12,1,0
2010-04-30,4+2,5051.35,154,17,0
2010-04-30,4+1,270.38,1918,327,0
2010-04-30,4+0,124.62,2913,422,0
2010-04-30,3+2,80.76,6421,993,0
2010-04-30,3+1,27.44,96384,16786,0
2010-04-30,2+2,24.09,94689,14699,0
2010-04-30,3+0,16.52,147469,24449,0
2010-04-30,1+2,10.21,512608,79437,0
2010-04-30,2+1,9.11,1365594,233814,0
2010-05-07,5+2,78821703.60,0,0,1
2010-05-07,5+1,475961.89,9,3,0
2010-05-07,5+0,48625.29,25,2,0
2010-05-07,4+2,4154.58,209,22,0
2010-05-07,4+1,209.81,2759,402,0
2010-05-07,4+0,85.48,4740,859,0
2010-05-07,3+2,76.67,7550,1127,0
2010-05-07,3+1,24.22,121843,19315,0
2010-05-07,2+2,25.04,101710,14557,0
2010-05-07,3+0,13.95,194903,38354,0
2010-05-07,1+2,11.31,516927,73231,0
2010-05-07,2+1,8.53,1627783,260243,0
2010-05-14,5+2,100037101.00,1,0,0
2010-05-14,5+1,350432.89,14,2,0
2010-05-14,5+0,63284.56,22,0,0
2010-05-14,4+2,7366.45,135,19,0
2010-05-14,4+1,292.31,2268,258,0
2010-05-14,4+0,144.39,3214,322,0
2010-05-14,3+2,115.18,5756,687,0
2010-05-14,3+1,32.63,103596,13680,0
2010-05-14,2+2,31.07,93873,13374,0
2010-05-14,3+0,20.93,148842,18396,0
2010-05-14,1+2,12.85,520787,77232,0
2010-05-14,2+1,9.82,1618776,239974,0
2010-05-21,5+2,15000000.00,1,0,0
2010-05-21,5+1,386026.80,8,0,0
2010-05-21,5+0,58425.67,15,2,0
2010-05-21,4+2,4408.37,142,26,0
2010-05-21,4+1,219.06,1905,332,0
2010-05-21,4+0,113.35,2577,431,0
2010-05-21,3+2,69.84,5975,1027,0
2010-05-21,3+1,25.94,82019,13793,0
2010-05-21,2+2,21.17,86699,14528,0
2010-05-21,3+0,16.95,115659,20327,0
2010-05-21,1+2,9.63,437444,70959,0
2010-05-21,2+1,8.61,1162955,200540,0
2010-05-28,5+2,15000000.00,1,0,0
2010-05-28,5+1,382338.74,8,2,0
2010-05-28,5+0,173602.45,5,1,0
2010-05-28,4+2,6666.76,93,10,0
2010-05-28,4+1,347.63,1189,207,0
2010-05-28,4+0,145.17,1993,305,0
2010-05-28,3+2,72.95,5666,1017,0
2010-05-28,3+1,33.04,63784,11334,0
2010-05-28,2+2,17.42,104351,19831,0
2010-05-28,3+0,20.19,96204,17039,0
2010-05-28,1+2,7.03,593428,113317,0
2010-05-28,2+1,9.42,1052174,197695,0
2010-06-04,5+2,15000000.00,1,1,0
2010-06-04,5+1,422541.01,7,6,0
2010-06-04,5+0,76306.54,11,3,0
2010-06-04,4+2,5820.88,103,7,0
2010-06-04,4+1,305.34,1309,207,0
2010-06-04,4+0,132.10,2118,339,0
2010-06-04,3+2,86.91,4599,702,0
2010-06-04,3+1,32.39,62917,10773,0
2010-06-04,2+2,25.64,68582,10919,0
2010-06-04,3+0,18.59,101022,19660,0
2010-06-04,1+2,10.94,368681,57000,0
2010-06-04,2+1,10.15,944995,165721,0
2010-06-11,5+2,15000000.00,1,0,0
2010-06-11,5+1,371744.46,8,1,0
2010-06-11,5+0,93773.37,9,0,0
2010-06-11,4+2,5910.08,102,18,0
2010-06-11,4+1,226.79,1772,298,0
2010-06-11,4+0,106.07,2652,383,0
2010-06-11,3+2,101.74,3950,666,0
2010-06-11,3+1,27.90,73447,12572,0
2010-06-11,2+2,30.19,58565,10442,0
2010-06-11,3+0,16.94,111469,19871,0
2010-06-11,1+2,13.09,310071,55033,0
2010-06-11,2+1,9.48,1017350,180288,0
2010-06-18,5+2,15000000.00,0,0,1
2010-06-18,5+1,0.00,0,0,0
2010-06-18,5+0,744549.12,5,0,0
2010-06-18,4+2,8906.09,66,7,0
2010-06-18,4+1,408.62,959,145,0
2010-06-18,4+0,190.09,1443,181,0
2010-06-18,3+2,109.67,3573,556,0
2010-06-18,3+1,38.11,52440,8068,0
2010-06-18,2+2,31.54,54653,9394,0
2010-06-18,3+0,21.78,84541,13762,0
2010-06-18,1+2,12.95,305521,53868,0
2010-06-18,2+1,10.87,864737,146954,0
2010-06-25,5+2,27989077.00,1,0,0
2010-06-25,5+1,375465.48,8,0,0
2010-06-25,5+0,65569.85,13,1,0
2010-06-25,4+2,5203.95,117,20,0
2010-06-25,4+1,174.96,2320,463,0
2010-06-25,4+0,88.98,3193,655,0
2010-06-25,3+2,82.18,4939,843,0
2010-06-25,3+1,23.16,89363,15675,0
2010-06-25,2+2,30.33,58872,9143,0
2010-06-25,3+0,15.09,126397,23633,0
2010-06-25,1+2,13.77,297573,46589,0
2010-06-25,2+1,9.00,1082000,182481,0
2010-07-02,5+2,15000000.00,0,0,1
2010-07-02,5+1,1417999.54,2,0,0
2010-07-02,5+0,268270.18,3,1,0
2010-07-02,4+2,8982.26,64,9,0
2010-07-02,4+1,356.83,1074,147,0
2010-07-02,4+0,153.82,1744,269,0
2010-07-02,3+2,115.33,3323,478,0
2010-07-02,3+1,37.98,51460,8254,0
2010-07-02,2+2,32.34,52136,8151,0
2010-07-02,3+0,20.90,86182,14782,0
2010-07-02,1+2,13.09,295603,47323,0
2010-07-02,2+1,10.88,845300,145874,0
2010-07-09,5+2,28051826.80,0,0,1
2010-07-09,5+1,503039.16,6,0,0
2010-07-09,5+0,428263.06,2,0,0
2010-07-09,4+2,4634.88,132,24,0
2010-07-09,4+1,238.65,1709,255,0
2010-07-09,4+0,128.95,2214,368,0
2010-07-09,3+2,64.77,6297,1286,0
2010-07-09,3+1,27.58,75411,13738,0
2010-07-09,2+2,22.77,78800,15036,0
2010-07-09,3+0,19.02,100786,16893,0
2010-07-09,1+2,10.22,402966,75652,0
2010-07-09,2+1,9.61,1018412,183513,0
2010-07-16,5+2,42218533.00,1,0,0
2010-07-16,5+1,252003.89,13,4,0
2010-07-16,5+0,71514.61,13,4,0
2010-07-16,4+2,8624.21,77,14,0
2010-07-16,4+1,310.89,1424,249,0
2010-07-16,4+0,154.48,2006,336,0
2010-07-16,3+2,110.87,3993,642,0
2010-07-16,3+1,38.69,58356,9389,0
2010-07-16,2+2,33.45,58220,9080,0
2010-07-16,3+0,23.96,86816,14737,0
2010-07-16,1+2,14.13,316227,51181,0
2010-07-16,2+1,11.23,945822,162357,0
2010-07-23,5+2,15000000.00,0,0,1
2010-07-23,5+1,478945.46,6,3,0
2010-07-23,5+0,271833.91,3,0,0
2010-07-23,4+2,7281.26,80,20,0
2010-07-23,4+1,278.37,1395,281,0
2010-07-23,4+0,138.05,1969,396,0
2010-07-23,3+2,93.64,4147,778,0
2010-07-23,3+1,33.50,59117,10782,0
2010-07-23,2+2,26.50,64460,12329,0
2010-07-23,3+0,20.58,88658,16433,0
2010-07-23,1+2,10.52,372827,73262,0
2010-07-23,2+1,10.07,925480,174517,0
2010-07-30,5+2,28092206.00,1,0,0
2010-07-30,5+1,756893.12,4,0,0
2010-07-30,5+0,78106.90,11,0,0
2010-07-30,4+2,3696.97,166,27,0
2010-07-30,4+1,235.13,1740,363,0
2010-07-30,4+0,102.72,2788,572,0
2010-07-30,3+2,58.26,7022,1300,0
2010-07-30,3+1,26.81,77801,15748,0
2010-07-30,2+2,18.85,95496,18535,0
2010-07-30,3+0,15.19,126578,24827,0
2010-07-30,1+2,8.80,469259,87941,0
2010-07-30,2+1,8.96,1094767,213149,0
2010-08-06,5+2,15000000.00,1,0,0
2010-08-06,5+1,951968.75,3,0,0
2010-08-06,5+0,135076.64,6,0,0
2010-08-06,4+2,5566.34,104,9,0
2010-08-06,4+1,232.21,1662,269,0
2010-08-06,4+0,130.31,2073,346,0
2010-08-06,3+2,79.82,4835,755,0
2010-08-06,3+1,24.93,78942,14073,0
2010-08-06,2+2,24.70,68740,12046,0
2010-08-06,3+0,17.74,102211,17878,0
2010-08-06,1+2,10.99,354588,63726,0
2010-08-06,2+1,8.20,1128890,220094,0
2010-08-13,5+2,5000000.00,3,1,0
2010-08-13,5+1,183775.16,18,11,0
2010-08-13,5+0,49407.54,19,12,0
2010-08-13,4+2,3788.31,177,26,0
2010-08-13,4+1,215.01,2079,358,0
2010-08-13,4+0,102.52,3052,517,0
2010-08-13,3+2,62.96,7099,1113,0
2010-08-13,3+1,24.36,93584,17394,0
2010-08-13,2+2,20.62,95373,15451,0
2010-08-13,3+0,15.37,136680,25383,0
2010-08-13,1+2,9.32,484186,78007,0
2010-08-13,2+1,8.36,1283057,235417,0
2010-08-20,5+2,15000000.00,1,0,0
2010-08-20,5+1,691608.56,4,0,0
2010-08-20,5+0,112152.74,7,3,0
2010-08-20,4+2,5607.63,100,18,0
2010-08-20,4+1,322.27,1160,236,0
2010-08-20,4+0,127.15,2058,441,0
2010-08-20,3+2,86.73,4310,832,0
2010-08-20,3+1,33.59,56756,11656,0
2010-08-20,2+2,24.85,66187,13116,0
2010-08-20,3+0,17.94,97891,20337,0
2010-08-20,1+2,10.93,345286,67866,0
2010-08-20,2+1,10.41,861493,171440,0
2010-08-27,5+2,7500000.00,2,0,0
2010-08-27,5+1,400155.95,7,0,0
2010-08-27,5+0,79490.43,10,2,0
2010-08-27,4+2,2640.87,215,49,0
2010-08-27,4+1,214.09,1768,365,0
2010-08-27,4+0,98.86,2680,517,0
2010-08-27,3+2,49.91,7583,1763,0
2010-08-27,3+1,26.05,74100,14674,0
2010-08-27,2+2,19.09,87230,17135,0
2010-08-27,3+0,15.68,113445,21685,0
2010-08-27,1+2,9.60,397893,72582,0
2010-08-27,2+1,9.44,961703,178015,0
2010-09-03,5+2,15000000.00,1,0,0
2010-09-03,5+1,259300.11,11,1,0
2010-09-03,5+0,80943.68,10,1,0
2010-09-03,4+2,5454.42,106,13,0
2010-09-03,4+1,284.04,1357,152,0
2010-09-03,4+0,121.37,2223,335,0
2010-09-03,3+2,80.62,4781,701,0
2010-09-03,3+1,31.74,61922,9315,0
2010-09-03,2+2,24.85,68243,10760,0
2010-09-03,3+0,17.90,101153,16710,0
2010-09-03,1+2,10.54,369181,61725,0
2010-09-03,2+1,10.04,920843,152313,0
2010-09-10,5+2,15000000.00,1,0,0
2010-09-10,5+1,480062.08,6,2,0
2010-09-10,5+0,62877.15,13,4,0
2010-09-10,4+2,2326.13,251,93,0
2010-09-10,4+1,222.93,1746,469,0
2010-09-10,4+0,113.01,2411,580,0
2010-09-10,3+2,79.89,4872,1215,0
2010-09-10,3+1,27.70,71641,17503,0
2010-09-10,2+2,23.89,71685,15835,0
2010-09-10,3+0,18.31,99911,22089,0
2010-09-10,1+2,10.70,367203,72902,0
2010-09-10,2+1,9.23,1011903,221867,0
2010-09-17,5+2,15000000.00,0,0,1
2010-09-17,5+1,557300.94,5,0,0
2010-09-17,5+0,56483.20,14,2,0
2010-09-17,4+2,6275.91,90,13,0
2010-09-17,4+1,219.69,1714,440,0
2010-09-17,4+0,98.53,2675,651,0
2010-09-17,3+2,88.97,4232,956,0
2010-09-17,3+1,26.61,72168,17272,0
2010-09-17,2+2,27.21,60883,12861,0
2010-09-17,3+0,15.76,112263,25692,0
2010-09-17,1+2,11.75,323625,64149,0
2010-09-17,2+1,8.90,1014526,222238,0
2010-09-24,5+2,14337323.00,2,2,0
2010-09-24,5+1,632452.32,5,0,0
2010-09-24,5+0,179479.71,5,0,0
2010-09-24,4+2,5169.34,124,28,0
2010-09-24,4+1,339.96,1257,199,0
2010-09-24,4+0,142.92,2093,367,0
2010-09-24,3+2,81.14,5266,966,0
2010-09-24,3+1,34.38,63390,10862,0
2010-09-24,2+2,22.66,82966,15010,0
2010-09-24,3+0,19.16,104774,19294,0
2010-09-24,1+2,9.80,440024,75739,0
2010-09-24,2+1,10.62,965680,164009,0
2010-10-01,5+2,100000000.00,0,0,1
2010-10-01,5+1,392669.48,16,5,0
2010-10-01,5+0,99051.76,18,3,0
2010-10-01,4+2,3273.83,389,79,0
2010-10-01,4+1,189.93,4470,814,0
2010-10-01,4+0,90.17,6591,1120,0
2010-10-01,3+2,59.19,14343,2245,0
2010-10-01,3+1,25.24,171491,26126,0
2010-10-01,2+2,22.14,168704,23340,0
2010-10-01,3+0,16.36,243776,32497,0
2010-10-01,1+2,10.86,788968,106148,0
2010-10-01,2+1,9.28,2195498,292190,0
2010-10-08,5+2,129818431.00,1,0,0
2010-10-08,5+1,766168.00,9,0,0
2010-10-08,5+0,102991.28,19,2,0
2010-10-08,4+2,6719.89,208,27,0
2010-10-08,4+1,305.71,3048,396,0
2010-10-08,4+0,138.72,4702,671,0
2010-10-08,3+2,92.75,10046,1403,0
2010-10-08,3+1,32.44,146482,20414,0
2010-10-08,2+2,27.92,146825,19004,0
2010-10-08,3+0,18.95,231075,32747,0
2010-10-08,1+2,11.71,803206,98683,0
2010-10-08,2+1,10.13,2206850,288484,0
2010-10-15,5+2,15000000.00,0,0,1
2010-10-15,5+1,464143.58,7,1,0
2010-10-15,5+0,131716.42,7,0,0
2010-10-15,4+2,6394.00,103,20,0
2010-10-15,4+1,353.50,1242,192,0
2010-10-15,4+0,178.68,1720,300,0
2010-10-15,3+2,78.40,5600,842,0
2010-10-15,3+1,37.85,59147,9130,0
2010-10-15,2+2,21.04,91805,14980,0
2010-10-15,3+0,23.87,86437,12999,0
2010-10-15,1+2,7.72,573970,103914,0
2010-10-15,2+1,11.12,947104,151435,0
2010-10-22,5+2,14710590.00,2,0,0
2010-10-22,5+1,256530.59,13,2,0
2010-10-22,5+0,67599.27,14,1,0
2010-10-22,4+2,3072.69,220,49,0
2010-10-22,4+1,165.38,2725,466,0
2010-10-22,4+0,96.03,3285,498,0
2010-10-22,3+2,43.91,10261,2497,0
2010-10-22,3+1,20.39,112719,21518,0
2010-10-22,2+2,14.17,139913,36298,0
2010-10-22,3+0,14.74,143643,24530,0
2010-10-22,1+2,6.91,657783,167083,0
2010-10-22,2+1,7.39,1462874,289050,0
2010-10-29,5+2,15000000.00,0,0,1
2010-10-29,5+1,621600.23,5,1,0
2010-10-29,5+0,88200.03,10,1,0
2010-10-29,4+2,8400.00,75,11,0
2010-10-29,4+1,265.15,1584,234,0
2010-10-29,4+0,112.60,2611,520,0
2010-10-29,3+2,109.26,3844,573,0
2010-10-29,3+1,29.35,72958,12895,0
2010-10-29,2+2,33.80,54674,8509,0
2010-10-29,3+0,16.48,119764,24687,0
2010-10-29,1+2,14.45,293543,45909,0
2010-10-29,2+1,9.82,1025569,178994,0
2010-11-05,5+2,29087861.00,1,0,0
2010-11-05,5+1,651563.54,5,0,0
2010-11-05,5+0,71116.60,13,4,0
2010-11-05,4+2,4523.07,146,34,0
2010-11-05,4+1,212.67,2070,581,0
2010-11-05,4+0,119.12,2587,642,0
2010-11-05,3+2,78.26,5625,1133,0
2010-11-05,3+1,25.14,89283,21557,0
2010-11-05,2+2,24.86,77905,14995,0
2010-11-05,3+0,17.95,115235,25543,0
2010-11-05,1+2,11.22,395996,69078,0
2010-11-05,2+1,8.31,1270561,280762,0
2010-11-12,5+2,16141033.20,0,0,1
2010-11-12,5+1,373261.39,10,1,0
2010-11-12,5+0,66203.45,16,2,0
2010-11-12,4+2,4819.17,157,28,0
2010-11-12,4+1,224.98,2242,266,0
2010-11-12,4+0,80.68,4376,496,0
2010-11-12,3+2,72.48,6959,943,0
2010-11-12,3+1,26.39,97473,12592,0
2010-11-12,2+2,23.30,95232,14097,0
2010-11-12,3+0,13.55,174923,22693,0
2010-11-12,1+2,10.68,476961,71699,0
2010-11-12,2+1,9.07,1334200,191273,0
2010-11-19,5+2,30223423.30,0,0,1
2010-11-19,5+1,148025.12,22,6,0
2010-11-19,5+0,51342.04,18,7,0
2010-11-19,4+2,6227.47,106,11,0
2010-11-19,4+1,249.61,1763,329,0
2010-11-19,4+0,107.18,2874,692,0
2010-11-19,3+2,89.75,4903,756,0
2010-11-19,3+1,29.16,76947,13171,0
2010-11-19,2+2,26.30,73615,11411,0
2010-11-19,3+0,17.65,117165,22985,0
2010-11-19,1+2,11.51,386014,59562,0
2010-11-19,2+1,9.51,1109521,185085,0
2010-11-26,5+2,45322973.00,1,1,0
2010-11-26,5+1,436471.34,8,2,0
2010-11-26,5+0,99090.79,10,3,0
2010-11-26,4+2,5362.05,132,24,0
2010-11-26,4+1,283.57,1664,271,0
2010-11-26,4+0,138.84,2379,382,0
2010-11-26,3+2,70.24,6717,1279,0
2010-11-26,3+1,31.53,76311,13423,0
2010-11-26,2+2,20.40,101747,19303,0
2010-11-26,3+0,20.75,106847,17790,0
2010-11-26,1+2,8.23,579066,105310,0
2010-11-26,2+1,9.59,1180008,215986,0
2010-12-03,5+2,15000000.00,0,0,1
2010-12-03,5+1,756149.42,4,0,0
2010-12-03,5+0,71527.64,12,3,0
2010-12-03,4+2,4379.24,140,41,0
2010-12-03,4+1,222.25,1839,408,0
2010-12-03,4+0,103.32,2769,565,0
2010-12-03,3+2,75.21,5434,970,0
2010-12-03,3+1,27.35,76211,14482,0
2010-12-03,2+2,23.90,75241,12785,0
2010-12-03,3+0,16.65,115331,23161,0
2010-12-03,1+2,10.29,401078,66097,0
2010-12-03,2+1,9.32,1052275,186028,0
2010-12-10,5+2,28707819.80,0,0,1
2010-12-10,5+1,792483.33,4,0,0
2010-12-10,5+0,112446.95,8,0,0
2010-12-10,4+2,7836.02,82,8,0
2010-12-10,4+1,287.11,1492,280,0
2010-12-10,4+0,130.03,2306,483,0
2010-12-10,3+2,109.89,3898,611,0
2010-12-10,3+1,29.92,72998,13727,0
2010-12-10,2+2,31.26,60294,10034,0
2010-12-10,3+0,17.94,112168,23643,0
2010-12-10,1+2,13.39,323112,53383,0
2010-12-10,2+1,9.11,1127365,210840,0
2010-12-17,5+2,43677118.00,1,0,0
2010-12-17,5+1,494521.42,7,0,0
2010-12-17,5+0,75566.16,13,3,0
2010-12-17,4+2,5896.51,119,28,0
2010-12-17,4+1,302.77,1545,269,0
2010-12-17,4+0,144.82,2261,392,0
2010-12-17,3+2,82.60,5663,996,0
2010-12-17,3+1,31.38,76015,14165,0
2010-12-17,2+2,24.11,85363,15345,0
2010-12-17,3+0,20.02,109798,19825,0
2010-12-17,1+2,10.01,471696,83848,0
2010-12-17,2+1,9.58,1171514,226191,0
2010-12-24,5+2,19106757.00,1,0,0
2010-12-24,5+1,552304.67,8,1,0
2010-12-24,5+0,125388.08,10,1,0
2010-12-24,4+2,5060.05,177,18,0
2010-12-24,4+1,293.55,2034,261,0
2010-12-24,4+0,128.16,3261,418,0
2010-12-24,3+2,76.84,7770,1004,0
2010-12-24,3+1,32.43,93879,11639,0
2010-12-24,2+2,23.92,109816,14075,0
2010-12-24,3+0,18.71,149944,19128,0
2010-12-24,1+2,9.84,612841,80059,0
2010-12-24,2+1,10.53,1360527,167895,0
2010-12-31,5+2,15338239.00,1,0,0
2010-12-31,5+1,506709.66,7,0,0
2010-12-31,5+0,83880.99,12,2,0
2010-12-31,4+2,8078.42,89,9,0
2010-12-31,4+1,337.54,1420,221,0
2010-12-31,4+0,146.51,2290,400,0
2010-12-31,3+2,105.09,4561,624,0
2010-12-31,3+1,34.00,71884,11745,0
2010-12-31,2+2,30.54,69038,10166,0
2010-12-31,3+0,20.21,111469,18660,0
2010-12-31,1+2,12.28,394001,60865,0
2010-12-31,2+1,10.62,1082414,174756,0
2011-01-07,5+2,15000000.00,1,1,0
2011-01-07,5+1,377886.98,8,4,0
2011-01-07,5+0,29582.95,29,10,0
2011-01-07,4+2,7295.11,84,10,0
2011-01-07,4+1,228.73,1786,460,0
2011-01-07,4+0,104.63,2733,785,0
2011-01-07,3+2,98.63,4142,711,0
2011-01-07,3+1,29.91,69644,14459,0
2011-01-07,2+2,30.72,58510,9788,0
2011-01-07,3+0,17.95,106931,23575,0
2011-01-07,1+2,13.01,317067,50817,0
2011-01-07,2+1,9.71,1009468,192301,0
2011-01-14,5+2,15000000.00,0,0,1
2011-01-14,5+1,384523.29,8,0,0
2011-01-14,5+0,96996.86,9,0,0
2011-01-14,4+2,7423.22,84,13,0
2011-01-14,4+1,262.43,1584,251,0
2011-01-14,4+0,117.19,2483,435,0
2011-01-14,3+2,103.76,4006,586,0
2011-01-14,3+1,29.06,72932,12419,0
2011-01-14,2+2,30.49,59987,9070,0
2011-01-14,3+0,17.28,113041,20282,0
2011-01-14,1+2,12.77,328687,52087,0
2011-01-14,2+1,9.53,1046185,178431,0
2011-01-21,5+2,14502127.00,2,1,0
2011-01-21,5+1,190499.02,17,5,0
2011-01-21,5+0,30634.30,30,9,0
2011-01-21,4+2,3587.15,183,45,0
2011-01-21,4+1,117.61,3721,920,0
2011-01-21,4+0,61.23,5003,1151,0
2011-01-21,3+2,59.80,7318,1394,0
2011-01-21,3+1,17.53,127320,27798,0
2011-01-21,2+2,21.08,91338,16229,0
2011-01-21,3+0,11.87,173266,35243,0
2011-01-21,1+2,10.53,419668,71657,0
2011-01-21,2+1,6.91,1519303,303503,0
2011-01-28,5+2,15000000.00,0,0,1
2011-01-28,5+1,280808.09,11,2,0
2011-01-28,5+0,109572.07,8,0,0
2011-01-28,4+2,6660.91,94,16,0
2011-01-28,4+1,302.25,1381,207,0
2011-01-28,4+0,140.34,2082,283,0
2011-01-28,3+2,83.88,4976,882,0
2011-01-28,3+1,29.74,71563,12263,0
2011-01-28,2+2,23.69,77515,13974,0
2011-01-28,3+0,18.86,103971,16953,0
2011-01-28,1+2,10.27,410204,77126,0
2011-01-28,2+1,8.99,1113563,202610,0
2011-02-04,5+2,5789546.00,5,1,0
2011-02-04,5+1,322541.20,10,1,0
2011-02-04,5+0,65379.97,14,2,0
2011-02-04,4+2,5685.21,115,20,0
2011-02-04,4+1,258.82,1684,284,0
2011-02-04,4+0,119.32,2557,367,0
2011-02-04,3+2,75.27,5790,907,0
2011-02-04,3+1,29.45,75466,12565,0
2011-02-04,2+2,22.38,85680,14221,0
2011-02-04,3+0,18.68,109636,17849,0
2011-02-04,1+2,9.55,460576,80395,0
2011-02-04,2+1,9.34,1119080,197013,0
2011-02-11,5+2,15000000.00,0,0,1
2011-02-11,5+1,235458.65,13,2,0
2011-02-11,5+0,108581.44,8,1,0
2011-02-11,4+2,4736.37,131,25,0
2011-02-11,4+1,185.99,2224,348,0
2011-02-11,4+0,82.21,3522,572,0
2011-02-11,3+2,81.17,5096,732,0
2011-02-11,3+1,23.21,90858,14886,0
2011-02-11,2+2,27.04,67292,10103,0
2011-02-11,3+0,13.97,139090,24966,0
2011-02-11,1+2,12.57,332311,52067,0
2011-02-11,2+1,7.81,1269935,215108,0
2011-02-18,5+2,28569173.10,0,0,1
2011-02-18,5+1,522978.54,6,1,0
2011-02-18,5+0,98941.88,9,0,0
2011-02-18,4+2,6695.31,95,11,0
2011-02-18,4+1,334.94,1266,224,0
2011-02-18,4+0,165.63,1792,257,0
2011-02-18,3+2,78.97,5369,855,0
2011-02-18,3+1,30.56,70750,12745,0
2011-02-18,2+2,21.97,84891,14613,0
2011-02-18,3+0,20.38,97771,17099,0
2011-02-18,1+2,9.30,460162,82143,0
2011-02-18,2+1,9.18,1108449,206853,0
2011-02-25,5+2,44068143.00,0,0,1
2011-02-25,5+1,597356.13,6,1,0
2011-02-25,5+0,127139.98,8,4,0
2011-02-25,4+2,7265.14,100,18,0
2011-02-25,4+1,325.28,1489,250,0
2011-02-25,4+0,143.11,2369,411,0
2011-02-25,3+2,94.82,5108,811,0
2011-02-25,3+1,33.58,73560,11075,0
2011-02-25,2+2,25.13,84797,14120,0
2011-02-25,3+0,20.71,109900,16067,0
2011-02-25,1+2,10.35,472558,80792,0
2011-02-25,2+1,9.72,1195253,191449,0
2011-03-04,5+2,61901147.20,0,0,1
2011-03-04,5+1,343656.85,12,2,0
2011-03-04,5+0,117029.08,10,2,0
2011-03-04,4+2,4494.20,186,46,0
2011-03-04,4+1,267.02,2087,335,0
2011-03-04,4+0,128.65,3032,431,0
2011-03-04,3+2,64.53,8636,1689,0
2011-03-04,3+1,26.52,107155,18460,0
2011-03-04,2+2,19.25,127317,24052,0
2011-03-04,3+0,17.39,150578,23452,0
2011-03-04,1+2,8.57,656444,122660,0
2011-03-04,2+1,8.58,1557991,271097,0
2011-03-11,5+2,82769625.20,0,0,1
2011-03-11,5+1,402152.96,12,1,0
2011-03-11,5+0,114124.48,12,0,0
2011-03-11,4+2,5434.49,180,11,0
2011-03-11,4+1,272.63,2392,269,0
2011-03-11,4+0,133.75,3413,349,0
2011-03-11,3+2,74.80,8718,1034,0
2011-03-11,3+1,28.42,116999,14429,0
2011-03-11,2+2,22.02,130278,16461,0
2011-03-11,3+0,18.72,163671,20348,0
2011-03-11,1+2,9.61,684868,89550,0
2011-03-11,2+1,9.04,1730933,234873,0
2011-03-18,5+2,107470964.80,0,0,1
2011-03-18,5+1,357011.54,16,2,0
2011-03-18,5+0,55897.42,29,4,0
2011-03-18,4+2,6158.91,188,32,0
2011-03-18,4+1,217.31,3552,567,0
2011-03-18,4+0,100.19,5393,853,0
2011-03-18,3+2,85.42,9036,1174,0
2011-03-18,3+1,26.47,148679,22796,0
2011-03-18,2+2,26.30,129129,17345,0
2011-03-18,3+0,16.25,223159,34539,0
2011-03-18,1+2,11.90,654937,83913,0
2011-03-18,2+1,8.96,2067450,302381,0
2011-03-25,5+2,69105267.00,2,1,0
2011-03-25,5+1,394918.06,18,5,0
2011-03-25,5+0,59331.88,34,5,0
2011-03-25,4+2,2605.63,553,92,0
2011-03-25,4+1,177.89,5400,1001,0
2011-03-25,4+0,83.06,8095,1679,0
2011-03-25,3+2,46.03,20868,2870,0
2011-03-25,3+1,23.83,205538,28222,0
2011-03-25,2+2,15.29,276291,40009,0
2011-03-25,3+0,14.86,303705,41049,0
2011-03-25,1+2,7.37,1316260,188183,0
2011-03-25,2+1,8.24,2796521,384283,0
2011-04-01,5+2,15000000.00,1,0,0
2011-04-01,5+1,429383.26,8,1,0
2011-04-01,5+0,44309.82,22,7,0
2011-04-01,4+2,3516.65,198,40,0
2011-04-01,4+1,180.20,2576,543,0
2011-04-01,4+0,79.56,4084,995,0
2011-04-01,3+2,57.42,8084,1424,0
2011-04-01,3+1,22.58,104845,21050,0
2011-04-01,2+2,19.72,103548,18222,0
2011-04-01,3+0,13.01,167608,37055,0
2011-04-01,1+2,9.76,480101,78414,0
2011-04-01,2+1,8.28,1344193,249361,0
2011-04-08,5+2,15000000.00,0,0,1
2011-04-08,5+1,534915.35,6,1,0
2011-04-08,5+0,101200.20,9,1,0
2011-04-08,4+2,5861.01,111,26,0
2011-04-08,4+1,298.08,1455,253,0
2011-04-08,4+0,124.01,2448,469,0
2011-04-08,3+2,83.19,5213,1052,0
2011-04-08,3+1,32.37,68332,13180,0
2011-04-08,2+2,24.22,78779,16707,0
2011-04-08,3+0,18.40,110756,21815,0
2011-04-08,1+2,9.90,442333,92065,0
2011-04-08,2+1,10.16,1024268,191860,0
2011-04-15,5+2,29316255.00,0,0,1
2011-04-15,5+1,236473.85,14,3,0
2011-04-15,5+0,55264.95,17,4,0
2011-04-15,4+2,4970.92,135,30,0
2011-04-15,4+1,276.84,1616,296,0
2011-04-15,4+0,132.52,2363,420,0
2011-04-15,3+2,72.67,6156,1461,0
2011-04-15,3+1,29.66,76912,14979,0
2011-04-15,2+2,21.17,92943,21025,0
2011-04-15,3+0,17.87,117628,21932,0
2011-04-15,1+2,9.35,483190,100827,0
2011-04-15,2+1,9.41,1140588,215951,0
2011-04-22,5+2,43415570.00,1,0,0
2011-04-22,5+1,362274.06,9,0,0
2011-04-22,5+0,115658.44,8,1,0
2011-04-22,4+2,7262.69,91,8,0
2011-04-22,4+1,265.10,1662,264,0
2011-04-22,4+0,111.54,2765,532,0
2011-04-22,3+2,102.27,4308,672,0
2011-04-22,3+1,31.66,70957,11652,0
2011-04-22,2+2,29.76,65123,10540,0
2011-04-22,3+0,17.57,117834,21594,0
2011-04-22,1+2,12.52,355360,58905,0
2011-04-22,2+1,10.16,1040049,174088,0
2011-04-29,5+2,15000000.00,0,0,1
2011-04-29,5+1,999137.54,3,0,0
2011-04-29,5+0,283539.03,3,1,0
2011-04-29,4+2,7690.93,79,18,0
2011-04-29,4+1,308.96,1311,238,0
2011-04-29,4+0,134.50,2108,412,0
2011-04-29,3+2,114.45,3539,647,0
2011-04-29,3+1,33.58,61501,11606,0
2011-04-29,2+2,34.45,51723,8741,0
2011-04-29,3+0,19.13,99477,19043,0
2011-04-29,1+2,14.18,288344,48630,0
2011-04-29,2+1,10.50,925416,173341,0
2011-05-06,5+2,28772008.00,1,0,0
2011-05-06,5+1,227484.05,14,2,0
2011-05-06,5+0,47567.78,19,3,0
2011-05-06,4+2,4332.63,149,26,0
2011-05-06,4+1,191.78,2244,390,0
2011-05-06,4+0,79.07,3810,834,0
2011-05-06,3+2,66.76,6446,956,0
2011-05-06,3+1,23.57,93092,17034,0
2011-05-06,2+2,22.39,84572,12465,0
2011-05-06,3+0,13.27,152321,31346,0
2011-05-06,1+2,10.57,410991,61485,0
2011-05-06,2+1,8.66,1191381,202939,0
2011-05-10,5+2,100000000.00,0,0,1
2011-05-10,5+1,148318.87,13,2,0
2011-05-10,5+0,80339.38,8,0,0
2011-05-10,4+2,2186.10,147,23,0
2011-05-10,4+1,150.69,1866,303,0
2011-05-10,4+0,93.38,3011,388,0
2011-05-10,3+2,32.93,6098,852,0
2011-05-10,2+2,11.46,80605,10909,0
2011-05-10,3+1,11.30,78180,10738,0
2011-05-10,3+0,11.53,128824,14679,0
2011-05-10,1+2,6.62,393868,49663,0
2011-05-10,2+1,6.77,1043164,128498,0
2011-05-10,2+0,4.16,1735300,185473,0
2011-05-13,5+2,121019633.00,1,0,0
2011-05-13,5+1,394118.11,8,0,0
2011-05-13,5+0,45694.85,23,2,0
2011-05-13,4+2,5362.15,98,10,0
2011-05-13,4+1,208.43,2206,212,0
2011-05-13,4+0,100.48,4576,455,0
2011-05-13,3+2,67.97,4832,520,0
2011-05-13,2+2,21.10,71595,7519,0
2011-05-13,3+1,13.79,104762,11316,0
2011-05-13,3+0,11.78,206297,22778,0
2011-05-13,1+2,11.31,377313,41185,0
2011-05-13,2+1,7.52,1536402,174238,0
2011-05-13,2+0,3.94,2994911,347565,0
2011-05-17,5+2,15000000.00,0,0,1
2011-05-17,5+1,331137.39,3,1,0
2011-05-17,5+0,55189.56,6,2,0
2011-05-17,4+2,5913.16,28,4,0
2011-05-17,4+1,280.76,516,49,0
2011-05-17,4+0,156.11,928,124,0
2011-05-17,3+2,84.68,1222,165,0
2011-05-17,2+2,24.44,19475,3069,0
2011-05-17,3+1,17.79,25592,3891,0
2011-05-17,3+0,16.46,46509,6577,0
2011-05-17,1+2,11.79,114091,18060,0
2011-05-17,2+1,8.44,431141,72266,0
2011-05-17,2+0,4.95,752029,114274,0
2011-05-20,5+2,27642654.00,1,0,0
2011-05-20,5+1,237049.75,8,1,0
2011-05-20,5+0,48625.59,13,0,0
2011-05-20,4+2,7183.32,44,5,0
2011-05-20,4+1,250.96,1102,151,0
2011-05-20,4+0,95.72,2889,407,0
2011-05-20,3+2,104.68,1887,245,0
2011-05-20,2+2,31.33,28998,3932,0
2011-05-20,3+1,16.47,52749,7597,0
2011-05-20,3+0,10.64,137334,21785,0
2011-05-20,1+2,16.60,154697,20645,0
2011-05-20,2+1,9.21,754868,114111,0
2011-05-20,2+0,3.71,1913954,311968,0
2011-05-24,5+2,15000000.00,0,0,1
2011-05-24,5+1,153266.35,6,0,0
2011-05-24,5+0,76633.17,4,0,0
2011-05-24,4+2,5894.85,26,3,0
2011-05-24,4+1,169.11,793,116,0
2011-05-24,4+0,100.23,1338,212,0
2011-05-24,3+2,51.17,1872,232,0
2011-05-24,2+2,16.44,26799,3607,0
2011-05-24,3+1,13.06,32259,5418,0
2011-05-24,3+0,11.94,59330,9833,0
2011-05-24,1+2,8.92,139470,19164,0
2011-05-24,2+1,7.35,458386,73618,0
2011-05-24,2+0,4.09,841958,134630,0
2011-05-27,5+2,27342235.80,0,0,1
2011-05-27,5+1,231416.92,8,3,0
2011-05-27,5+0,41140.78,15,3,0
2011-05-27,4+2,3856.94,80,3,0
2011-05-27,4+1,133.32,2025,285,0
2011-05-27,4+0,81.59,3309,507,0
2011-05-27,3+2,60.95,3164,470,0
2011-05-27,2+2,20.19,43918,6551,0
2011-05-27,3+1,11.12,76252,12398,0
2011-05-27,3+0,10.77,132418,21888,0
2011-05-27,1+2,11.57,216543,31675,0
2011-05-27,2+1,6.86,988185,157959,0
2011-05-27,2+0,3.99,1736964,281724,0
2011-05-31,5+2,33899734.70,0,0,1
2011-05-31,5+1,109291.64,9,6,0
2011-05-31,5+0,46839.27,7,2,0
2011-05-31,4+2,2778.60,59,17,0
2011-05-31,4+1,138.06,1039,249,0
2011-05-31,4+0,66.13,2169,437,0
2011-05-31,3+2,65.22,1571,331,0
2011-05-31,2+2,23.12,20379,3880,0
2011-05-31,3+1,11.73,38430,7754,0
2011-05-31,3+0,9.31,81421,14764,0
2011-05-31,1+2,13.52,98506,17402,0
2011-05-31,2+1,7.37,488982,93456,0
2011-05-31,2+0,3.54,1039202,178353,0
2011-06-03,5+2,46382250.20,0,0,1
2011-06-03,5+1,374475.46,5,1,0
2011-06-03,5+0,69347.30,9,0,0
2011-06-03,4+2,5887.97,53,10,0
2011-06-03,4+1,258.08,1058,188,0
2011-06-03,4+0,132.42,2062,366,0
2011-06-03,3+2,64.28,3034,647,0
2011-06-03,2+2,17.77,50485,10480,0
2011-06-03,3+1,17.46,49133,8842,0
2011-06-03,3+0,16.02,90078,14858,0
2011-06-03,1+2,8.14,311196,65745,0
2011-06-03,2+1,8.57,800377,145215,0
2011-06-03,2+0,4.97,1410613,229732,0
2011-06-07,5+2,54804888.60,0,0,1
2011-06-07,5+1,421131.92,3,0,0
2011-06-07,5+0,70188.65,6,1,0
2011-06-07,4+2,5399.12,39,2,0
2011-06-07,4+1,273.76,673,84,0
2011-06-07,4+0,119.32,1544,155,0
2011-06-07,3+2,91.39,1440,123,0
2011-06-07,2+2,28.58,21179,2174,0
2011-06-07,3+1,18.41,31440,3771,0
2011-06-07,3+0,13.15,74036,10422,0
2011-06-07,1+2,14.83,115335,11653,0
2011-06-07,2+1,9.81,471801,57759,0
2011-06-07,2+0,4.28,1104576,154981,0
2011-06-10,5+2,68829139.80,0,0,1
2011-06-10,5+1,420727.53,5,0,0
2011-06-10,5+0,53939.42,13,1,0
2011-06-10,4+2,7791.25,45,1,0
2011-06-10,4+1,256.29,1197,121,0
2011-06-10,4+0,113.70,2698,267,0
2011-06-10,3+2,93.60,2341,242,0
2011-06-10,2+2,29.68,33962,3564,0
2011-06-10,3+1,17.83,54046,6059,0
2011-06-10,3+0,12.50,129707,15497,0
2011-06-10,1+2,15.49,183795,21435,0
2011-06-10,2+1,9.57,805638,95396,0
2011-06-10,2+0,3.99,1972962,255096,0
2011-06-14,5+2,77116728.60,0,0,1
2011-06-14,5+1,155392.29,8,0,0
2011-06-14,5+0,69063.24,6,1,0
2011-06-14,4+2,5919.70,35,2,0
2011-06-14,4+1,249.02,728,77,0
2011-06-14,4+0,97.94,1851,211,0
2011-06-14,3+2,92.89,1394,165,0
2011-06-14,2+2,28.83,20658,2441,0
2011-06-14,3+1,16.26,35028,4194,0
2011-06-14,3+0,11.39,84076,10338,0
2011-06-14,1+2,15.45,108954,12805,0
2011-06-14,2+1,9.05,503519,63345,0
2011-06-14,2+0,3.80,1226170,163112,0
2011-06-17,5+2,92688906.20,0,0,1
2011-06-17,5+1,233582.66,10,1,0
2011-06-17,5+0,59892.99,13,0,0
2011-06-17,4+2,3385.25,115,16,0
2011-06-17,4+1,166.89,2041,294,0
2011-06-17,4+0,90.66,3757,542,0
2011-06-17,3+2,43.34,5614,936,0
2011-06-17,2+2,14.22,78702,13045,0
2011-06-17,3+1,11.60,92240,15491,0
2011-06-17,3+0,10.30,174791,27329,0
2011-06-17,1+2,7.84,403269,64209,0
2011-06-17,2+1,6.95,1230833,202142,0
2011-06-17,2+0,3.89,2248727,337071,0
2011-06-21,5+2,103328213.10,0,0,1
2011-06-21,5+1,531965.34,3,1,0
2011-06-21,5+0,59107.26,9,1,0
2011-06-21,4+2,6820.06,39,4,0
2011-06-21,4+1,229.06,1016,157,0
2011-06-21,4+0,115.78,2010,329,0
2011-06-21,3+2,71.13,2337,301,0
2011-06-21,2+2,21.40,35726,4686,0
2011-06-21,3+1,15.85,46139,6654,0
2011-06-21,3+0,13.56,90669,12976,0
2011-06-21,1+2,10.84,199271,26248,0
2011-06-21,2+1,8.27,707015,101010,0
2011-06-21,2+0,4.42,1352892,188361,0
2011-06-24,5+2,120909818.80,0,0,1
2011-06-24,5+1,879080.28,3,0,0
2011-06-24,5+0,26638.79,33,3,0
2011-06-24,4+2,4994.77,88,14,0
2011-06-24,4+1,220.14,1747,225,0
2011-06-24,4+0,92.51,4157,638,0
2011-06-24,3+2,81.68,3363,379,0
2011-06-24,2+2,27.16,46518,4569,0
2011-06-24,3+1,16.13,74900,9796,0
2011-06-24,3+0,11.48,177013,24738,0
2011-06-24,1+2,14.62,244222,23756,0
2011-06-24,2+1,9.09,1062900,134462,0
2011-06-24,2+0,3.92,2521874,341993,0
2011-06-28,5+2,134366393.60,0,0,1
2011-06-28,5+1,403697.24,5,1,0
2011-06-28,5+0,74758.74,9,0,0
2011-06-28,4+2,6596.36,51,6,0
2011-06-28,4+1,254.41,1157,170,0
2011-06-28,4+0,122.90,2395,310,0
2011-06-28,3+2,76.29,2756,373,0
2011-06-28,2+2,21.98,44000,6536,0
2011-06-28,3+1,15.81,58513,8662,0
2011-06-28,3+0,13.89,112005,16180,0
2011-06-28,1+2,11.34,240973,35943,0
2011-06-28,2+1,7.96,929074,145337,0
2011-06-28,2+0,4.42,1710076,255830,0
2011-07-01,5+2,156881528.30,0,0,1
2011-07-01,5+1,241233.58,14,0,0
2011-07-01,5+0,40205.59,28,5,0
2011-07-01,4+2,4432.11,127,10,0
2011-07-01,4+1,163.89,3005,405,0
2011-07-01,4+0,90.38,5449,710,0
2011-07-01,3+2,64.15,5484,618,0
2011-07-01,2+2,20.72,78083,9429,0
2011-07-01,3+1,12.29,125868,15886,0
2011-07-01,3+0,11.53,225655,28562,0
2011-07-01,1+2,11.31,404262,51015,0
2011-07-01,2+1,7.24,1709693,221866,0
2011-07-01,2+0,4.05,3121665,403331,0
2011-07-05,5+2,176718802.20,0,0,1
2011-07-05,5+1,330571.23,9,1,0
2011-07-05,5+0,70836.69,14,0,0
2011-07-05,4+2,4814.14,103,10,0
2011-07-05,4+1,223.76,1939,201,0
2011-07-05,4+0,112.51,3856,434,0
2011-07-05,3+2,60.97,5083,633,0
2011-07-05,2+2,18.47,77153,10536,0
2011-07-05,3+1,14.52,93907,11958,0
2011-07-05,3+0,12.85,178456,22043,0
2011-07-05,1+2,9.67,416590,60189,0
2011-07-05,2+1,7.72,1411536,197014,0
2011-07-05,2+0,4.23,2636492,338212,0
2011-07-08,5+2,185000000.00,0,0,1
2011-07-08,5+1,4576070.55,6,1,0
2011-07-08,5+0,64747.50,24,1,0
2011-07-08,4+2,5471.61,142,10,0
2011-07-08,4+1,238.79,2847,370,0
2011-07-08,4+0,106.64,6375,903,0
2011-07-08,3+2,74.41,6526,677,0
2011-07-08,2+2,23.56,94792,9946,0
2011-07-08,3+1,15.12,141269,17741,0
2011-07-08,3+0,11.99,299580,41109,0
2011-07-08,1+2,12.55,502744,54229,0
2011-07-08,2+1,8.12,2104930,263466,0
2011-07-08,2+0,3.91,4463502,616826,0
2011-07-12,5+2,185000000.00,1,0,0
2011-07-12,5+1,2435037.19,11,1,0
2011-07-12,5+0,77638.86,15,3,0
2011-07-12,4+2,5019.75,116,13,0
2011-07-12,4+1,226.74,2247,254,0
2011-07-12,4+0,99.90,5100,681,0
2011-07-12,3+2,80.26,4534,495,0
2011-07-12,2+2,26.50,63155,6368,0
2011-07-12,3+1,15.96,100310,12016,0
2011-07-12,3+0,12.01,224075,30586,0
2011-07-12,1+2,14.25,332005,34907,0
2011-07-12,2+1,8.81,1454004,178139,0
2011-07-12,2+0,4.06,3226558,439280,0
2011-07-15,5+2,15000000.00,0,0,1
2011-07-15,5+1,400422.94,5,1,0
2011-07-15,5+0,95338.79,7,0,0
2011-07-15,4+2,5213.84,64,14,0
2011-07-15,4+1,253.89,1150,206,0
2011-07-15,4+0,138.57,2107,348,0
2011-07-15,3+2,69.89,2984,589,0
2011-07-15,2+2,20.26,47336,8878,0
2011-07-15,3+1,16.31,56254,10226,0
2011-07-15,3+0,15.24,101228,17178,0
2011-07-15,1+2,10.45,259248,48028,0
2011-07-15,2+1,8.08,908269,174366,0
2011-07-15,2+0,4.66,1607981,294402,0
2011-07-19,5+2,23148546.00,1,0,0
2011-07-19,5+1,407427.28,3,0,0
2011-07-19,5+0,67904.54,6,0,0
2011-07-19,4+2,3086.57,66,23,0
2011-07-19,4+1,175.61,1015,300,0
2011-07-19,4+0,100.81,1768,491,0
2011-07-19,3+2,44.58,2856,665,0
2011-07-19,2+2,14.16,41359,8532,0
2011-07-19,3+1,13.46,41601,8832,0
2011-07-19,3+0,12.59,74780,14060,0
2011-07-19,1+2,7.62,217100,41610,0
2011-07-19,2+1,7.32,611968,118099,0
2011-07-19,2+0,4.42,1036445,181085,0
2011-07-22,5+2,7500000.00,2,1,0
2011-07-22,5+1,166539.48,11,2,0
2011-07-22,5+0,61064.47,10,1,0
2011-07-22,4+2,3550.26,86,13,0
2011-07-22,4+1,194.72,1372,246,0
2011-07-22,4+0,102.08,2617,542,0
2011-07-22,3+2,47.09,4052,917,0
2011-07-22,2+2,14.97,58613,12414,0
2011-07-22,3+1,13.34,62905,11833,0
2011-07-22,3+0,12.04,117193,21886,0
2011-07-22,1+2,8.01,309635,62980,0
2011-07-22,2+1,7.80,860159,156947,0
2011-07-22,2+0,4.07,1686250,306942,0
2011-07-26,5+2,15000000.00,0,0,1
2011-07-26,5+1,531993.86,2,0,0
2011-07-26,5+0,44332.82,8,0,0
2011-07-26,4+2,6333.26,28,5,0
2011-07-26,4+1,228.18,680,113,0
2011-07-26,4+0,87.26,1778,234,0
2011-07-26,3+2,84.28,1315,184,0
2011-07-26,2+2,27.66,18431,2899,0
2011-07-26,3+1,14.97,32566,5498,0
2011-07-26,3+0,10.95,74841,11949,0
2011-07-26,1+2,15.10,95406,14668,0
2011-07-26,2+1,8.28,470946,83958,0
2011-07-26,2+0,3.76,1060709,179585,0
2011-07-29,5+2,27315669.00,1,0,0
2011-07-29,5+1,615783.42,3,0,0
2011-07-29,5+0,55980.31,11,2,0
2011-07-29,4+2,4887.17,63,7,0
2011-07-29,4+1,158.75,1697,228,0
2011-07-29,4+0,74.56,3613,480,0
2011-07-29,3+2,70.98,2711,435,0
2011-07-29,2+2,24.26,36478,5757,0
2011-07-29,3+1,13.05,64832,10682,0
2011-07-29,3+0,10.21,139437,21996,0
2011-07-29,1+2,13.68,182811,29641,0
2011-07-29,2+1,7.90,857271,149235,0
2011-07-29,2+0,3.75,1846202,302446,0
2011-08-02,5+2,15000000.00,0,0,1
2011-08-02,5+1,1026317.23,1,0,0
2011-08-02,5+0,85526.43,4,0,0
2011-08-02,4+2,2221.46,77,11,0
2011-08-02,4+1,134.83,1110,217,0
2011-08-02,4+0,87.78,1705,317,0
2011-08-02,3+2,36.68,2914,568,0
2011-08-02,2+2,12.71,38671,7371,0
2011-08-02,3+1,11.06,42511,7973,0
2011-08-02,3+0,11.18,70711,12300,0
2011-08-02,1+2,7.66,181408,34182,0
2011-08-02,2+1,6.68,563187,102690,0
2011-08-02,2+0,3.96,969742,164656,0
2011-08-05,5+2,26847221.40,0,0,1
2011-08-05,5+1,888541.60,2,0,0
2011-08-05,5+0,45566.23,13,2,0
2011-08-05,4+2,8462.30,35,7,0
2011-08-05,4+1,267.72,968,155,0
2011-08-05,4+0,102.59,2526,419,0
2011-08-05,3+2,98.41,1881,271,0
2011-08-05,2+2,31.39,27119,3451,0
2011-08-05,3+1,17.93,45404,7100,0
2011-08-05,3+0,11.37,120447,22303,0
2011-08-05,1+2,16.86,142706,18556,0
2011-08-05,2+1,9.61,677485,107918,0
2011-08-05,2+0,3.63,1831786,339320,0
2011-08-09,5+2,34158167.30,0,0,1
2011-08-09,5+1,0.00,0,0,0
2011-08-09,5+0,365547.29,4,0,0
2011-08-09,4+2,5375.69,34,3,0
2011-08-09,4+1,253.04,632,93,0
2011-08-09,4+0,102.12,1566,199,0
2011-08-09,3+2,89.80,1272,174,0
2011-08-09,2+2,26.77,19628,3254,0
2011-08-09,3+1,16.42,30610,4669,0
2011-08-09,3+0,11.23,75273,11403,0
2011-08-09,1+2,14.25,104199,17667,0
2011-08-09,2+1,8.87,453097,74804,0
2011-08-09,2+0,3.70,1110695,185662,0
2011-08-12,5+2,46432976.00,0,0,1
2011-08-12,5+1,306870.21,6,0,0
2011-08-12,5+0,43838.60,14,1,0
2011-08-12,4+2,1992.66,154,25,0
2011-08-12,4+1,128.04,2097,414,0
2011-08-12,4+0,89.86,2988,522,0
2011-08-12,3+2,30.87,6212,1099,0
2011-08-12,2+2,12.07,73070,11602,0
2011-08-12,3+1,9.50,88824,16841,0
2011-08-12,3+0,10.91,130041,23007,0
2011-08-12,1+2,7.38,337745,51613,0
2011-08-12,2+1,6.52,1033896,177965,0
2011-08-12,2+0,3.96,1741439,305682,0
2011-08-16,5+2,53726355.20,0,0,1
2011-08-16,5+1,1094006.88,1,0,0
2011-08-16,5+0,52095.56,7,1,0
2011-08-16,4+2,3440.27,53,8,0
2011-08-16,4+1,204.27,781,169,0
2011-08-16,4+0,112.59,1417,255,0
2011-08-16,3+2,49.59,2298,475,0
2011-08-16,2+2,14.59,35925,6738,0
2011-08-16,3+1,13.37,37481,7152,0
2011-08-16,3+0,12.18,69207,12411,0
2011-08-16,1+2,7.76,190898,34656,0
2011-08-16,2+1,7.24,553953,102981,0
2011-08-16,2+0,4.05,1011067,173566,0
2011-08-19,5+2,66489768.90,0,0,1
2011-08-19,5+1,319085.34,6,2,0
2011-08-19,5+0,37539.45,17,1,0
2011-08-19,4+2,6789.04,47,5,0
2011-08-19,4+1,183.80,1519,304,0
2011-08-19,4+0,70.86,3940,796,0
2011-08-19,3+2,82.99,2403,405,0
2011-08-19,2+2,27.15,33780,5013,0
2011-08-19,3+1,14.25,61536,11438,0
2011-08-19,3+0,9.94,148326,27811,0
2011-08-19,1+2,14.75,175708,24984,0
2011-08-19,2+1,8.55,820946,138868,0
2011-08-19,2+0,3.70,1940208,340026,0
2011-08-23,5+2,74844025.90,0,0,1
2011-08-23,5+1,313284.63,4,1,0
2011-08-23,5+0,417712.84,1,0,0
2011-08-23,4+2,5094.05,41,5,0
2011-08-23,4+1,243.01,752,140,0
2011-08-23,4+0,135.57,1348,225,0
2011-08-23,3+2,52.80,2472,458,0
2011-08-23,2+2,17.31,34675,6262,0
2011-08-23,3+1,14.95,38409,6645,0
2011-08-23,3+0,13.52,71427,12848,0
2011-08-23,1+2,9.51,178362,31708,0
2011-08-23,2+1,7.79,589084,103007,0
2011-08-23,2+0,4.26,1101310,198277,0
2011-08-26,5+2,89057636.40,0,0,1
2011-08-26,5+1,133252.59,16,4,0
2011-08-26,5+0,41804.73,17,5,0
2011-08-26,4+2,1622.55,219,57,0
2011-08-26,4+1,123.72,2513,560,0
2011-08-26,4+0,78.53,3959,960,0
2011-08-26,3+2,28.29,7849,1662,0
2011-08-26,2+2,10.27,99416,19644,0
2011-08-26,3+1,10.83,90189,17326,0
2011-08-26,3+0,11.64,141165,24741,0
2011-08-26,1+2,6.14,469751,89413,0
2011-08-26,2+1,6.63,1178511,213276,0
2011-08-26,2+0,4.23,1887104,306027,0
2011-08-30,5+2,98519379.20,0,0,1
2011-08-30,5+1,354815.35,4,0,0
2011-08-30,5+0,59135.89,8,0,0
2011-08-30,4+2,3379.19,70,12,0
2011-08-30,4+1,166.78,1241,172,0
2011-08-30,4+0,89.36,2316,284,0
2011-08-30,3+2,44.19,3345,495,0
2011-08-30,2+2,14.61,46532,7802,0
2011-08-30,3+1,12.02,54111,8168,0
2011-08-30,3+0,11.26,97087,13870,0
2011-08-30,1+2,7.76,247538,45448,0
2011-08-30,2+1,7.14,728815,117259,0
2011-08-30,2+0,4.15,1279738,193006,0
2011-09-02,5+2,115692110.70,0,0,1
2011-09-02,5+1,367987.10,7,1,0
2011-09-02,5+0,50508.03,17,2,0
2011-09-02,4+2,3833.19,112,6,0
2011-09-02,4+1,202.29,1857,162,0
2011-09-02,4+0,116.22,3232,296,0
2011-09-02,3+2,50.48,5315,595,0
2011-09-02,2+2,16.20,76181,9395,0
2011-09-02,3+1,14.49,81463,9397,0
2011-09-02,3+0,13.29,149386,17253,0
2011-09-02,1+2,8.49,410505,53143,0
2011-09-02,2+1,8.06,1171123,151945,0
2011-09-02,2+0,4.50,2144044,277719,0
2011-09-06,5+2,127472056.90,0,0,1
2011-09-06,5+1,294498.65,6,1,0
2011-09-06,5+0,58899.73,10,2,0
2011-09-06,4+2,3926.64,75,13,0
2011-09-06,4+1,257.94,999,157,0
2011-09-06,4+0,137.06,1880,282,0
2011-09-06,3+2,64.85,2838,462,0
2011-09-06,2+2,23.44,36114,5245,0
2011-09-06,3+1,17.17,47146,6677,0
2011-09-06,3+0,15.52,87740,11805,0
2011-09-06,1+2,12.20,196107,27207,0
2011-09-06,2+1,9.11,710704,101662,0
2011-09-06,2+0,5.04,1314112,182526,0
2011-09-09,5+2,147365853.40,0,0,1
2011-09-09,5+1,596813.89,5,0,0
2011-09-09,5+0,165781.63,6,0,0
2011-09-09,4+2,5465.32,91,15,0
2011-09-09,4+1,218.46,1992,233,0
2011-09-09,4+0,111.49,3903,506,0
2011-09-09,3+2,67.86,4580,625,0
2011-09-09,2+2,20.89,68436,9115,0
2011-09-09,3+1,14.49,94359,13133,0
2011-09-09,3+0,12.17,188996,27166,0
2011-09-09,1+2,11.23,359818,47298,0
2011-09-09,2+1,7.74,1411915,197033,0
2011-09-09,2+0,4.01,2788409,398516,0
2011-09-13,5+2,162256622.00,1,0,0
2011-09-13,5+1,372269.20,6,0,0
2011-09-13,5+0,148907.68,5,0,0
2011-09-13,4+2,4278.95,87,7,0
2011-09-13,4+1,221.58,1470,238,0
2011-09-13,4+0,116.91,2786,496,0
2011-09-13,3+2,81.18,2866,304,0
2011-09-13,2+2,26.02,41124,4647,0
2011-09-13,3+1,14.94,68478,8854,0
2011-09-13,3+0,12.43,138489,19948,0
2011-09-13,1+2,14.19,213139,23369,0
2011-09-13,2+1,8.29,987671,125655,0
2011-09-13,2+0,4.04,2070954,289242,0
2011-09-16,5+2,15000000.00,1,0,0
2011-09-16,5+1,634449.96,3,0,0
2011-09-16,5+0,63444.99,10,0,0
2011-09-16,4+2,5874.53,54,11,0
2011-09-16,4+1,225.48,1231,163,0
2011-09-16,4+0,91.88,3021,522,0
2011-09-16,3+2,79.65,2489,290,0
2011-09-16,2+2,26.65,34213,4259,0
2011-09-16,3+1,15.87,54940,8235,0
2011-09-16,3+0,11.60,126376,19648,0
2011-09-16,1+2,14.41,178828,22815,0
2011-09-16,2+1,8.83,790199,121629,0
2011-09-16,2+0,3.93,1815692,284968,0
2011-09-20,5+2,15000000.00,0,0,1
2011-09-20,5+1,551570.95,2,1,0
2011-09-20,5+0,45964.24,8,2,0
2011-09-20,4+2,4484.31,41,4,0
2011-09-20,4+1,196.66,818,143,0
2011-09-20,4+0,94.52,1702,334,0
2011-09-20,3+2,77.80,1477,204,0
2011-09-20,2+2,25.40,20805,2862,0
2011-09-20,3+1,14.34,35248,5869,0
2011-09-20,3+0,11.21,75835,12721,0
2011-09-20,1+2,13.67,109206,14921,0
2011-09-20,2+1,8.12,498087,76359,0
2011-09-20,2+0,3.83,1078896,173718,0
2011-09-23,5+2,27447713.20,0,0,1
2011-09-23,5+1,311192.83,6,1,0
2011-09-23,5+0,77798.20,8,0,0
2011-09-23,4+2,3661.09,85,7,0
2011-09-23,4+1,208.17,1308,221,0
2011-09-23,4+0,116.51,2337,401,0
2011-09-23,3+2,50.19,3875,723,0
2011-09-23,2+2,15.36,58246,11000,0
2011-09-23,3+1,15.33,55816,9235,0
2011-09-23,3+0,13.88,103642,17377,0
2011-09-23,1+2,8.00,315999,61153,0
2011-09-23,2+1,8.20,834365,137416,0
2011-09-23,2+0,4.54,1540530,247845,0
2011-09-27,5+2,35496317.40,0,0,1
2011-09-27,5+1,1207290.62,1,0,0
2011-09-27,5+0,134143.40,3,1,0
2011-09-27,4+2,3353.58,60,17,0
2011-09-27,4+1,230.14,765,141,0
2011-09-27,4+0,130.70,1347,248,0
2011-09-27,3+2,41.64,3020,784,0
2011-09-27,2+2,12.91,44777,10880,0
2011-09-27,3+1,13.80,40077,7792,0
2011-09-27,3+0,14.11,65933,10812,0
2011-09-27,1+2,6.86,238169,53047,0
2011-09-27,2+1,7.27,608632,113888,0
2011-09-27,2+0,4.52,1001070,159838,0
2011-09-30,5+2,16192686.00,3,0,0
2011-09-30,5+1,327043.46,6,0,0
2011-09-30,5+0,27253.62,24,9,0
2011-09-30,4+2,3303.46,99,14,0
2011-09-30,4+1,177.74,1610,299,0
2011-09-30,4+0,78.25,3657,716,0
2011-09-30,3+2,55.80,3663,562,0
2011-09-30,2+2,18.36,51204,7480,0
2011-09-30,3+1,13.82,65057,10679,0
2011-09-30,3+0,11.02,137229,22952,0
2011-09-30,1+2,9.88,268767,39782,0
2011-09-30,2+1,8.16,881594,135094,0
2011-09-30,2+0,3.91,1879615,295868,0
2011-10-04,5+2,100000000.00,0,0,1
2011-10-04,5+1,338120.89,6,1,0
2011-10-04,5+0,42265.11,16,2,0
2011-10-04,4+2,4334.88,78,13,0
2011-10-04,4+1,220.13,1344,177,0
2011-10-04,4+0,94.85,3119,458,0
2011-10-04,3+2,72.69,2907,373,0
2011-10-04,2+2,23.80,40842,5217,0
2011-10-04,3+1,15.52,59891,7836,0
2011-10-04,3+0,11.86,131766,17536,0
2011-10-04,1+2,12.82,214235,26741,0
2011-10-04,2+1,8.63,861441,112791,0
2011-10-04,2+0,3.97,1911781,256835,0
2011-10-07,5+2,117705979.00,1,0,0
2011-10-07,5+1,177059.78,15,4,0
2011-10-07,5+0,38491.25,23,1,0
2011-10-07,4+2,1515.92,292,55,0
2011-10-07,4+1,124.90,3101,453,0
2011-10-07,4+0,74.11,5226,660,0
2011-10-07,3+2,39.63,6980,1354,0
2011-10-07,2+2,14.44,88082,15492,0
2011-10-07,3+1,13.06,93159,14693,0
2011-10-07,3+0,12.66,161650,20789,0
2011-10-07,1+2,7.85,457661,76507,0
2011-10-07,2+1,7.94,1225131,177000,0
2011-10-07,2+0,4.58,2173189,266880,0
2011-10-11,5+2,15000000.00,0,0,1
2011-10-11,5+1,228127.86,5,0,0
2011-10-11,5+0,63368.85,6,0,0
2011-10-11,4+2,6555.39,29,2,0
2011-10-11,4+1,196.62,846,132,0
2011-10-11,4+0,85.21,1952,345,0
2011-10-11,3+2,91.60,1297,174,0
2011-10-11,2+2,29.36,18612,2378,0
2011-10-11,3+1,15.86,32952,4506,0
2011-10-11,3+0,11.05,79558,11625,0
2011-10-11,1+2,15.62,98854,13212,0
2011-10-11,2+1,8.79,475482,67722,0
2011-10-11,2+0,3.77,1132120,176357,0
2011-10-14,5+2,27483911.30,0,0,1
2011-10-14,5+1,144045.13,13,1,0
2011-10-14,5+0,52016.29,12,3,0
2011-10-14,4+2,2600.81,120,21,0
2011-10-14,4+1,149.47,1827,270,0
2011-10-14,4+0,99.48,2745,293,0
2011-10-14,3+2,36.30,5373,1082,0
2011-10-14,2+2,11.99,74813,15867,0
2011-10-14,3+1,11.92,71994,11045,0
2011-10-14,3+0,12.48,115646,15303,0
2011-10-14,1+2,6.61,383529,85487,0
2011-10-14,2+1,6.97,984633,158166,0
2011-10-14,2+0,4.39,1598247,223722,0
2011-10-18,5+2,35273361.90,0,0,1
2011-10-18,5+1,584208.79,2,0,0
2011-10-18,5+0,97368.13,4,0,0
2011-10-18,4+2,5124.63,38,3,0
2011-10-18,4+1,311.50,547,54,0
2011-10-18,4+0,128.30,1328,168,0
2011-10-18,3+2,88.19,1380,158,0
2011-10-18,2+2,26.88,20826,2343,0
2011-10-18,3+1,19.03,28136,3557,0
2011-10-18,3+0,13.98,64380,8560,0
2011-10-18,1+2,14.06,112491,12918,0
2011-10-18,2+1,9.90,432420,59220,0
2011-10-18,2+0,4.37,1002241,143774,0
2011-10-21,5+2,23999325.00,2,0,0
2011-10-21,5+1,318132.17,6,0,0
2011-10-21,5+0,90894.90,7,2,0
2011-10-21,4+2,3574.51,89,18,0
2011-10-21,4+1,238.12,1169,203,0
2011-10-21,4+0,123.44,2255,342,0
2011-10-21,3+2,51.29,3876,679,0
2011-10-21,2+2,15.14,60380,10558,0
2011-10-21,3+1,15.39,56831,9022,0
2011-10-21,3+0,14.43,101917,14358,0
2011-10-21,1+2,7.40,349276,65709,0
2011-10-21,2+1,8.21,851770,134621,0
2011-10-21,2+0,4.69,1525007,215736,0
2011-10-25,5+2,15000000.00,0,0,1
2011-10-25,5+1,515004.36,2,0,0
2011-10-25,5+0,114445.41,3,0,0
2011-10-25,4+2,6866.72,25,4,0
2011-10-25,4+1,210.37,714,104,0
2011-10-25,4+0,85.49,1757,285,0
2011-10-25,3+2,79.35,1352,177,0
2011-10-25,2+2,26.99,18283,2343,0
2011-10-25,3+1,13.85,34077,5153,0
2011-10-25,3+0,9.66,82166,14392,0
2011-10-25,1+2,15.19,91782,11745,0
2011-10-25,2+1,8.23,458638,71330,0
2011-10-25,2+0,3.42,1128611,198134,0
2011-10-28,5+2,26983680.00,0,0,1
2011-10-28,5+1,599184.00,3,0,0
2011-10-28,5+0,99864.00,6,1,0
2011-10-28,4+2,4755.42,63,9,0
2011-10-28,4+1,234.47,1118,202,0
2011-10-28,4+0,126.57,2071,352,0
2011-10-28,3+2,60.59,3090,556,0
2011-10-28,2+2,16.81,51226,9040,0
2011-10-28,3+1,15.51,53090,9721,0
2011-10-28,3+0,13.47,102857,18573,0
2011-10-28,1+2,8.44,288118,45850,0
2011-10-28,2+1,8.32,791918,136226,0
2011-10-28,2+0,4.28,1573506,272876,0
2011-11-01,5+2,33703337.60,0,0,1
2011-11-01,5+1,1007948.64,1,0,0
2011-11-01,5+0,167991.44,2,0,0
2011-11-01,4+2,6719.65,25,2,0
2011-11-01,4+1,287.65,511,67,0
2011-11-01,4+0,132.30,1111,161,0
2011-11-01,3+2,87.78,1196,139,0
2011-11-01,2+2,25.71,18782,2546,0
2011-11-01,3+1,18.92,24406,3692,0
2011-11-01,3+0,12.82,60583,9948,0
2011-11-01,1+2,13.03,104747,14778,0
2011-11-01,2+1,10.22,361337,54989,0
2011-11-01,2+0,4.01,942202,160810,0
2011-11-04,5+2,46270559.30,0,0,1
2011-11-04,5+1,471270.81,4,0,0
2011-11-04,5+0,78545.13,8,3,0
2011-11-04,4+2,3878.77,81,12,0
2011-11-04,4+1,259.83,1058,167,0
2011-11-04,4+0,118.34,2323,362,0
2011-11-04,3+2,60.32,3255,454,0
2011-11-04,2+2,18.78,48090,6784,0
2011-11-04,3+1,15.66,55162,8580,0
2011-11-04,3+0,13.19,110116,16943,0
2011-11-04,1+2,9.27,275368,37106,0
2011-11-04,2+1,8.30,831936,129326,0
2011-11-04,2+0,4.47,1581288,244838,0
2011-11-08,5+2,54417324.40,0,0,1
2011-11-08,5+1,305503.69,4,1,0
2011-11-08,5+0,50917.28,8,1,0
2011-11-08,4+2,3338.83,61,19,0
2011-11-08,4+1,176.09,1012,227,0
2011-11-08,4+0,103.01,1730,318,0
2011-11-08,3+2,50.05,2543,554,0
2011-11-08,2+2,16.08,36414,6302,0
2011-11-08,3+1,13.06,42871,8014,0
2011-11-08,3+0,12.84,73311,12088,0
2011-11-08,1+2,9.29,177958,28924,0
2011-11-08,2+1,7.49,597957,100295,0
2011-11-08,2+0,4.36,1050990,155790,0
2011-11-11,5+2,67939184.00,1,0,0
2011-11-11,5+1,253534.85,8,2,0
2011-11-11,5+0,45072.86,15,1,0
2011-11-11,4+2,1988.50,170,27,0
2011-11-11,4+1,160.66,1841,221,0
2011-11-11,4+0,91.06,3248,401,0
2011-11-11,3+2,33.83,6244,848,0
2011-11-11,2+2,10.94,88793,13665,0
2011-11-11,3+1,12.97,71655,9387,0
2011-11-11,3+0,11.86,131759,17118,0
2011-11-11,1+2,5.81,471979,79978,0
2011-11-11,2+1,7.29,1018926,147306,0
2011-11-11,2+0,4.12,1843539,261981,0
2011-11-15,5+2,15000000.00,1,0,0
2011-11-15,5+1,0.00,0,0,0
2011-11-15,5+0,338091.24,4,0,0
2011-11-15,4+2,5122.59,33,3,0
2011-11-15,4+1,238.57,620,95,0
2011-11-15,4+0,104.60,1414,196,0
2011-11-15,3+2,88.85,1189,173,0
2011-11-15,2+2,27.66,17566,2473,0
2011-11-15,3+1,16.76,27736,4501,0
2011-11-15,3+0,12.62,61917,9618,0
2011-11-15,1+2,14.76,93000,12993,0
2011-11-15,2+1,8.75,424833,70354,0
2011-11-15,2+0,4.02,944225,152461,0
2011-11-18,5+2,15000000.00,0,0,1
2011-11-18,5+1,240706.01,7,1,0
2011-11-18,5+0,51058.85,11,3,0
2011-11-18,4+2,2193.93,128,15,0
2011-11-18,4+1,130.21,1887,190,0
2011-11-18,4+0,85.31,2880,316,0
2011-11-18,3+2,39.55,4437,671,0
2011-11-18,2+2,15.56,51865,8076,0
2011-11-18,3+1,11.34,68067,9449,0
2011-11-18,3+0,11.65,111437,14873,0
2011-11-18,1+2,9.14,249511,40949,0
2011-11-18,2+1,7.30,845638,121633,0
2011-11-18,2+0,4.17,1513392,223150,0
2011-11-22,5+2,21897136.90,0,0,1
2011-11-22,5+1,517285.27,2,0,0
2011-11-22,5+0,86214.21,4,1,0
2011-11-22,4+2,3748.44,46,8,0
2011-11-22,4+1,222.20,679,83,0
2011-11-22,4+0,117.41,1285,172,0
2011-11-22,3+2,57.20,1884,319,0
2011-11-22,2+2,17.85,27769,4557,0
2011-11-22,3+1,15.03,31548,4803,0
2011-11-22,3+0,13.42,59412,9312,0
2011-11-22,1+2,9.45,148097,24895,0
2011-11-22,2+1,8.17,463806,73167,0
2011-11-22,2+0,4.38,884715,144297,0
2011-11-25,5+2,35062896.00,1,1,0
2011-11-25,5+1,179533.07,11,1,0
2011-11-25,5+0,73143.10,9,0,0
2011-11-25,4+2,2789.35,118,26,0
2011-11-25,4+1,185.56,1552,208,0
2011-11-25,4+0,106.43,2706,330,0
2011-11-25,3+2,34.46,5969,1155,0
2011-11-25,2+2,11.32,83562,16538,0
2011-11-25,3+1,12.28,73693,11764,0
2011-11-25,3+0,12.21,124585,16653,0
2011-11-25,1+2,6.77,394697,74115,0
2011-11-25,2+1,6.90,1048230,170376,0
2011-11-25,2+0,4.15,1780348,244661,0
2011-11-29,5+2,15000000.00,0,0,1
2011-11-29,5+1,1000861.82,1,0,0
2011-11-29,5+0,83405.15,4,0,0
2011-11-29,4+2,4633.61,36,6,0
2011-11-29,4+1,214.64,680,108,0
2011-11-29,4+0,113.49,1286,233,0
2011-11-29,3+2,56.38,1849,290,0
2011-11-29,2+2,16.65,28802,4460,0
2011-11-29,3+1,14.72,31145,5440,0
2011-11-29,3+0,13.50,57115,9911,0
2011-11-29,1+2,8.30,163250,24933,0
2011-11-29,2+1,7.95,461554,76391,0
2011-11-29,2+0,4.45,842280,140714,0
2011-12-02,5+2,27094320.00,1,0,0
2011-12-02,5+1,907073.92,2,0,0
2011-12-02,5+0,67190.66,9,2,0
2011-12-02,4+2,5124.71,59,10,0
2011-12-02,4+1,193.25,1369,209,0
2011-12-02,4+0,99.05,2671,412,0
2011-12-02,3+2,78.02,2422,326,0
2011-12-02,2+2,23.03,37732,5084,0
2011-12-02,3+1,13.74,60488,9048,0
2011-12-02,3+0,12.57,111183,16967,0
2011-12-02,1+2,12.19,201478,27863,0
2011-12-02,2+1,7.63,870847,129391,0
2011-12-02,2+0,4.20,1619253,240459,0
2011-12-06,5+2,15000000.00,0,0,1
2011-12-06,5+1,247025.10,4,1,0
2011-12-06,5+0,82341.70,4,0,0
2011-12-06,4+2,3921.03,42,6,0
2011-12-06,4+1,229.45,628,97,0
2011-12-06,4+0,115.00,1253,196,0
2011-12-06,3+2,49.79,2067,351,0
2011-12-06,2+2,15.79,29978,5188,0
2011-12-06,3+1,14.19,31898,5916,0
2011-12-06,3+0,12.80,59491,11001,0
2011-12-06,1+2,8.01,166999,27637,0
2011-12-06,2+1,7.55,479526,85607,0
2011-12-06,2+0,4.26,868981,150057,0
2011-12-09,5+2,26824530.80,0,0,1
2011-12-09,5+1,295613.27,6,1,0
2011-12-09,5+0,49268.87,12,3,0
2011-12-09,4+2,4767.95,62,6,0
2011-12-09,4+1,208.76,1239,190,0
2011-12-09,4+0,98.20,2634,450,0
2011-12-09,3+2,70.73,2612,365,0
2011-12-09,2+2,21.66,39222,5739,0
2011-12-09,3+1,14.42,56370,8664,0
2011-12-09,3+0,11.84,115401,18637,0
2011-12-09,1+2,11.53,208206,31450,0
2011-12-09,2+1,7.98,814137,122500,0
2011-12-09,2+0,4.05,1639252,255110,0
2011-12-13,5+2,34268471.30,0,0,1
2011-12-13,5+1,372197.02,3,0,0
2011-12-13,5+0,46524.62,8,0,0
2011-12-13,4+2,6646.37,28,1,0
2011-12-13,4+1,214.54,759,119,0
2011-12-13,4+0,76.52,2128,248,0
2011-12-13,3+2,76.37,1523,175,0
2011-12-13,2+2,23.59,22677,2855,0
2011-12-13,3+1,15.93,32112,4156,0
2011-12-13,3+0,9.60,89616,12160,0
2011-12-13,1+2,13.21,114401,15082,0
2011-12-13,2+1,8.89,460407,63448,0
2011-12-13,2+0,3.34,1253452,184333,0
2011-12-16,5+2,46576447.00,1,0,0
2011-12-16,5+1,142015.10,13,2,0
2011-12-16,5+0,32389.40,19,3,0
2011-12-16,4+2,940.97,327,59,0
2011-12-16,4+1,125.45,2146,322,0
2011-12-16,4+0,80.51,3344,454,0
2011-12-16,3+2,21.43,8973,1647,0
2011-12-16,2+2,10.90,81156,15349,0
2011-12-16,3+1,9.97,84853,13507,0
2011-12-16,3+0,11.03,128998,17719,0
2011-12-16,1+2,7.58,329561,64507,0
2011-12-16,2+1,6.30,1073032,174991,0
2011-12-16,2+0,4.11,1681168,236878,0
2011-12-20,5+2,15000000.00,0,0,1
2011-12-20,5+1,256896.03,4,1,0
2011-12-20,5+0,48932.57,7,0,0
2011-12-20,4+2,3495.18,49,4,0
2011-12-20,4+1,162.00,925,147,0
2011-12-20,4+0,100.57,1490,197,0
2011-12-20,3+2,47.09,2273,319,0
2011-12-20,2+2,16.05,30668,4288,0
2011-12-20,3+1,11.91,39542,5927,0
2011-12-20,3+0,11.53,68641,10620,0
2011-12-20,1+2,9.42,147624,21224,0
2011-12-20,2+1,6.93,543399,82911,0
2011-12-20,2+0,3.93,979086,154513,0
2011-12-23,5+2,30860914.80,0,0,1
2011-12-23,5+1,594784.30,4,1,0
2011-12-23,5+0,39652.28,20,2,0
2011-12-23,4+2,6100.35,65,9,0
2011-12-23,4+1,215.90,1607,160,0
2011-12-23,4+0,80.29,4321,497,0
2011-12-23,3+2,68.55,3615,358,0
2011-12-23,2+2,22.86,49851,5095,0
2011-12-23,3+1,14.53,75011,8441,0
2011-12-23,3+0,8.89,206224,26482,0
2011-12-23,1+2,12.52,257268,27709,0
2011-12-23,2+1,8.63,1009919,115313,0
2011-12-23,2+0,3.30,2701108,363420,0
2011-12-27,5+2,38129374.40,0,0,1
2011-12-27,5+1,1090268.92,1,0,0
2011-12-27,5+0,72684.59,5,1,0
2011-12-27,4+2,2839.24,64,7,0
2011-12-27,4+1,232.11,685,89,0
2011-12-27,4+0,131.72,1207,141,0
2011-12-27,3+2,36.75,3090,487,0
2011-12-27,2+2,10.73,48677,8347,0
2011-12-27,3+1,14.26,35041,5312,0
2011-12-27,3+0,13.66,61508,8673,0
2011-12-27,1+2,5.69,259247,47693,0
2011-12-27,2+1,7.30,547166,89750,0
2011-12-27,2+0,4.28,953228,149609,0
2011-12-30,5+2,51792387.50,0,0,1
2011-12-30,5+1,1024725.98,2,0,0
2011-12-30,5+0,113858.44,6,0,0
2011-12-30,4+2,5023.16,68,4,0
2011-12-30,4+1,276.48,1081,179,0
2011-12-30,4+0,151.79,1969,272,0
2011-12-30,3+2,77.85,2742,439,0
2011-12-30,2+2,23.85,41171,6154,0
2011-12-30,3+1,17.31,54255,8244,0
2011-12-30,3+0,16.01,98652,14989,0
2011-12-30,1+2,11.81,234828,35187,0
2011-12-30,2+1,8.72,861187,134187,0
2011-12-30,2+0,5.03,1527653,233089,0
2012-01-03,5+2,59857416.90,0,0,1
2012-01-03,5+1,604877.20,2,0,0
2012-01-03,5+0,403251.47,1,0,0
2012-01-03,4+2,6109.87,33,3,0
2012-01-03,4+1,237.76,742,105,0
2012-01-03,4+0,133.04,1326,189,0
2012-01-03,3+2,77.26,1631,240,0
2012-01-03,2+2,24.31,23842,3685,0
2012-01-03,3+1,15.51,35733,5628,0
2012-01-03,3+0,13.98,66665,9658,0
2012-01-03,1+2,12.62,129809,20492,0
2012-01-03,2+1,8.79,504610,78523,0
2012-01-03,2+0,4.52,1003594,149240,0
2012-01-06,5+2,36556782.00,2,0,0
2012-01-06,5+1,220935.77,9,1,0
2012-01-06,5+0,25492.58,26,5,0
2012-01-06,4+2,1555.88,213,29,0
2012-01-06,4+1,111.44,2602,341,0
2012-01-06,4+0,60.14,4821,678,0
2012-01-06,3+2,34.64,5979,716,0
2012-01-06,2+2,13.48,70641,9610,0
2012-01-06,3+1,9.91,91884,13104,0
2012-01-06,3+0,9.36,163694,24149,0
2012-01-06,1+2,7.91,340129,49982,0
2012-01-06,2+1,6.68,1090287,162381,0
2012-01-06,2+0,3.86,1927015,292333,0
2012-01-10,5+2,15000000.00,0,0,1
2012-01-10,5+1,350739.36,3,1,0
2012-01-10,5+0,70147.87,5,0,0
2012-01-10,4+2,3653.53,48,8,0
2012-01-10,4+1,158.52,968,156,0
2012-01-10,4+0,93.45,1642,274,0
2012-01-10,3+2,48.05,2281,364,0
2012-01-10,2+2,15.99,31524,4606,0
2012-01-10,3+1,10.87,44329,7697,0
2012-01-10,3+0,10.50,77188,13203,0
2012-01-10,1+2,8.90,159941,22893,0
2012-01-10,2+1,7.18,536686,88227,0
2012-01-10,2+0,4.08,965651,155951,0
2012-01-13,5+2,29204007.00,0,0,1
2012-01-13,5+1,213060.10,10,1,0
2012-01-13,5+0,71020.03,10,0,0
2012-01-13,4+2,3228.18,110,20,0
2012-01-13,4+1,161.91,1919,324,0
2012-01-13,4+0,79.99,3884,607,0
2012-01-13,3+2,46.53,4769,810,0
2012-01-13,2+2,15.88,64279,11071,0
2012-01-13,3+1,11.03,88522,14386,0
2012-01-13,3+0,9.42,174282,27330,0
2012-01-13,1+2,9.52,303007,48784,0
2012-01-13,2+1,6.74,1158179,181916,0
2012-01-13,2+0,3.54,2253485,339928,0
2012-01-17,5+2,36496416.00,0,0,1
2012-01-17,5+1,156265.90,7,1,0
2012-01-17,5+0,40513.38,9,0,0
2012-01-17,4+2,3798.12,48,9,0
2012-01-17,4+1,187.45,851,130,0
2012-01-17,4+0,106.91,1492,173,0
2012-01-17,3+2,54.38,2095,290,0
2012-01-17,2+2,17.34,30213,4285,0
2012-01-17,3+1,12.39,40441,6269,0
2012-01-17,3+0,12.04,70023,9630,0
2012-01-17,1+2,9.76,151739,23327,0
2012-01-17,2+1,6.98,573999,89767,0
2012-01-17,2+0,4.19,978600,135894,0
2012-01-20,5+2,48895464.00,1,0,0
2012-01-20,5+1,619952.38,3,0,0
2012-01-20,5+0,51662.69,12,1,0
2012-01-20,4+2,3923.74,79,12,0
2012-01-20,4+1,147.72,1836,318,0
2012-01-20,4+0,75.93,3572,570,0
2012-01-20,3+2,48.00,4036,777,0
2012-01-20,2+2,16.35,54497,9788,0
2012-01-20,3+1,11.53,73907,13165,0
2012-01-20,3+0,10.00,143284,23767,0
2012-01-20,1+2,9.30,270576,48427,0
2012-01-20,2+1,7.07,963795,159981,0
2012-01-20,2+0,3.73,1868531,297126,0
2012-01-24,5+2,15000000.00,0,0,1
2012-01-24,5+1,0.00,0,0,0
2012-01-24,5+0,433716.33,3,0,0
2012-01-24,4+2,10165.22,16,1,0
2012-01-24,4+1,278.49,511,66,0
2012-01-24,4+0,104.87,1357,182,0
2012-01-24,3+2,93.68,1085,165,0
2012-01-24,2+2,28.31,16514,2498,0
2012-01-24,3+1,17.18,26031,3835,0
2012-01-24,3+0,11.46,65598,9925,0
2012-01-24,1+2,14.89,88707,13813,0
2012-01-24,2+1,9.35,382435,57905,0
2012-01-24,2+0,3.91,933564,146201,0
2012-01-27,5+2,26630720.90,0,0,1
2012-01-27,5+1,436152.03,4,0,0
2012-01-27,5+0,36346.00,16,2,0
2012-01-27,4+2,3776.20,77,10,0
2012-01-27,4+1,211.13,1205,165,0
2012-01-27,4+0,103.97,2447,385,0
2012-01-27,3+2,48.81,3723,671,0
2012-01-27,2+2,14.72,56768,9680,0
2012-01-27,3+1,13.98,57162,8683,0
2012-01-27,3+0,11.99,112082,16719,0
2012-01-27,1+2,7.99,295527,53185,0
2012-01-27,2+1,7.50,852691,128952,0
2012-01-27,2+0,3.93,1662309,250609,0
2012-01-31,5+2,33767649.90,0,0,1
2012-01-31,5+1,356846.44,3,1,0
2012-01-31,5+0,59474.40,6,0,0
2012-01-31,4+2,4248.17,42,8,0
2012-01-31,4+1,258.05,605,69,0
2012-01-31,4+0,128.17,1218,181,0
2012-01-31,3+2,67.09,1662,276,0
2012-01-31,2+2,21.22,24167,3981,0
2012-01-31,3+1,16.56,29624,4702,0
2012-01-31,3+0,14.29,57713,9407,0
2012-01-31,1+2,10.25,141326,22772,0
2012-01-31,2+1,8.79,446389,68864,0
2012-01-31,2+0,4.64,863991,137971,0
2012-02-03,5+2,46106652.80,0,0,1
2012-02-03,5+1,185085.04,10,2,0
2012-02-03,5+0,61695.01,10,0,0
2012-02-03,4+2,8337.16,37,4,0
2012-02-03,4+1,224.18,1204,140,0
2012-02-03,4+0,84.82,3182,440,0
2012-02-03,3+2,87.75,2197,252,0
2012-02-03,2+2,28.67,30932,3265,0
2012-02-03,3+1,16.23,52254,6970,0
2012-02-03,3+0,10.14,140689,22628,0
2012-02-03,1+2,15.40,162646,17740,0
2012-02-03,2+1,9.18,738542,98814,0
2012-02-03,2+0,3.49,1984640,314128,0
2012-02-07,5+2,54252968.00,1,0,0
2012-02-07,5+1,135771.91,9,4,0
2012-02-07,5+0,37028.70,11,3,0
2012-02-07,4+2,2314.29,88,19,0
2012-02-07,4+1,145.23,1227,276,0
2012-02-07,4+0,77.27,2306,460,0
2012-02-07,3+2,46.74,2723,537,0
2012-02-07,2+2,16.20,36127,5920,0
2012-02-07,3+1,11.48,48775,8346,0
2012-02-07,3+0,9.80,96074,16318,0
2012-02-07,1+2,9.31,177697,26582,0
2012-02-07,2+1,7.04,635654,95491,0
2012-02-07,2+0,3.68,1244340,192338,0
2012-02-10,5+2,15000000.00,0,0,1
2012-02-10,5+1,1696429.05,1,0,0
2012-02-10,5+0,113095.27,5,0,0
2012-02-10,4+2,7249.69,39,8,0
2012-02-10,4+1,244.22,1013,127,0
2012-02-10,4+0,104.78,2361,324,0
2012-02-10,3+2,85.78,2060,226,0
2012-02-10,2+2,26.91,30204,3502,0
2012-02-10,3+1,16.03,48485,6251,0
2012-02-10,3+0,12.00,108924,15321,0
2012-02-10,1+2,14.25,161115,19721,0
2012-02-10,2+1,8.55,726735,99707,0
2012-02-10,2+0,3.93,1617493,245062,0
2012-02-14,5+2,22361166.40,0,0,1
2012-02-14,5+1,368058.32,3,1,0
2012-02-14,5+0,46007.29,8,0,0
2012-02-14,4+2,5412.62,34,4,0
2012-02-14,4+1,241.05,668,100,0
2012-02-14,4+0,114.60,1405,185,0
2012-02-14,3+2,86.35,1332,210,0
2012-02-14,2+2,26.33,20091,2890,0
2012-02-14,3+1,17.44,29014,4313,0
2012-02-14,3+0,13.26,64176,9417,0
2012-02-14,1+2,14.14,105734,14639,0
2012-02-14,2+1,9.49,426237,60986,0
2012-02-14,2+0,4.28,965881,138851,0
2012-02-17,5+2,34279342.70,0,0,1
2012-02-17,5+1,223465.80,8,1,0
2012-02-17,5+0,39727.25,15,3,0
2012-02-17,4+2,7639.85,39,1,0
2012-02-17,4+1,253.60,1028,172,0
2012-02-17,4+0,69.76,3737,810,0
2012-02-17,3+2,90.31,2062,269,0
2012-02-17,2+2,28.04,30546,3755,0
2012-02-17,3+1,19.59,41823,5544,0
2012-02-17,3+0,9.69,142100,24618,0
2012-02-17,1+2,15.07,160589,20339,0
2012-02-17,2+1,11.25,582628,72584,0
2012-02-17,2+0,3.45,1941889,306843,0
2012-02-21,5+2,41851240.00,0,0,1
2012-02-21,5+1,567892.29,2,0,0
2012-02-21,5+0,27042.49,14,0,0
2012-02-21,4+2,4853.78,39,5,0
2012-02-21,4+1,179.84,921,96,0
2012-02-21,4+0,76.64,2161,294,0
2012-02-21,3+2,69.10,1712,208,0
2012-02-21,2+2,22.67,24001,2859,0
2012-02-21,3+1,13.03,39937,4963,0
2012-02-21,3+0,10.17,86019,11680,0
2012-02-21,1+2,12.76,120486,14175,0
2012-02-21,2+1,7.62,546396,68234,0
2012-02-21,2+0,3.63,1171051,158463,0
2012-02-24,5+2,54897476.00,1,0,0
2012-02-24,5+1,244616.91,8,2,0
2012-02-24,5+0,40769.48,16,4,0
2012-02-24,4+2,5623.37,58,6,0
2012-02-24,4+1,182.12,1567,218,0
2012-02-24,4+0,65.93,4328,628,0
2012-02-24,3+2,81.44,2503,268,0
2012-02-24,2+2,26.72,35081,3892,0
2012-02-24,3+1,13.94,64301,8304,0
2012-02-24,3+0,8.83,170702,24381,0
2012-02-24,1+2,14.63,181096,20237,0
2012-02-24,2+1,8.19,875345,112303,0
2012-02-24,2+0,3.32,2210095,309035,0
2012-02-28,5+2,15000000.00,0,0,1
2012-02-28,5+1,199214.80,5,0,0
2012-02-28,5+0,66404.93,5,0,0
2012-02-28,4+2,4743.20,35,2,0
2012-02-28,4+1,180.67,804,120,0
2012-02-28,4+0,103.09,1409,207,0
2012-02-28,3+2,69.40,1495,250,0
2012-02-28,2+2,21.15,22560,3381,0
2012-02-28,3+1,13.30,34322,5207,0
2012-02-28,3+0,12.80,59963,8610,0
2012-02-28,1+2,11.41,118182,17605,0
2012-02-28,2+1,7.21,506436,81125,0
2012-02-28,2+0,4.31,865667,126208,0
2012-03-02,5+2,26670951.00,1,0,0
2012-03-02,5+1,875321.28,2,0,0
2012-03-02,5+0,83363.93,7,0,0
2012-03-02,4+2,3071.30,95,7,0
2012-03-02,4+1,165.13,1546,175,0
2012-03-02,4+0,93.89,2719,303,0
2012-03-02,3+2,41.66,4377,533,0
2012-03-02,2+2,13.74,61008,9409,0
2012-03-02,3+1,12.41,64612,7834,0
2012-03-02,3+0,11.48,117541,13945,0
2012-03-02,1+2,7.71,307319,54056,0
2012-03-02,2+1,7.27,882209,120939,0
2012-03-02,2+0,3.97,1653554,222490,0
2012-03-06,5+2,15000000.00,0,0,1
2012-03-06,5+1,986669.56,1,0,0
2012-03-06,5+0,54814.97,6,0,0
2012-03-06,4+2,5670.51,29,1,0
2012-03-06,4+1,245.54,586,65,0
2012-03-06,4+0,117.17,1228,181,0
2012-03-06,3+2,56.31,1825,251,0
2012-03-06,2+2,17.13,27593,4481,0
2012-03-06,3+1,15.33,29488,4241,0
2012-03-06,3+0,12.00,63354,9200,0
2012-03-06,1+2,8.46,157816,26444,0
2012-03-06,2+1,8.45,428041,59421,0
2012-03-06,2+0,4.27,864931,119813,0
2012-03-09,5+2,26508060.80,0,0,1
2012-03-09,5+1,575403.04,3,1,0
2012-03-09,5+0,143850.76,4,0,0
2012-03-09,4+2,6393.36,45,1,0
2012-03-09,4+1,263.60,955,115,0
2012-03-09,4+0,145.51,1730,233,0
2012-03-09,3+2,68.78,2614,346,0
2012-03-09,2+2,20.55,40247,5673,0
2012-03-09,3+1,17.13,46178,6552,0
2012-03-09,3+0,15.35,86633,12001,0
2012-03-09,1+2,10.09,231625,33503,0
2012-03-09,2+1,8.93,708297,101113,0
2012-03-09,2+0,4.82,1342845,189389,0
2012-03-13,5+2,33798146.50,0,0,1
2012-03-13,5+1,218702.57,5,1,0
2012-03-13,5+0,72900.85,5,0,0
2012-03-13,4+2,10125.11,18,3,0
2012-03-13,4+1,248.78,641,66,0
2012-03-13,4+0,134.00,1190,140,0
2012-03-13,3+2,79.87,1426,162,0
2012-03-13,2+2,23.91,21909,2691,0
2012-03-13,3+1,16.24,30858,3844,0
2012-03-13,3+0,14.56,57881,7563,0
2012-03-13,1+2,11.94,123959,16048,0
2012-03-13,2+1,8.33,481172,63479,0
2012-03-13,2+0,4.52,905431,120374,0
2012-03-16,5+2,45758710.00,1,0,0
2012-03-16,5+1,299014.06,6,0,0
2012-03-16,5+0,66447.56,9,3,0
2012-03-16,4+2,3114.72,96,16,0
2012-03-16,4+1,159.72,1638,216,0
2012-03-16,4+0,82.95,3154,488,0
2012-03-16,3+2,38.17,4895,607,0
2012-03-16,2+2,12.73,67484,8585,0
2012-03-16,3+1,10.65,77204,10896,0
2012-03-16,3+0,9.50,145513,23841,0
2012-03-16,1+2,7.61,318937,41312,0
2012-03-16,2+1,6.53,1006306,143983,0
2012-03-16,2+0,3.70,1817199,274841,0
2012-03-20,5+2,15000000.00,0,0,1
2012-03-20,5+1,468877.29,2,0,0
2012-03-20,5+0,39073.10,8,2,0
2012-03-20,4+2,4465.49,35,5,0
2012-03-20,4+1,203.50,672,107,0
2012-03-20,4+0,119.33,1146,166,0
2012-03-20,3+2,65.73,1486,215,0
2012-03-20,2+2,20.51,21898,3345,0
2012-03-20,3+1,13.83,31068,5127,0
2012-03-20,3+0,13.06,55319,9236,0
2012-03-20,1+2,10.95,115946,16942,0
2012-03-20,2+1,7.65,449131,71737,0
2012-03-20,2+0,4.34,810237,129270,0
2012-03-23,5+2,26096499.00,1,0,0
2012-03-23,5+1,237782.11,7,1,0
2012-03-23,5+0,50438.63,11,1,0
2012-03-23,4+2,6451.45,43,3,0
2012-03-23,4+1,202.27,1200,190,0
2012-03-23,4+0,83.78,2897,510,0
2012-03-23,3+2,77.02,2251,325,0
2012-03-23,2+2,25.40,31393,4644,0
2012-03-23,3+1,15.22,50107,7550,0
2012-03-23,3+0,10.41,123146,20149,0
2012-03-23,1+2,13.87,162436,23104,0
2012-03-23,2+1,8.62,707217,107212,0
2012-03-23,2+0,3.63,1718488,277530,0
2012-03-27,5+2,15000000.00,1,0,0
2012-03-27,5+1,0.00,0,0,0
2012-03-27,5+0,154453.22,8,1,0
2012-03-27,4+2,6435.55,24,5,0
2012-03-27,4+1,234.22,577,63,0
2012-03-27,4+0,130.57,1035,146,0
2012-03-27,3+2,72.14,1338,181,0
2012-03-27,2+2,21.72,20438,2770,0
2012-03-27,3+1,14.97,28358,4039,0
2012-03-27,3+0,14.77,48352,6587,0
2012-03-27,1+2,11.16,112363,15622,0
2012-03-27,2+1,7.56,449052,66716,0
2012-03-27,2+0,4.59,756411,110340,0
2012-03-30,5+2,15000000.00,0,0,1
2012-03-30,5+1,317003.52,5,0,0
2012-03-30,5+0,58704.35,9,1,0
2012-03-30,4+2,5080.18,52,7,0
2012-03-30,4+1,257.97,896,113,0
2012-03-30,4+0,95.35,2424,327,0
2012-03-30,3+2,88.62,1863,250,0
2012-03-30,2+2,28.05,27067,3222,0
2012-03-30,3+1,17.24,42120,5810,0
2012-03-30,3+0,11.81,103421,14619,0
2012-03-30,1+2,14.82,144806,17617,0
2012-03-30,2+1,9.44,615540,86547,0
2012-03-30,2+0,3.92,1515371,225192,0
2012-04-03,5+2,21716352.30,0,0,1
2012-04-03,5+1,335817.61,3,0,0
2012-04-03,5+0,25832.12,13,0,0
2012-04-03,4+2,5088.14,33,4,0
2012-04-03,4+1,192.80,762,92,0
2012-04-03,4+0,69.72,2107,292,0
2012-04-03,3+2,90.00,1166,140,0
2012-04-03,2+2,29.02,16629,1956,0
2012-04-03,3+1,14.30,32271,4049,0
2012-04-03,3+0,9.65,80452,11449,0
2012-04-03,1+2,15.80,86303,10099,0
2012-04-03,2+1,8.59,429980,55078,0
2012-04-03,2+0,3.63,1039132,146376,0
2012-04-06,5+2,32751944.30,0,0,1
2012-04-06,5+1,236476.97,7,1,0
2012-04-06,5+0,42444.58,13,2,0
2012-04-06,4+2,5517.79,50,7,0
2012-04-06,4+1,184.27,1310,206,0
2012-04-06,4+0,101.64,2375,375,0
2012-04-06,3+2,67.72,2546,398,0
2012-04-06,2+2,21.78,36414,5073,0
2012-04-06,3+1,13.68,55448,9329,0
2012-04-06,3+0,13.00,98125,14755,0
2012-04-06,1+2,11.71,191289,26651,0
2012-04-06,2+1,7.51,807259,124378,0
2012-04-06,2+0,4.41,1405927,196245,0
2012-04-10,5+2,39523670.00,0,0,1
2012-04-10,5+1,169293.14,6,1,0
2012-04-10,5+0,67717.25,5,0,0
2012-04-10,4+2,3680.28,46,9,0
2012-04-10,4+1,273.30,542,74,0
2012-04-10,4+0,142.57,1039,137,0
2012-04-10,3+2,52.14,2029,308,0
2012-04-10,2+2,14.74,33014,5613,0
2012-04-10,3+1,14.95,31131,4749,0
2012-04-10,3+0,14.53,53872,7511,0
2012-04-10,1+2,7.55,181981,30111,0
2012-04-10,2+1,7.48,497903,77225,0
2012-04-10,2+0,4.45,854376,121944,0
2012-04-13,5+2,53763217.00,1,1,0
2012-04-13,5+1,142395.46,15,2,0
2012-04-13,5+0,27383.74,26,4,0
2012-04-13,4+2,2524.74,141,19,0
2012-04-13,4+1,147.34,2114,243,0
2012-04-13,4+0,91.99,3386,359,0
2012-04-13,3+2,39.49,5633,954,0
2012-04-13,2+2,12.83,79750,14336,0
2012-04-13,3+1,12.06,81131,10466,0
2012-04-13,3+0,12.34,133330,15060,0
2012-04-13,1+2,7.02,411536,75820,0
2012-04-13,2+1,6.95,1125661,152956,0
2012-04-13,2+0,4.28,1869825,218543,0
2012-04-17,5+2,15000000.00,0,0,1
2012-04-17,5+1,945977.52,1,1,0
2012-04-17,5+0,63065.16,5,1,0
2012-04-17,4+2,6306.51,25,2,0
2012-04-17,4+1,255.47,540,72,0
2012-04-17,4+0,118.51,1164,180,0
2012-04-17,3+2,87.82,1122,140,0
2012-04-17,2+2,28.54,15880,1949,0
2012-04-17,3+1,18.20,23816,3170,0
2012-04-17,3+0,13.12,55573,8729,0
2012-04-17,1+2,15.29,83741,10261,0
2012-04-17,2+1,9.70,357242,49621,0
2012-04-17,2+0,4.05,875360,136460,0
2012-04-20,5+2,26031383.60,0,0,1
2012-04-20,5+1,275784.59,6,0,0
2012-04-20,5+0,45964.09,12,1,0
2012-04-20,4+2,7879.55,35,10,0
2012-04-20,4+1,303.91,794,104,0
2012-04-20,4+0,102.20,2361,430,0
2012-04-20,3+2,101.75,1694,214,0
2012-04-20,2+2,29.66,26725,3469,0
2012-04-20,3+1,22.16,34215,4555,0
2012-04-20,3+0,11.60,109905,19004,0
2012-04-20,1+2,15.13,148067,19910,0
2012-04-20,2+1,11.89,509929,64537,0
2012-04-20,2+0,3.70,1673116,273015,0
2012-04-24,5+2,32867376.30,0,0,1
2012-04-24,5+1,341799.63,3,0,0
2012-04-24,5+0,113933.21,3,0,0
2012-04-24,4+2,5893.09,29,4,0
2012-04-24,4+1,246.35,607,84,0
2012-04-24,4+0,125.34,1193,139,0
2012-04-24,3+2,51.25,2084,310,0
2012-04-24,2+2,13.65,35984,6800,0
2012-04-24,3+1,15.18,30953,4092,0
2012-04-24,3+0,14.44,54717,6830,0
2012-04-24,1+2,6.87,202039,41658,0
2012-04-24,2+1,7.68,489273,69967,0
2012-04-24,2+0,4.52,849620,112360,0
2012-04-27,5+2,44407281.00,1,0,0
2012-04-27,5+1,432746.40,4,0,0
2012-04-27,5+0,144248.80,4,0,0
2012-04-27,4+2,3898.61,74,11,0
2012-04-27,4+1,274.98,918,95,0
2012-04-27,4+0,122.54,2060,203,0
2012-04-27,3+2,64.00,2817,424,0
2012-04-27,2+2,20.52,40405,5457,0
2012-04-27,3+1,17.10,46390,6073,0
2012-04-27,3+0,13.44,99273,13527,0
2012-04-27,1+2,10.37,225991,31643,0
2012-04-27,2+1,8.89,713910,98497,0
2012-04-27,2+0,4.30,1506283,213142,0
2012-05-01,5+2,15000000.00,0,0,1
2012-05-01,5+1,425249.23,2,0,0
2012-05-01,5+0,31499.94,9,3,0
2012-05-01,4+2,5062.49,28,4,0
2012-05-01,4+1,232.70,533,73,0
2012-05-01,4+0,94.17,1317,187,0
2012-05-01,3+2,89.12,994,109,0
2012-05-01,2+2,27.06,15059,2143,0
2012-05-01,3+1,15.55,25061,3655,0
2012-05-01,3+0,10.59,61904,9821,0
2012-05-01,1+2,14.60,78837,11334,0
2012-05-01,2+1,8.46,368370,55719,0
2012-05-01,2+0,3.53,903328,148484,0
2012-05-04,5+2,25968725.40,0,0,1
2012-05-04,5+1,329061.76,5,0,0
2012-05-04,5+0,137109.06,4,0,0
2012-05-04,4+2,6529.00,42,4,0
2012-05-04,4+1,279.00,860,130,0
2012-05-04,4+0,138.85,1728,261,0
2012-05-04,3+2,80.23,2136,350,0
2012-05-04,2+2,24.75,31850,4836,0
2012-05-04,3+1,17.55,42953,7032,0
2012-05-04,3+0,14.93,84942,13781,0
2012-05-04,1+2,12.04,184934,27417,0
2012-05-04,2+1,9.13,660710,105078,0
2012-05-04,2+0,4.64,1328454,217568,0
2012-05-08,5+2,32541205.70,0,0,1
2012-05-08,5+1,164312.00,6,2,0
2012-05-08,5+0,82156.00,4,3,0
2012-05-08,4+2,1786.00,92,35,0
2012-05-08,4+1,186.96,769,220,0
2012-05-08,4+0,111.27,1292,299,0
2012-05-08,3+2,41.07,2500,614,0
2012-05-08,2+2,13.00,36321,8029,0
2012-05-08,3+1,13.76,32818,6635,0
2012-05-08,3+0,13.68,55541,9224,0
2012-05-08,1+2,7.04,189424,37951,0
2012-05-08,2+1,7.68,470297,85788,0
2012-05-08,2+0,4.56,810554,125818,0
2012-05-11,5+2,44093378.20,0,0,1
2012-05-11,5+1,247546.55,7,1,0
2012-05-11,5+0,64178.73,9,2,0
2012-05-11,4+2,5776.08,50,5,0
2012-05-11,4+1,246.78,1024,124,0
2012-05-11,4+0,102.72,2460,305,0
2012-05-11,3+2,83.37,2165,269,0
2012-05-11,2+2,26.13,31766,3959,0
2012-05-11,3+1,16.17,49112,6607,0
2012-05-11,3+0,11.52,115858,16783,0
2012-05-11,1+2,14.22,164958,21255,0
2012-05-11,2+1,8.72,727917,103794,0
2012-05-11,2+0,3.78,1717386,260801,0
2012-05-15,5+2,51753790.40,0,0,1
2012-05-15,5+1,287265.45,4,2,0
2012-05-15,5+0,27358.61,14,3,0
2012-05-15,4+2,2697.32,71,9,0
2012-05-15,4+1,147.25,1138,250,0
2012-05-15,4+0,90.87,1844,305,0
2012-05-15,3+2,36.88,3245,609,0
2012-05-15,2+2,13.00,42330,7468,0
2012-05-15,3+1,11.13,47280,7950,0
2012-05-15,3+0,11.31,78311,12136,0
2012-05-15,1+2,7.65,203235,35133,0
2012-05-15,2+1,6.59,638500,100671,0
2012-05-15,2+0,4.01,1073354,153293,0
2012-05-18,5+2,65687546.80,0,0,1
2012-05-18,5+1,522515.86,4,0,0
2012-05-18,5+0,69668.78,10,1,0
2012-05-18,4+2,5048.46,69,8,0
2012-05-18,4+1,232.49,1311,145,0
2012-05-18,4+0,113.14,2694,304,0
2012-05-18,3+2,76.55,2844,324,0
2012-05-18,2+2,24.80,40373,5164,0
2012-05-18,3+1,16.34,58621,7051,0
2012-05-18,3+0,13.05,123420,15700,0
2012-05-18,1+2,13.78,205381,24039,0
2012-05-18,2+1,8.99,852298,105187,0
2012-05-18,2+0,4.22,1854088,244992,0
2012-05-22,5+2,74848794.20,0,0,1
2012-05-22,5+1,458062.36,3,0,0
2012-05-22,5+0,45806.23,10,0,0
2012-05-22,4+2,6940.33,33,7,0
2012-05-22,4+1,261.96,765,100,0
2012-05-22,4+0,148.55,1349,161,0
2012-05-22,3+2,75.53,1895,226,0
2012-05-22,2+2,22.28,29553,3480,0
2012-05-22,3+1,17.59,35792,4632,0
2012-05-22,3+0,15.92,66511,8791,0
2012-05-22,1+2,10.71,173627,20841,0
2012-05-22,2+1,8.97,561150,75151,0
2012-05-22,2+0,4.86,1058813,144228,0
2012-05-25,5+2,89779597.10,0,0,1
2012-05-25,5+1,248846.71,9,0,0
2012-05-25,5+0,67867.28,11,0,0
2012-05-25,4+2,3010.24,124,15,0
2012-05-25,4+1,196.28,1664,234,0
2012-05-25,4+0,97.58,3347,498,0
2012-05-25,3+2,47.34,4928,748,0
2012-05-25,2+2,15.47,69351,10095,0
2012-05-25,3+1,15.13,67811,9443,0
2012-05-25,3+0,12.78,135007,18257,0
2012-05-25,1+2,7.96,380980,56616,0
2012-05-25,2+1,8.25,994684,137630,0
2012-05-25,2+0,4.36,1923971,252602,0
2012-05-29,5+2,101071614.70,0,0,1
2012-05-29,5+1,169380.26,10,1,0
2012-05-29,5+0,20164.31,28,6,0
2012-05-29,4+2,5428.85,52,7,0
2012-05-29,4+1,139.24,1774,308,0
2012-05-29,4+0,66.81,3697,618,0
2012-05-29,3+2,72.01,2450,307,0
2012-05-29,2+2,23.79,34109,4152,0
2012-05-29,3+1,12.08,64235,10171,0
2012-05-29,3+0,9.29,140497,22759,0
2012-05-29,1+2,13.26,172867,20844,0
2012-05-29,2+1,7.46,831841,125096,0
2012-05-29,2+0,3.53,1794714,268798,0
2012-06-01,5+2,120024029.10,0,0,1
2012-06-01,5+1,473810.36,6,0,0
2012-06-01,5+0,67687.19,14,1,0
2012-06-01,4+2,6768.71,70,7,0
2012-06-01,4+1,221.94,1868,201,0
2012-06-01,4+0,97.22,4264,581,0
2012-06-01,3+2,83.55,3544,382,0
2012-06-01,2+2,27.43,49645,4998,0
2012-06-01,3+1,15.84,82209,9668,0
2012-06-01,3+0,11.46,191077,26955,0
2012-06-01,1+2,14.47,266002,27041,0
2012-06-01,2+1,8.72,1194714,139900,0
2012-06-01,2+0,3.87,2753055,377742,0
2012-06-05,5+2,134974394.50,0,0,1
2012-06-05,5+1,373759.13,6,1,0
2012-06-05,5+0,106788.32,7,2,0
2012-06-05,4+2,4791.78,78,4,0
2012-06-05,4+1,206.33,1585,171,0
2012-06-05,4+0,114.22,2863,291,0
2012-06-05,3+2,68.44,3413,335,0
2012-06-05,2+2,22.56,47631,5681,0
2012-06-05,3+1,14.74,69727,7976,0
2012-06-05,3+0,13.45,128483,14050,0
2012-06-05,1+2,11.91,254793,30602,0
2012-06-05,2+1,8.30,990343,118883,0
2012-06-05,2+0,4.53,1853761,218518,0
2012-06-08,5+2,79026422.00,2,0,0
2012-06-08,5+1,144240.30,24,5,0
2012-06-08,5+0,30366.37,38,4,0
2012-06-08,4+2,4507.50,128,19,0
2012-06-08,4+1,185.67,2719,309,0
2012-06-08,4+0,82.03,6154,809,0
2012-06-08,3+2,73.30,4919,502,0
2012-06-08,2+2,23.36,71006,7616,0
2012-06-08,3+1,14.50,109364,12864,0
2012-06-08,3+0,10.80,247053,34023,0
2012-06-08,1+2,12.67,369856,38966,0
2012-06-08,2+1,8.42,1506538,175331,0
2012-06-08,2+0,3.78,3430631,452009,0
2012-06-12,5+2,15000000.00,0,0,1
2012-06-12,5+1,1096061.47,1,0,0
2012-06-12,5+0,52193.40,7,0,0
2012-06-12,4+2,5892.80,31,7,0
2012-06-12,4+1,214.55,745,92,0
2012-06-12,4+0,90.61,1764,226,0
2012-06-12,3+2,94.43,1209,170,0
2012-06-12,2+2,28.71,18290,2358,0
2012-06-12,3+1,15.96,31461,4328,0
2012-06-12,3+0,11.38,74181,10966,0
2012-06-12,1+2,15.21,97583,13136,0
2012-06-12,2+1,8.94,449106,62940,0
2012-06-12,2+0,3.89,1056171,163462,0
2012-06-15,5+2,13414228.00,2,0,0
2012-06-15,5+1,295711.37,6,4,0
2012-06-15,5+0,34789.57,17,8,0
2012-06-15,4+2,2257.33,131,24,0
2012-06-15,4+1,187.49,1380,229,0
2012-06-15,4+0,101.15,2558,466,0
2012-06-15,3+2,34.96,5286,932,0
2012-06-15,2+2,11.08,76714,13217,0
2012-06-15,3+1,13.61,59727,10041,0
2012-06-15,3+0,12.29,111278,18801,0
2012-06-15,1+2,5.93,404714,69000,0
2012-06-15,2+1,7.52,864479,137791,0
2012-06-15,2+0,4.21,1577887,249452,0
2012-06-19,5+2,15000000.00,1,1,0
2012-06-19,5+1,510269.08,2,0,0
2012-06-19,5+0,37797.71,9,3,0
2012-06-19,4+2,4859.70,35,8,0
2012-06-19,4+1,179.31,830,151,0
2012-06-19,4+0,86.37,1723,360,0
2012-06-19,3+2,67.79,1568,267,0
2012-06-19,2+2,22.08,22147,3805,0
2012-06-19,3+1,14.07,33233,5817,0
2012-06-19,3+0,11.92,65957,10697,0
2012-06-19,1+2,12.16,113595,18688,0
2012-06-19,2+1,7.71,485044,82130,0
2012-06-19,2+0,3.92,976124,150858,0
2012-06-22,5+2,15000000.00,0,0,1
2012-06-22,5+1,0.00,0,0,0
2012-06-22,5+0,363305.85,6,1,0
2012-06-22,4+2,4954.17,55,5,0
2012-06-22,4+1,245.79,970,133,0
2012-06-22,4+0,134.85,1768,193,0
2012-06-22,3+2,44.86,3796,530,0
2012-06-22,2+2,12.07,64878,9478,0
2012-06-22,3+1,16.55,45265,5739,0
2012-06-22,3+0,14.98,84079,10222,0
2012-06-22,1+2,5.87,376899,61966,0
2012-06-22,2+1,8.03,745644,101089,0
2012-06-22,2+0,4.53,1351561,178192,0
2012-06-26,5+2,21896089.20,0,0,1
2012-06-26,5+1,517206.69,2,1,0
2012-06-26,5+0,57467.41,6,2,0
2012-06-26,4+2,5387.56,32,5,0
2012-06-26,4+1,202.48,745,129,0
2012-06-26,4+0,82.29,1833,352,0
2012-06-26,3+2,83.46,1291,197,0
2012-06-26,2+2,26.74,18533,2552,0
2012-06-26,3+1,14.69,32264,5075,0
2012-06-26,3+0,9.70,82193,13957,0
2012-06-26,1+2,14.56,96192,12945,0
2012-06-26,2+1,8.55,443465,66981,0
2012-06-26,2+0,3.59,1079511,171679,0
2012-06-29,5+2,33263796.10,0,0,1
2012-06-29,5+1,341031.20,5,1,0
2012-06-29,5+0,29915.01,19,1,0
2012-06-29,4+2,4899.87,58,13,0
2012-06-29,4+1,194.42,1279,255,0
2012-06-29,4+0,66.34,3748,849,0
2012-06-29,3+2,72.17,2461,353,0
2012-06-29,2+2,24.28,33644,4407,0
2012-06-29,3+1,15.25,51247,8033,0
2012-06-29,3+0,9.14,143755,27833,0
2012-06-29,1+2,13.52,170697,21753,0
2012-06-29,2+1,9.06,690013,100651,0
2012-06-29,2+0,3.44,1853764,314077,0
2012-07-03,5+2,40811640.30,0,0,1
2012-07-03,5+1,283044.15,4,1,0
2012-07-03,5+0,34308.38,11,0,0
2012-07-03,4+2,3699.92,51,5,0
2012-07-03,4+1,154.74,1067,189,0
2012-07-03,4+0,75.32,2192,383,0
2012-07-03,3+2,49.36,2389,402,0
2012-07-03,2+2,16.16,33570,5436,0
2012-07-03,3+1,12.25,42348,6977,0
2012-07-03,3+0,10.37,84140,13636,0
2012-07-03,1+2,9.00,170300,26996,0
2012-07-03,2+1,7.06,587693,92615,0
2012-07-03,2+0,3.77,1124961,171586,0
2012-07-06,5+2,53006942.40,0,0,1
2012-07-06,5+1,457323.82,4,0,0
2012-07-06,5+0,152441.27,4,2,0
2012-07-06,4+2,6351.71,48,6,0
2012-07-06,4+1,283.19,942,118,0
2012-07-06,4+0,141.74,1882,253,0
2012-07-06,3+2,82.70,2304,284,0
2012-07-06,2+2,24.43,35867,4847,0
2012-07-06,3+1,19.41,43181,5429,0
2012-07-06,3+0,16.20,87027,10949,0
2012-07-06,1+2,11.69,211856,30474,0
2012-07-06,2+1,9.62,697179,99268,0
2012-07-06,2+0,4.84,1416050,203917,0
2012-07-10,5+2,61268725.10,0,0,1
2012-07-10,5+1,413089.13,3,0,0
2012-07-10,5+0,41308.91,10,1,0
2012-07-10,4+2,5037.67,41,1,0
2012-07-10,4+1,205.13,881,124,0
2012-07-10,4+0,108.21,1670,221,0
2012-07-10,3+2,64.57,1999,250,0
2012-07-10,2+2,20.27,29287,3826,0
2012-07-10,3+1,14.55,39023,5257,0
2012-07-10,3+0,12.46,76607,10147,0
2012-07-10,1+2,11.18,150093,20470,0
2012-07-10,2+1,7.90,574601,82912,0
2012-07-10,2+0,4.11,1128892,159576,0
2012-07-13,5+2,76630917.40,0,0,1
2012-07-13,5+1,230432.88,10,3,0
2012-07-13,5+0,59085.35,13,3,0
2012-07-13,4+2,4129.62,93,11,0
2012-07-13,4+1,224.18,1499,203,0
2012-07-13,4+0,113.45,2962,427,0
2012-07-13,3+2,55.47,4327,611,0
2012-07-13,2+2,16.72,66001,8395,0
2012-07-13,3+1,15.99,66013,8666,0
2012-07-13,3+0,13.57,130864,17612,0
2012-07-13,1+2,8.73,357394,45382,0
2012-07-13,2+1,8.42,1002796,126839,0
2012-07-13,2+0,4.38,1969709,261459,0
2012-07-17,5+2,85954935.30,0,0,1
2012-07-17,5+1,699301.34,2,0,0
2012-07-17,5+0,46620.08,10,2,0
2012-07-17,4+2,8325.01,28,2,0
2012-07-17,4+1,303.06,673,75,0
2012-07-17,4+0,123.68,1649,176,0
2012-07-17,3+2,89.37,1630,176,0
2012-07-17,2+2,27.49,24373,2868,0
2012-07-17,3+1,18.06,35481,4132,0
2012-07-17,3+0,13.08,82371,9844,0
2012-07-17,1+2,14.04,134883,17367,0
2012-07-17,2+1,9.34,548619,69933,0
2012-07-17,2+0,4.12,1272304,167724,0
2012-07-20,5+2,101392999.00,0,0,1
2012-07-20,5+1,330815.65,7,0,0
2012-07-20,5+0,110271.88,7,0,0
2012-07-20,4+2,6541.55,59,6,0
2012-07-20,4+1,220.43,1532,211,0
2012-07-20,4+0,96.73,3491,614,0
2012-07-20,3+2,82.92,2909,351,0
2012-07-20,2+2,25.27,43908,5383,0
2012-07-20,3+1,15.46,68636,9209,0
2012-07-20,3+0,11.61,153630,22455,0
2012-07-20,1+2,14.35,218456,25954,0
2012-07-20,2+1,8.50,998782,135867,0
2012-07-20,2+0,3.86,2246770,326925,0
2012-07-24,5+2,112218632.30,0,0,1
2012-07-24,5+1,541281.66,3,0,0
2012-07-24,5+0,60142.40,9,0,0
2012-07-24,4+2,4365.17,62,11,0
2012-07-24,4+1,234.46,1010,155,0
2012-07-24,4+0,93.45,2534,365,0
2012-07-24,3+2,70.98,2383,345,0
2012-07-24,2+2,23.25,33455,4487,0
2012-07-24,3+1,16.69,44578,6248,0
2012-07-24,3+0,10.99,113810,17451,0
2012-07-24,1+2,12.32,178391,25040,0
2012-07-24,2+1,9.32,638250,90980,0
2012-07-24,2+0,3.79,1605406,251106,0
2012-07-27,5+2,141583958.70,0,0,1
2012-07-27,5+1,275299.93,16,3,0
2012-07-27,5+0,58730.65,25,2,0
2012-07-27,4+2,5206.61,141,6,0
2012-07-27,4+1,236.16,2720,194,0
2012-07-27,4+0,105.20,6106,460,0
2012-07-27,3+2,69.66,6586,397,0
2012-07-27,2+2,21.40,98588,6482,0
2012-07-27,3+1,15.47,130475,10409,0
2012-07-27,3+0,11.93,284470,25040,0
2012-07-27,1+2,11.54,516608,34089,0
2012-07-27,2+1,8.25,1957361,178008,0
2012-07-27,2+0,3.86,4278679,422344,0
2012-07-31,5+2,156962440.00,0,0,1
2012-07-31,5+1,384462.03,6,0,0
2012-07-31,5+0,64077.00,12,0,0
2012-07-31,4+2,6007.21,64,3,0
2012-07-31,4+1,259.17,1298,174,0
2012-07-31,4+0,135.26,2487,285,0
2012-07-31,3+2,74.97,3205,447,0
2012-07-31,2+2,22.43,49267,7763,0
2012-07-31,3+1,16.37,64551,10096,0
2012-07-31,3+0,14.68,121119,18147,0
2012-07-31,1+2,11.56,270186,41927,0
2012-07-31,2+1,8.34,1013757,170748,0
2012-07-31,2+0,4.61,1873361,297054,0
2012-08-03,5+2,180011714.50,0,0,1
2012-08-03,5+1,691478.23,5,0,0
2012-08-03,5+0,104769.42,11,1,0
2012-08-03,4+2,5649.33,102,9,0
2012-08-03,4+1,269.77,1869,252,0
2012-08-03,4+0,137.12,3677,489,0
2012-08-03,3+2,73.99,4867,631,0
2012-08-03,2+2,21.98,75342,10534,0
2012-08-03,3+1,17.38,91150,12848,0
2012-08-03,3+0,14.72,181019,24327,0
2012-08-03,1+2,10.83,431979,65862,0
2012-08-03,2+1,8.97,1412821,211008,0
2012-08-03,2+0,4.68,2765500,384896,0
2012-08-07,5+2,190000000.00,0,0,1
2012-08-07,5+1,2318241.12,7,0,0
2012-08-07,5+0,54277.37,21,2,0
2012-08-07,4+2,6194.70,92,18,0
2012-08-07,4+1,225.33,2213,381,0
2012-08-07,4+0,115.35,4323,756,0
2012-08-07,3+2,74.86,4758,796,0
2012-08-07,2+2,22.64,72340,11643,0
2012-08-07,3+1,15.67,99959,17433,0
2012-08-07,3+0,13.77,191378,32917,0
2012-08-07,1+2,11.50,402569,61929,0
2012-08-07,2+1,8.18,1531360,259760,0
2012-08-07,2+0,4.47,2864186,470451,0
2012-08-10,5+2,190000000.00,1,0,0
2012-08-10,5+1,2640734.24,14,1,0
2012-08-10,5+0,66975.14,24,5,0
2012-08-10,4+2,6753.79,119,14,0
2012-08-10,4+1,240.42,2925,453,0
2012-08-10,4+0,107.99,6512,965,0
2012-08-10,3+2,78.75,6378,812,0
2012-08-10,2+2,24.27,95192,11837,0
2012-08-10,3+1,15.85,139424,20630,0
2012-08-10,3+0,12.10,307015,49506,0
2012-08-10,1+2,13.01,501558,60686,0
2012-08-10,2+1,8.46,2089032,297536,0
2012-08-10,2+0,3.93,4598171,727734,0
2012-08-14,5+2,15000000.00,0,0,1
2012-08-14,5+1,601187.40,2,0,0
2012-08-14,5+0,57255.94,7,1,0
2012-08-14,4+2,6910.20,29,8,0
2012-08-14,4+1,292.73,599,92,0
2012-08-14,4+0,140.27,1250,253,0
2012-08-14,3+2,62.31,2010,400,0
2012-08-14,2+2,28.38,20295,3325,0
2012-08-14,3+1,19.59,28130,4754,0
2012-08-14,3+0,14.76,62756,11692,0
2012-08-14,1+2,14.24,114341,20442,0
2012-08-14,2+1,10.02,439931,75048,0
2012-08-14,2+0,4.52,995481,187316,0
2012-08-17,5+2,26921509.10,0,0,1
2012-08-17,5+1,198691.81,9,1,0
2012-08-17,5+0,99345.90,6,1,0
2012-08-17,4+2,3137.23,95,16,0
2012-08-17,4+1,210.30,1240,204,0
2012-08-17,4+0,107.14,2434,369,0
2012-08-17,3+2,43.10,4321,710,0
2012-08-17,2+2,13.44,63751,11190,0
2012-08-17,3+1,14.00,58529,9737,0
2012-08-17,3+0,12.18,113120,18120,0
2012-08-17,1+2,7.50,322851,59433,0
2012-08-17,2+1,7.70,850702,145550,0
2012-08-17,2+0,4.09,1638808,272061,0
2012-08-21,5+2,34941088.90,0,0,1
2012-08-21,5+1,601468.48,2,0,0
2012-08-21,5+0,400978.99,1,0,0
2012-08-21,4+2,5569.15,36,4,0
2012-08-21,4+1,227.23,772,117,0
2012-08-21,4+0,128.33,1367,211,0
2012-08-21,3+2,68.62,1826,273,0
2012-08-21,2+2,20.20,28525,4536,0
2012-08-21,3+1,14.72,37450,6132,0
2012-08-21,3+0,13.69,67684,10742,0
2012-08-21,1+2,10.66,152760,25127,0
2012-08-21,2+1,7.51,587271,99177,0
2012-08-21,2+0,4.25,1060759,178081,0
2012-08-24,5+2,47570390.00,1,0,0
2012-08-24,5+1,315732.50,6,0,0
2012-08-24,5+0,57405.90,11,1,0
2012-08-24,4+2,1715.93,184,25,0
2012-08-24,4+1,135.75,2035,257,0
2012-08-24,4+0,80.82,3418,425,0
2012-08-24,3+2,25.30,7798,1166,0
2012-08-24,2+2,9.64,94104,15349,0
2012-08-24,3+1,10.47,82898,11695,0
2012-08-24,3+0,10.13,144013,19427,0
2012-08-24,1+2,5.85,437780,77859,0
2012-08-24,2+1,6.58,1054228,161897,0
2012-08-24,2+0,3.87,1833874,265230,0
2012-08-28,5+2,15000000.00,0,0,1
2012-08-28,5+1,359462.11,3,0,0
2012-08-28,5+0,44932.76,8,1,0
2012-08-28,4+2,4279.31,42,6,0
2012-08-28,4+1,214.25,734,100,0
2012-08-28,4+0,117.27,1341,205,0
2012-08-28,3+2,64.04,1754,267,0
2012-08-28,2+2,19.86,26010,3944,0
2012-08-28,3+1,14.20,34785,5478,0
2012-08-28,3+0,13.10,63418,10017,0
2012-08-28,1+2,10.40,140376,22766,0
2012-08-28,2+1,7.63,518210,85411,0
2012-08-28,2+0,4.42,914065,143485,0
2012-08-31,5+2,26982209.20,0,0,1
2012-08-31,5+1,599110.46,3,1,0
2012-08-31,5+0,74888.80,8,1,0
2012-08-31,4+2,5651.98,53,5,0
2012-08-31,4+1,242.92,1079,134,0
2012-08-31,4+0,119.90,2186,316,0
2012-08-31,3+2,83.76,2235,303,0
2012-08-31,2+2,25.59,33646,4571,0
2012-08-31,3+1,16.60,49596,7439,0
2012-08-31,3+0,13.00,106558,17466,0
2012-08-31,1+2,13.21,184154,24963,0
2012-08-31,2+1,8.89,740890,110836,0
2012-08-31,2+0,4.23,1590605,259725,0
2012-09-04,5+2,34855964.40,0,0,1
2012-09-04,5+1,295265.82,4,1,0
2012-09-04,5+0,98421.94,4,1,0
2012-09-04,4+2,5964.96,33,3,0
2012-09-04,4+1,250.34,688,93,0
2012-09-04,4+0,114.52,1504,166,0
2012-09-04,3+2,77.96,1578,215,0
2012-09-04,2+2,23.07,24525,3749,0
2012-09-04,3+1,15.57,34758,5072,0
2012-09-04,3+0,12.61,72146,9800,0
2012-09-04,1+2,12.22,130785,20062,0
2012-09-04,2+1,8.02,539763,87571,0
2012-09-04,2+0,3.93,1126007,167153,0
2012-09-07,5+2,47319633.00,1,0,0
2012-09-07,5+1,267078.59,7,0,0
2012-09-07,5+0,103863.89,6,1,0
2012-09-07,4+2,4210.69,74,9,0
2012-09-07,4+1,216.72,1258,145,0
2012-09-07,4+0,115.72,2356,322,0
2012-09-07,3+2,49.45,3938,596,0
2012-09-07,2+2,15.77,56790,8728,0
2012-09-07,3+1,15.01,57081,7776,0
2012-09-07,3+0,12.56,114684,15599,0
2012-09-07,1+2,8.60,294231,45274,0
2012-09-07,2+1,8.06,850151,123206,0
2012-09-07,2+0,4.11,1704344,259960,0
2012-09-11,5+2,15000000.00,0,0,1
2012-09-11,5+1,150406.53,7,0,0
2012-09-11,5+0,26996.04,13,1,0
2012-09-11,4+2,3509.48,50,10,0
2012-09-11,4+1,183.22,838,88,0
2012-09-11,4+0,96.68,1588,217,0
2012-09-11,3+2,56.94,1926,245,0
2012-09-11,2+2,18.15,27790,4450,0
2012-09-11,3+1,14.16,34061,4695,0
2012-09-11,3+0,12.43,65288,9346,0
2012-09-11,1+2,9.68,147164,24090,0
2012-09-11,2+1,7.93,486463,73093,0
2012-09-11,2+0,4.21,937558,145068,0
2012-09-14,5+2,26580854.00,1,0,0
2012-09-14,5+1,193014.22,9,1,0
2012-09-14,5+0,38602.84,15,1,0
2012-09-14,4+2,2757.34,105,10,0
2012-09-14,4+1,142.40,1779,284,0
2012-09-14,4+0,83.99,3016,512,0
2012-09-14,3+2,44.10,4103,583,0
2012-09-14,2+2,14.61,56968,8113,0
2012-09-14,3+1,10.83,73503,11448,0
2012-09-14,3+0,10.65,125676,20876,0
2012-09-14,1+2,8.42,279367,39218,0
2012-09-14,2+1,6.53,974602,148151,0
2012-09-14,2+0,3.90,1666451,264688,0
2012-09-18,5+2,15000000.00,0,0,1
2012-09-18,5+1,513168.74,2,0,0
2012-09-18,5+0,85528.12,4,0,0
2012-09-18,4+2,6335.41,27,7,0
2012-09-18,4+1,273.12,548,70,0
2012-09-18,4+0,161.63,926,131,0
2012-09-18,3+2,65.46,1633,210,0
2012-09-18,2+2,17.03,28873,4174,0
2012-09-18,3+1,16.76,28064,3752,0
2012-09-18,3+0,16.21,48805,6267,0
2012-09-18,1+2,8.21,169274,24565,0
2012-09-18,2+1,7.80,482443,68256,0
2012-09-18,2+0,4.65,827643,118977,0
2012-09-21,5+2,26523680.90,0,0,1
2012-09-21,5+1,345710.42,5,0,0
2012-09-21,5+0,82312.00,7,1,0
2012-09-21,4+2,6402.04,45,4,0
2012-09-21,4+1,262.31,961,143,0
2012-09-21,4+0,117.19,2151,312,0
2012-09-21,3+2,86.60,2079,226,0
2012-09-21,2+2,26.12,31700,3754,0
2012-09-21,3+1,17.36,45612,6052,0
2012-09-21,3+0,13.66,97479,13689,0
2012-09-21,1+2,13.44,174141,21283,0
2012-09-21,2+1,9.15,692243,92495,0
2012-09-21,2+0,4.34,1493496,218446,0
2012-09-25,5+2,33985873.20,0,0,1
2012-09-25,5+1,1119328.84,1,0,0
2012-09-25,5+0,31092.46,12,0,0
2012-09-25,4+2,7175.18,26,1,0
2012-09-25,4+1,237.26,688,68,0
2012-09-25,4+0,114.55,1425,177,0
2012-09-25,3+2,71.79,1624,190,0
2012-09-25,2+2,22.08,24281,3077,0
2012-09-25,3+1,15.68,32717,3877,0
2012-09-25,3+0,12.04,71652,9068,0
2012-09-25,1+2,11.68,129700,17019,0
2012-09-25,2+1,8.24,497746,63947,0
2012-09-25,2+0,3.90,1075089,148276,0
2012-09-28,5+2,100000000.00,1,0,0
2012-09-28,5+1,163925.60,18,4,0
2012-09-28,5+0,31727.53,31,9,0
2012-09-28,4+2,4639.40,106,7,0
2012-09-28,4+1,201.35,2137,241,0
2012-09-28,4+0,104.44,4120,447,0
2012-09-28,3+2,57.78,5319,633,0
2012-09-28,2+2,18.16,77815,10479,0
2012-09-28,3+1,14.60,92587,12323,0
2012-09-28,3+0,12.75,178308,23356,0
2012-09-28,1+2,9.73,410460,54041,0
2012-09-28,2+1,7.80,1386578,187123,0
2012-09-28,2+0,4.12,2685248,360955,0
2012-10-02,5+2,15000000.00,0,0,1
2012-10-02,5+1,180306.91,6,0,0
2012-10-02,5+0,51516.26,7,0,0
2012-10-02,4+2,3836.31,47,7,0
2012-10-02,4+1,160.66,982,141,0
2012-10-02,4+0,103.38,1526,230,0
2012-10-02,3+2,66.44,1696,215,0
2012-10-02,2+2,21.62,23972,3639,0
2012-10-02,3+1,13.28,37329,5830,0
2012-10-02,3+0,13.33,62549,9652,0
2012-10-02,1+2,11.25,130135,18777,0
2012-10-02,2+1,7.42,534504,83394,0
2012-10-02,2+0,4.44,912339,142081,0
2012-10-05,5+2,26871790.40,0,0,1
2012-10-05,5+1,296794.76,6,0,0
2012-10-05,5+0,45660.73,13,3,0
2012-10-05,4+2,3157.39,94,14,0
2012-10-05,4+1,145.48,1785,267,0
2012-10-05,4+0,86.10,3016,412,0
2012-10-05,3+2,49.97,3712,556,0
2012-10-05,2+2,18.49,46124,6474,0
2012-10-05,3+1,10.28,79326,12545,0
2012-10-05,3+0,10.76,127466,17769,0
2012-10-05,1+2,10.97,219704,30150,0
2012-10-05,2+1,6.24,1045093,155928,0
2012-10-05,2+0,3.84,1735231,235069,0
2012-10-09,5+2,34447603.20,0,0,1
2012-10-09,5+1,113637.19,10,0,0
2012-10-09,5+0,22281.80,17,1,0
2012-10-09,4+2,3507.32,54,7,0
2012-10-09,4+1,114.36,1449,185,0
2012-10-09,4+0,69.68,2378,308,0
2012-10-09,3+2,54.85,2158,276,0
2012-10-09,2+2,18.79,28964,3998,0
2012-10-09,3+1,10.00,52054,7036,0
2012-10-09,3+0,9.62,90972,12514,0
2012-10-09,1+2,11.13,138176,19653,0
2012-10-09,2+1,6.57,634113,89927,0
2012-10-09,2+0,3.73,1140416,159705,0
2012-10-12,5+2,46640892.80,0,0,1
2012-10-12,5+1,304832.24,6,1,0
2012-10-12,5+0,121932.89,5,1,0
2012-10-12,4+2,3544.56,86,22,0
2012-10-12,4+1,249.51,1069,147,0
2012-10-12,4+0,109.04,2446,334,0
2012-10-12,3+2,51.53,3697,548,0
2012-10-12,2+2,14.88,58894,8470,0
2012-10-12,3+1,15.20,55134,7345,0
2012-10-12,3+0,12.56,112238,15522,0
2012-10-12,1+2,7.75,319520,48968,0
2012-10-12,2+1,7.92,846416,116939,0
2012-10-12,2+0,4.03,1698401,235127,0
2012-10-16,5+2,54755944.90,0,0,1
2012-10-16,5+1,405752.60,3,0,0
2012-10-16,5+0,33812.71,12,0,0
2012-10-16,4+2,3559.23,57,7,0
2012-10-16,4+1,284.48,624,84,0
2012-10-16,4+0,140.10,1267,171,0
2012-10-16,3+2,63.52,1996,346,0
2012-10-16,2+2,18.38,31724,5372,0
2012-10-16,3+1,18.40,30309,4604,0
2012-10-16,3+0,15.16,61853,8821,0
2012-10-16,1+2,8.68,189755,29657,0
2012-10-16,2+1,9.43,472929,70836,0
2012-10-16,2+0,4.74,961153,139329,0
2012-10-19,5+2,67874748.10,0,0,1
2012-10-19,5+1,655940.16,3,0,0
2012-10-19,5+0,65594.01,10,1,0
2012-10-19,4+2,8199.25,40,6,0
2012-10-19,4+1,221.94,1293,182,0
2012-10-19,4+0,103.78,2765,398,0
2012-10-19,3+2,83.76,2447,287,0
2012-10-19,2+2,27.08,34811,4071,0
2012-10-19,3+1,16.99,53070,7049,0
2012-10-19,3+0,13.02,116458,15677,0
2012-10-19,1+2,14.24,187038,21968,0
2012-10-19,2+1,9.50,759500,99665,0
2012-10-19,2+0,4.40,1676177,229799,0
2012-10-23,5+2,76874850.80,0,0,1
2012-10-23,5+1,337503.85,4,1,0
2012-10-23,5+0,90001.02,5,2,0
2012-10-23,4+2,4787.28,47,3,0
2012-10-23,4+1,225.51,873,121,0
2012-10-23,4+0,100.60,1957,347,0
2012-10-23,3+2,75.44,1864,201,0
2012-10-23,2+2,24.42,26489,2815,0
2012-10-23,3+1,16.47,37567,5491,0
2012-10-23,3+0,12.35,84221,13711,0
2012-10-23,1+2,13.08,139719,14346,0
2012-10-23,2+1,9.17,539694,76283,0
2012-10-23,2+0,4.14,1222362,187345,0
2012-10-26,5+2,91421975.30,0,0,1
2012-10-26,5+1,545517.16,4,0,0
2012-10-26,5+0,66123.29,11,0,0
2012-10-26,4+2,5348.20,68,7,0
2012-10-26,4+1,179.37,1774,305,0
2012-10-26,4+0,88.32,3603,537,0
2012-10-26,3+2,61.26,3710,557,0
2012-10-26,2+2,20.46,51098,7569,0
2012-10-26,3+1,12.15,82297,13134,0
2012-10-26,3+0,10.11,166225,23291,0
2012-10-26,1+2,11.23,263075,36424,0
2012-10-26,2+1,7.34,1088765,162921,0
2012-10-26,2+0,3.67,2227608,299662,0
2012-10-30,5+2,102511026.50,0,0,1
2012-10-30,5+1,277226.28,6,0,0
2012-10-30,5+0,61605.84,9,3,0
2012-10-30,4+2,4544.69,61,8,0
2012-10-30,4+1,237.35,1022,104,0
2012-10-30,4+0,117.46,2065,200,0
2012-10-30,3+2,64.22,2698,297,0
2012-10-30,2+2,20.98,37975,4522,0
2012-10-30,3+1,14.11,54010,5695,0
2012-10-30,3+0,12.99,98630,10347,0
2012-10-30,1+2,11.17,201595,26342,0
2012-10-30,2+1,7.54,808319,99958,0
2012-10-30,2+0,4.27,1459885,172715,0
2012-11-02,5+2,119125945.20,0,0,1
2012-11-02,5+1,226567.07,11,2,0
2012-11-02,5+0,55383.06,15,2,0
2012-11-02,4+2,4032.74,103,9,0
2012-11-02,4+1,157.33,2310,233,0
2012-11-02,4+0,91.27,3982,422,0
2012-11-02,3+2,52.41,4953,556,0
2012-11-02,2+2,17.96,66457,8057,0
2012-11-02,3+1,11.30,101063,12012,0
2012-11-02,3+0,10.93,175674,20247,0
2012-11-02,1+2,10.34,326370,41857,0
2012-11-02,2+1,6.75,1353257,174576,0
2012-11-02,2+0,3.86,2417410,300547,0
2012-11-06,5+2,132672800.00,0,0,1
2012-11-06,5+1,1016014.10,2,0,0
2012-11-06,5+0,48381.62,14,0,0
2012-11-06,4+2,4770.01,71,8,0
2012-11-06,4+1,238.78,1241,130,0
2012-11-06,4+0,118.34,2504,275,0
2012-11-06,3+2,62.92,3364,346,0
2012-11-06,2+2,18.80,51791,5797,0
2012-11-06,3+1,16.23,57367,6059,0
2012-11-06,3+0,13.20,118602,13459,0
2012-11-06,1+2,9.75,282172,32209,0
2012-11-06,2+1,8.44,882549,101187,0
2012-11-06,2+0,4.19,1816369,220750,0
2012-11-09,5+2,152867728.90,0,0,1
2012-11-09,5+1,336582.14,9,0,0
2012-11-09,5+0,72124.74,14,0,0
2012-11-09,4+2,3658.50,138,16,0
2012-11-09,4+1,195.73,2257,291,0
2012-11-09,4+0,106.09,4164,405,0
2012-11-09,3+2,54.46,5794,820,0
2012-11-09,2+2,18.42,78766,9969,0
2012-11-09,3+1,11.71,118488,16919,0
2012-11-09,3+0,11.29,206667,25416,0
2012-11-09,1+2,10.22,401261,48858,0
2012-11-09,2+1,6.99,1586935,221731,0
2012-11-09,2+0,4.08,2781885,332523,0
2012-11-13,5+2,169837010.00,1,0,0
2012-11-13,5+1,121209.14,21,6,0
2012-11-13,5+0,33938.56,25,5,0
2012-11-13,4+2,2438.11,174,25,0
2012-11-13,4+1,148.89,2493,354,0
2012-11-13,4+0,83.36,4453,525,0
2012-11-13,3+2,42.10,6297,1035,0
2012-11-13,2+2,14.96,81487,11424,0
2012-11-13,3+1,12.24,95247,12578,0
2012-11-13,3+0,10.65,184127,23450,0
2012-11-13,1+2,8.83,390045,50220,0
2012-11-13,2+1,7.26,1285479,151598,0
2012-11-13,2+0,3.80,2507465,292121,0
2012-11-16,5+2,15000000.00,0,0,1
2012-11-16,5+1,224753.38,8,1,0
2012-11-16,5+0,46103.25,13,4,0
2012-11-16,4+2,3444.49,87,11,0
2012-11-16,4+1,178.37,1470,251,0
2012-11-16,4+0,90.41,2900,486,0
2012-11-16,3+2,49.60,3776,548,0
2012-11-16,2+2,15.82,54434,7080,0
2012-11-16,3+1,11.91,69142,11974,0
2012-11-16,3+0,11.08,125085,20368,0
2012-11-16,1+2,8.98,270947,34051,0
2012-11-16,2+1,7.03,937229,142692,0
2012-11-16,2+0,3.91,1720964,255497,0
2012-11-20,5+2,22756968.00,1,0,0
2012-11-20,5+1,1163545.05,1,0,0
2012-11-20,5+0,55406.90,7,2,0
2012-11-20,4+2,1292.82,150,38,0
2012-11-20,4+1,234.04,725,117,0
2012-11-20,4+0,131.94,1286,151,0
2012-11-20,3+2,79.79,1519,159,0
2012-11-20,2+2,24.40,22841,3173,0
2012-11-20,3+1,17.89,29801,4219,0
2012-11-20,3+0,14.62,61341,7836,0
2012-11-20,1+2,12.56,125380,17834,0
2012-11-20,2+1,9.26,460648,66768,0
2012-11-20,2+0,4.67,932406,125658,0
2012-11-23,5+2,15000000.00,0,0,1
2012-11-23,5+1,152903.30,11,2,0
2012-11-23,5+0,37376.36,15,2,0
2012-11-23,4+2,2355.65,119,23,0
2012-11-23,4+1,118.89,2063,374,0
2012-11-23,4+0,76.31,3214,491,0
2012-11-23,3+2,41.15,4257,888,0
2012-11-23,2+2,14.82,54381,9706,0
2012-11-23,3+1,10.58,72807,12683,0
2012-11-23,3+0,10.71,121024,18608,0
2012-11-23,1+2,9.32,244256,39404,0
2012-11-23,2+1,6.78,909148,153558,0
2012-11-23,2+0,3.98,1583580,235805,0
2012-11-27,5+2,22479773.10,0,0,1
2012-11-27,5+1,224393.19,5,2,0
2012-11-27,5+0,41554.29,9,0,0
2012-11-27,4+2,3528.19,53,1,0
2012-11-27,4+1,175.36,933,83,0
2012-11-27,4+0,84.12,1945,227,0
2012-11-27,3+2,61.09,1913,196,0
2012-11-27,2+2,19.39,27722,3210,0
2012-11-27,3+1,13.91,36965,4611,0
2012-11-27,3+0,11.68,74001,10597,0
2012-11-27,1+2,10.19,148964,18441,0
2012-11-27,2+1,7.78,528660,70502,0
2012-11-27,2+0,4.08,1029722,148103,0
2012-11-30,5+2,34324722.50,0,0,1
2012-11-30,5+1,222092.80,8,0,0
2012-11-30,5+0,84606.78,7,1,0
2012-11-30,4+2,4626.93,64,6,0
2012-11-30,4+1,191.50,1353,211,0
2012-11-30,4+0,110.11,2353,333,0
2012-11-30,3+2,58.73,3151,478,0
2012-11-30,2+2,18.94,44949,6644,0
2012-11-30,3+1,13.08,62246,9638,0
2012-11-30,3+0,12.14,112813,16946,0
2012-11-30,1+2,10.51,228795,32729,0
2012-11-30,2+1,7.13,913638,137346,0
2012-11-30,2+0,4.03,1652684,245972,0
2012-12-04,5+2,42363919.00,0,0,1
2012-12-04,5+1,602939.73,2,0,0
2012-12-04,5+0,66993.30,6,0,0
2012-12-04,4+2,4276.16,47,4,0
2012-12-04,4+1,181.48,969,123,0
2012-12-04,4+0,95.05,1850,248,0
2012-12-04,3+2,52.44,2395,345,0
2012-12-04,2+2,16.80,34389,5109,0
2012-12-04,3+1,12.56,43993,5957,0
2012-12-04,3+0,11.29,82263,11609,0
2012-12-04,1+2,9.37,174096,26325,0
2012-12-04,2+1,7.17,615881,86842,0
2012-12-04,2+0,3.86,1169425,171173,0
2012-12-07,5+2,54583278.70,0,0,1
2012-12-07,5+1,458225.98,4,0,0
2012-12-07,5+0,55542.54,11,2,0
2012-12-07,4+2,3916.46,78,11,0
2012-12-07,4+1,196.83,1358,168,0
2012-12-07,4+0,109.41,2443,309,0
2012-12-07,3+2,47.32,4034,658,0
2012-12-07,2+2,14.82,59254,10525,0
2012-12-07,3+1,13.50,62207,8725,0
2012-12-07,3+0,13.14,107520,13572,0
2012-12-07,1+2,7.84,316475,59484,0
2012-12-07,2+1,7.39,908786,137226,0
2012-12-07,2+0,4.40,1561249,209676,0
2012-12-11,5+2,63235217.90,0,0,1
2012-12-11,5+1,432596.96,3,0,0
2012-12-11,5+0,144198.98,3,0,0
2012-12-11,4+2,5030.19,43,7,0
2012-12-11,4+1,209.59,903,164,0
2012-12-11,4+0,98.06,1930,331,0
2012-12-11,3+2,62.93,2148,349,0
2012-12-11,2+2,19.48,31910,4805,0
2012-12-11,3+1,14.22,41806,6688,0
2012-12-11,3+0,11.30,88479,14849,0
2012-12-11,1+2,10.14,173202,27047,0
2012-12-11,2+1,7.99,594997,90915,0
2012-12-11,2+0,4.07,1195199,184191,0
2012-12-14,5+2,76452077.70,0,0,1
2012-12-14,5+1,495632.24,4,0,0
2012-12-14,5+0,41302.68,16,2,0
2012-12-14,4+2,5696.92,58,7,0
2012-12-14,4+1,243.36,1188,148,0
2012-12-14,4+0,113.96,2537,334,0
2012-12-14,3+2,83.74,2466,263,0
2012-12-14,2+2,26.05,36455,4223,0
2012-12-14,3+1,15.54,58460,8108,0
2012-12-14,3+0,12.35,123735,16707,0
2012-12-14,1+2,13.88,193321,21757,0
2012-12-14,2+1,8.34,871206,124162,0
2012-12-14,2+0,3.98,1865468,259968,0
2012-12-18,5+2,86060442.80,0,0,1
2012-12-18,5+1,360313.69,4,0,0
2012-12-18,5+0,96083.65,5,0,0
2012-12-18,4+2,4619.40,52,11,0
2012-12-18,4+1,203.27,1034,172,0
2012-12-18,4+0,118.34,1776,290,0
2012-12-18,3+2,52.07,2883,498,0
2012-12-18,2+2,15.55,44407,7536,0
2012-12-18,3+1,14.12,46777,7169,0
2012-12-18,3+0,13.48,82415,11352,0
2012-12-18,1+2,8.07,241746,42105,0
2012-12-18,2+1,7.53,701649,105582,0
2012-12-18,2+0,4.43,1219581,162143,0
2012-12-21,5+2,101835641.00,1,0,0
2012-12-21,5+1,215116.32,11,0,0
2012-12-21,5+0,39437.99,20,1,0
2012-12-21,4+2,6465.24,61,8,0
2012-12-21,4+1,221.63,1557,206,0
2012-12-21,4+0,111.85,3085,428,0
2012-12-21,3+2,73.07,3373,426,0
2012-12-21,2+2,23.31,48628,5895,0
2012-12-21,3+1,15.20,71310,10646,0
2012-12-21,3+0,12.29,148376,22279,0
2012-12-21,1+2,12.60,254119,30246,0
2012-12-21,2+1,8.22,1054576,155504,0
2012-12-21,2+0,3.97,2231875,330819,0
2012-12-25,5+2,15000000.00,0,0,1
2012-12-25,5+1,345171.61,5,0,0
2012-12-25,5+0,63920.67,9,0,0
2012-12-25,4+2,6689.37,43,0,0
2012-12-25,4+1,205.79,1223,92,0
2012-12-25,4+0,96.43,2610,228,0
2012-12-25,3+2,67.94,2646,174,0
2012-12-25,2+2,21.94,37690,2307,0
2012-12-25,3+1,14.27,55402,4794,0
2012-12-25,3+0,11.05,120289,11044,0
2012-12-25,1+2,11.83,197413,12426,0
2012-12-25,2+1,8.20,771723,61986,0
2012-12-25,2+0,3.90,1656578,138167,0
2012-12-28,5+2,26703677.10,0,0,1
2012-12-28,5+1,351110.31,5,0,0
2012-12-28,5+0,53198.53,11,3,0
2012-12-28,4+2,4876.53,60,7,0
2012-12-28,4+1,232.74,1100,134,0
2012-12-28,4+0,130.35,1964,226,0
2012-12-28,3+2,43.80,4175,807,0
2012-12-28,2+2,12.82,65596,14737,0
2012-12-28,3+1,13.94,57710,8729,0
2012-12-28,3+0,13.48,100353,13679,0
2012-12-28,1+2,6.90,344435,77185,0
2012-12-28,2+1,7.17,896679,151231,0
2012-12-28,2+0,4.32,1523353,225584,0
2013-01-01,5+2,12677536.00,3,0,0
2013-01-01,5+1,849669.79,2,0,0
2013-01-01,5+0,62938.50,9,2,0
2013-01-01,4+2,5664.46,50,2,0
2013-01-01,4+1,248.81,996,75,0
2013-01-01,4+0,109.80,2257,148,0
2013-01-01,3+2,68.34,2590,183,0
2013-01-01,2+2,21.37,38095,2937,0
2013-01-01,3+1,16.76,46444,3409,0
2013-01-01,3+0,12.18,107533,8661,0
2013-01-01,1+2,11.51,199783,16786,0
2013-01-01,2+1,9.01,691259,56080,0
2013-01-01,2+0,3.94,1613896,144709,0
2013-01-04,5+2,15000000.00,0,0,1
2013-01-04,5+1,410158.66,4,2,0
2013-01-04,5+0,36458.54,15,2,0
2013-01-04,4+2,5258.44,52,7,0
2013-01-04,4+1,185.18,1292,238,0
2013-01-04,4+0,81.40,2939,618,0
2013-01-04,3+2,80.84,2114,328,0
2013-01-04,2+2,25.38,30966,4506,0
2013-01-04,3+1,14.18,53005,9821,0
2013-01-04,3+0,10.08,125358,24450,0
2013-01-04,1+2,14.00,158630,22022,0
2013-01-04,2+1,8.29,724839,118796,0
2013-01-04,2+0,3.59,1712337,295196,0
2013-01-08,5+2,22485855.30,0,0,1
2013-01-08,5+1,374292.76,3,0,0
2013-01-08,5+0,37429.27,10,0,0
2013-01-08,4+2,4564.54,41,9,0
2013-01-08,4+1,232.27,705,93,0
2013-01-08,4+0,129.85,1261,136,0
2013-01-08,3+2,53.21,2198,313,0
2013-01-08,2+2,15.76,34125,5511,0
2013-01-08,3+1,14.64,35136,5104,0
2013-01-08,3+0,13.56,63819,8647,0
2013-01-08,1+2,8.02,189500,32288,0
2013-01-08,2+1,7.72,532881,80848,0
2013-01-08,2+0,4.47,941485,131216,0
2013-01-11,5+2,34191508.00,1,0,0
2013-01-11,5+1,351169.55,5,1,0
2013-01-11,5+0,73160.32,8,0,0
2013-01-11,4+2,3704.32,79,12,0
2013-01-11,4+1,204.68,1251,159,0
2013-01-11,4+0,112.50,2276,325,0
2013-01-11,3+2,46.22,3957,470,0
2013-01-11,2+2,14.72,57143,7038,0
2013-01-11,3+1,14.24,56477,7549,0
2013-01-11,3+0,13.07,103499,15136,0
2013-01-11,1+2,7.88,301636,38443,0
2013-01-11,2+1,7.86,818473,113313,0
2013-01-11,2+0,4.47,1472297,215370,0
2013-01-15,5+2,15000000.00,0,0,1
2013-01-15,5+1,1041435.26,1,0,0
2013-01-15,5+0,43393.13,8,0,0
2013-01-15,4+2,5424.14,32,2,0
2013-01-15,4+1,275.63,551,69,0
2013-01-15,4+0,124.38,1221,167,0
2013-01-15,3+2,87.27,1243,151,0
2013-01-15,2+2,26.57,18775,2374,0
2013-01-15,3+1,19.75,24162,3420,0
2013-01-15,3+0,13.21,60761,9703,0
2013-01-15,1+2,13.31,105886,13756,0
2013-01-15,2+1,10.75,355128,47502,0
2013-01-15,2+0,4.32,903494,139722,0
2013-01-18,5+2,25798102.00,0,0,1
2013-01-18,5+1,404928.82,4,1,0
2013-01-18,5+0,107981.02,5,1,0
2013-01-18,4+2,6427.44,42,4,0
2013-01-18,4+1,243.01,972,180,0
2013-01-18,4+0,110.01,2147,362,0
2013-01-18,3+2,74.65,2260,276,0
2013-01-18,2+2,24.21,32053,3888,0
2013-01-18,3+1,15.96,46501,7359,0
2013-01-18,3+0,12.20,102326,16440,0
2013-01-18,1+2,13.07,167736,20870,0
2013-01-18,2+1,8.58,691678,106096,0
2013-01-18,2+0,3.96,1530681,235439,0
2013-01-22,5+2,32974711.00,0,0,1
2013-01-22,5+1,538245.67,2,0,0
2013-01-22,5+0,71766.08,5,1,0
2013-01-22,4+2,5436.82,33,3,0
2013-01-22,4+1,248.00,633,81,0
2013-01-22,4+0,139.91,1122,112,0
2013-01-22,3+2,78.58,1427,195,0
2013-01-22,2+2,22.39,23034,2914,0
2013-01-22,3+1,17.56,28096,3724,0
2013-01-22,3+0,14.97,55414,7877,0
2013-01-22,1+2,11.73,124189,16200,0
2013-01-22,2+1,8.86,445156,60165,0
2013-01-22,2+0,4.49,897869,128310,0
2013-01-25,5+2,44297359.00,1,0,0
2013-01-25,5+1,1698397.05,1,1,0
2013-01-25,5+0,94355.39,6,2,0
2013-01-25,4+2,4493.11,63,13,0
2013-01-25,4+1,202.52,1223,130,0
2013-01-25,4+0,103.50,2393,278,0
2013-01-25,3+2,54.99,3217,443,0
2013-01-25,2+2,17.57,46317,6645,0
2013-01-25,3+1,13.74,56616,7157,0
2013-01-25,3+0,12.05,108564,14328,0
2013-01-25,1+2,9.51,241702,36382,0
2013-01-25,2+1,7.65,813465,107902,0
2013-01-25,2+0,4.08,1559166,214709,0
2013-01-29,5+2,7500000.00,2,1,0
2013-01-29,5+1,100024.61,10,2,0
2013-01-29,5+0,55569.23,6,4,0
2013-01-29,4+2,2165.03,77,34,0
2013-01-29,4+1,168.24,867,202,0
2013-01-29,4+0,96.02,1519,400,0
2013-01-29,3+2,43.34,2404,600,0
2013-01-29,2+2,15.85,30235,5612,0
2013-01-29,3+1,13.78,33262,6225,0
2013-01-29,3+0,12.66,60870,10980,0
2013-01-29,1+2,8.47,159812,26958,0
2013-01-29,2+1,8.26,443657,70076,0
2013-01-29,2+0,4.36,859634,133691,0
2013-02-01,5+2,15000000.00,0,0,1
2013-02-01,5+1,392178.97,4,0,0
2013-02-01,5+0,104581.05,5,1,0
2013-02-01,4+2,4841.71,54,9,0
2013-02-01,4+1,248.12,922,162,0
2013-02-01,4+0,114.67,1995,365,0
2013-02-01,3+2,65.78,2484,366,0
2013-02-01,2+2,20.89,35980,5080,0
2013-02-01,3+1,16.53,43494,6680,0
2013-02-01,3+0,12.50,96708,16322,0
2013-02-01,1+2,10.51,202011,27248,0
2013-02-01,2+1,9.04,635852,92746,0
2013-02-01,2+0,4.21,1395747,212844,0
2013-02-05,5+2,21947415.60,0,0,1
2013-02-05,5+1,347370.78,3,0,0
2013-02-05,5+0,173685.39,2,0,0
2013-02-05,4+2,5602.75,31,7,0
2013-02-05,4+1,239.70,634,69,0
2013-02-05,4+0,138.41,1098,127,0
2013-02-05,3+2,66.71,1627,202,0
2013-02-05,2+2,20.86,23932,3167,0
2013-02-05,3+1,16.04,29771,4083,0
2013-02-05,3+0,15.32,52421,7056,0
2013-02-05,1+2,10.79,130774,17098,0
2013-02-05,2+1,8.27,461970,64380,0
2013-02-05,2+0,4.76,819983,116346,0
2013-02-08,5+2,32916238.70,0,0,1
2013-02-08,5+1,548441.15,3,1,0
2013-02-08,5+0,49858.28,11,4,0
2013-02-08,4+2,8845.82,31,6,0
2013-02-08,4+1,250.46,958,150,0
2013-02-08,4+0,84.19,2850,548,0
2013-02-08,3+2,79.53,2155,287,0
2013-02-08,2+2,25.60,30795,4149,0
2013-02-08,3+1,18.26,41289,5490,0
2013-02-08,3+0,9.55,132760,22309,0
2013-02-08,1+2,13.80,161344,21534,0
2013-02-08,2+1,10.42,578742,72485,0
2013-02-08,2+0,3.38,1822677,283170,0
2013-02-12,5+2,40241884.40,0,0,1
2013-02-12,5+1,73256.45,15,1,0
2013-02-12,5+0,26163.02,14,2,0
2013-02-12,4+2,2057.76,89,9,0
2013-02-12,4+1,114.13,1404,169,0
2013-02-12,4+0,65.03,2464,343,0
2013-02-12,3+2,38.51,2972,338,0
2013-02-12,2+2,14.20,37064,4569,0
2013-02-12,3+1,9.94,50628,6470,0
2013-02-12,3+0,9.36,90443,12617,0
2013-02-12,1+2,8.52,174623,21913,0
2013-02-12,2+1,6.40,628571,82589,0
2013-02-12,2+0,3.68,1117184,158070,0
2013-02-15,5+2,52030589.70,0,0,1
2013-02-15,5+1,353661.15,5,0,0
2013-02-15,5+0,45341.17,13,1,0
2013-02-15,4+2,3135.29,94,8,0
2013-02-15,4+1,176.02,1465,191,0
2013-02-15,4+0,97.01,2658,325,0
2013-02-15,3+2,44.90,4102,496,0
2013-02-15,2+2,14.43,58688,7508,0
2013-02-15,3+1,12.30,65881,8727,0
2013-02-15,3+0,10.97,124185,17144,0
2013-02-15,1+2,8.32,287792,36962,0
2013-02-15,2+1,7.39,876245,115160,0
2013-02-15,2+0,3.93,1684171,236410,0
2013-02-19,5+2,60298933.00,1,0,0
2013-02-19,5+1,137805.71,9,0,0
2013-02-19,5+0,29529.79,14,0,0
2013-02-19,4+2,4053.10,51,2,0
2013-02-19,4+1,146.09,1238,144,0
2013-02-19,4+0,85.07,2126,267,0
2013-02-19,3+2,63.67,2029,234,0
2013-02-19,2+2,20.47,29031,3641,0
2013-02-19,3+1,11.32,50212,6688,0
2013-02-19,3+0,11.01,86780,11020,0
2013-02-19,1+2,11.35,147848,18862,0
2013-02-19,2+1,6.93,655273,85215,0
2013-02-19,2+0,3.98,1167758,149900,0
2013-02-22,5+2,15000000.00,0,0,1
2013-02-22,5+1,512860.75,3,1,0
2013-02-22,5+0,56984.52,9,0,0
2013-02-22,4+2,7770.61,33,2,0
2013-02-22,4+1,262.73,854,101,0
2013-02-22,4+0,115.30,1946,254,0
2013-02-22,3+2,87.00,1842,214,0
2013-02-22,2+2,26.72,27584,3498,0
2013-02-22,3+1,17.44,40424,5704,0
2013-02-22,3+0,12.95,91572,13521,0
2013-02-22,1+2,14.20,146684,17889,0
2013-02-22,2+1,9.04,623884,90868,0
2013-02-22,2+0,4.10,1405200,210203,0
2013-02-26,5+2,21860645.40,0,0,1
2013-02-26,5+1,1029096.81,1,0,0
2013-02-26,5+0,31184.75,11,2,0
2013-02-26,4+2,2117.48,81,10,0
2013-02-26,4+1,144.02,1042,142,0
2013-02-26,4+0,70.89,2117,296,0
2013-02-26,3+2,37.33,2871,463,0
2013-02-26,2+2,12.98,37965,6124,0
2013-02-26,3+1,10.94,43104,5911,0
2013-02-26,3+0,9.13,86871,12162,0
2013-02-26,1+2,7.88,176822,28785,0
2013-02-26,2+1,6.73,559922,76522,0
2013-02-26,2+0,3.43,1122172,155954,0
2013-03-01,5+2,32728379.20,0,0,1
2013-03-01,5+1,543386.68,3,0,0
2013-03-01,5+0,67923.33,8,0,0
2013-03-01,4+2,5660.27,48,5,0
2013-03-01,4+1,215.92,1101,131,0
2013-03-01,4+0,120.92,1966,233,0
2013-03-01,3+2,66.48,2554,318,0
2013-03-01,2+2,20.33,38407,4800,0
2013-03-01,3+1,14.68,50878,6576,0
2013-03-01,3+0,13.77,91201,11285,0
2013-03-01,1+2,10.46,211020,28646,0
2013-03-01,2+1,7.59,786749,110804,0
2013-03-01,2+0,4.41,1385378,183394,0
2013-03-05,5+2,40083118.70,0,0,1
2013-03-05,5+1,157601.56,7,1,0
2013-03-05,5+0,91934.24,4,1,0
2013-03-05,4+2,3404.97,54,4,0
2013-03-05,4+1,204.68,786,87,0
2013-03-05,4+0,106.97,1504,177,0
2013-03-05,3+2,49.57,2318,268,0
2013-03-05,2+2,15.49,34120,4330,0
2013-03-05,3+1,13.93,36273,4536,0
2013-03-05,3+0,12.49,68046,8729,0
2013-03-05,1+2,8.14,183319,24230,0
2013-03-05,2+1,7.57,534039,72345,0
2013-03-05,2+0,4.23,977303,131447,0
2013-03-08,5+2,51689985.00,1,1,0
2013-03-08,5+1,580343.29,3,1,0
2013-03-08,5+0,116068.65,5,0,0
2013-03-08,4+2,5921.87,49,5,0
2013-03-08,4+1,229.15,1108,138,0
2013-03-08,4+0,100.11,2536,362,0
2013-03-08,3+2,76.23,2379,307,0
2013-03-08,2+2,24.35,34249,4532,0
2013-03-08,3+1,15.01,53157,7181,0
2013-03-08,3+0,10.96,122432,17532,0
2013-03-08,1+2,13.38,176172,23922,0
2013-03-08,2+1,8.25,773657,106113,0
2013-03-08,2+0,3.64,1789559,255569,0
2013-03-12,5+2,15000000.00,1,1,0
2013-03-12,5+1,196291.61,5,1,0
2013-03-12,5+0,36350.29,9,3,0
2013-03-12,4+2,2478.42,66,14,0
2013-03-12,4+1,138.42,1034,207,0
2013-03-12,4+0,68.28,2096,365,0
2013-03-12,3+2,34.28,2982,639,0
2013-03-12,2+2,12.49,37646,7396,0
2013-03-12,3+1,10.59,42456,8159,0
2013-03-12,3+0,9.53,79308,13082,0
2013-03-12,1+2,7.26,182830,33191,0
2013-03-12,2+1,6.67,539379,94070,0
2013-03-12,2+0,3.78,972014,146892,0
2013-03-15,5+2,15000000.00,0,0,1
2013-03-15,5+1,388993.14,4,0,0
2013-03-15,5+0,39896.73,13,4,0
2013-03-15,4+2,4116.32,63,10,0
2013-03-15,4+1,167.09,1358,243,0
2013-03-15,4+0,69.56,3262,588,0
2013-03-15,3+2,65.91,2459,316,0
2013-03-15,2+2,21.94,33978,4526,0
2013-03-15,3+1,13.39,53228,9078,0
2013-03-15,3+0,9.65,124185,21485,0
2013-03-15,1+2,12.19,172726,21863,0
2013-03-15,2+1,8.04,708839,111965,0
2013-03-15,2+0,3.69,1577465,247529,0
2013-03-19,5+2,21971382.00,0,0,1
2013-03-19,5+1,522853.65,2,0,0
2013-03-19,5+0,49795.58,7,2,0
2013-03-19,4+2,3556.82,49,6,0
2013-03-19,4+1,253.74,601,64,0
2013-03-19,4+0,122.48,1245,172,0
2013-03-19,3+2,57.87,1882,237,0
2013-03-19,2+2,16.84,29737,4060,0
2013-03-19,3+1,16.77,28566,3614,0
2013-03-19,3+0,13.59,59273,7937,0
2013-03-19,1+2,9.19,154000,22387,0
2013-03-19,2+1,9.00,425900,55843,0
2013-03-19,2+0,4.46,878438,123545,0
2013-03-22,5+2,100000000.00,0,0,1
2013-03-22,5+1,500583.51,6,1,0
2013-03-22,5+0,62572.93,16,1,0
2013-03-22,4+2,5753.83,87,7,0
2013-03-22,4+1,211.49,2071,185,0
2013-03-22,4+0,123.07,3559,290,0
2013-03-22,3+2,71.59,4370,480,0
2013-03-22,2+2,21.68,66353,7211,0
2013-03-22,3+1,14.19,97002,9454,0
2013-03-22,3+0,12.93,178987,17076,0
2013-03-22,1+2,11.54,352357,39079,0
2013-03-22,2+1,7.73,1423559,158195,0
2013-03-22,2+0,4.28,2627086,285443,0
2013-03-26,5+2,113430166.40,0,0,1
2013-03-26,5+1,1007262.48,2,0,0
2013-03-26,5+0,61046.21,11,1,0
2013-03-26,4+2,5246.15,64,10,0
2013-03-26,4+1,218.75,1343,131,0
2013-03-26,4+0,104.96,2799,313,0
2013-03-26,3+2,75.24,2789,284,0
2013-03-26,2+2,24.77,38968,3975,0
2013-03-26,3+1,16.33,56539,6469,0
2013-03-26,3+0,12.41,125096,15001,0
2013-03-26,1+2,13.12,207872,21888,0
2013-03-26,2+1,8.94,826239,98661,0
2013-03-26,2+0,4.07,1855043,228173,0
2013-03-29,5+2,132486744.00,1,0,0
2013-03-29,5+1,571697.29,5,0,0
2013-03-29,5+0,105869.87,9,3,0
2013-03-29,4+2,4764.14,100,4,0
2013-03-29,4+1,247.39,1685,171,0
2013-03-29,4+0,130.51,3194,275,0
2013-03-29,3+2,60.10,4954,504,0
2013-03-29,2+2,17.43,78565,9523,0
2013-03-29,3+1,16.07,81484,8209,0
2013-03-29,3+0,14.23,154753,14816,0
2013-03-29,1+2,8.45,457674,64142,0
2013-03-29,2+1,8.25,1269927,145226,0
2013-03-29,2+0,4.57,2345136,250526,0
2013-04-02,5+2,15000000.00,0,0,1
2013-04-02,5+1,520893.48,2,0,0
2013-04-02,5+0,34726.23,10,1,0
2013-04-02,4+2,4234.90,41,8,0
2013-04-02,4+1,190.38,798,116,0
2013-04-02,4+0,90.43,1680,229,0
2013-04-02,3+2,60.25,1801,241,0
2013-04-02,2+2,20.42,24443,3165,0
2013-04-02,3+1,13.77,34665,4623,0
2013-04-02,3+0,10.81,74281,11145,0
2013-04-02,1+2,11.41,123630,16751,0
2013-04-02,2+1,7.83,487330,66915,0
2013-04-02,2+0,3.81,1024801,153996,0
2013-04-05,5+2,13269447.00,2,0,0
2013-04-05,5+1,432708.48,4,1,0
2013-04-05,5+0,52449.51,11,5,0
2013-04-05,4+2,4062.99,71,9,0
2013-04-05,4+1,225.97,1117,122,0
2013-04-05,4+0,125.39,2013,243,0
2013-04-05,3+2,47.42,3802,457,0
2013-04-05,2+2,14.42,57481,7793,0
2013-04-05,3+1,13.98,56715,7344,0
2013-04-05,3+0,13.18,101227,13477,0
2013-04-05,1+2,7.62,307356,42983,0
2013-04-05,2+1,7.38,859528,123170,0
2013-04-05,2+0,4.26,1520698,219359,0
2013-04-09,5+2,15000000.00,0,0,1
2013-04-09,5+1,346885.56,3,0,0
2013-04-09,5+0,86721.39,4,1,0
2013-04-09,4+2,4033.55,43,5,0
2013-04-09,4+1,240.89,630,93,0
2013-04-09,4+0,126.04,1204,162,0
2013-04-09,3+2,72.12,1503,248,0
2013-04-09,2+2,22.97,21704,3411,0
2013-04-09,3+1,16.94,28154,4343,0
2013-04-09,3+0,14.42,55593,7990,0
2013-04-09,1+2,12.52,112543,16339,0
2013-04-09,2+1,8.92,427305,66301,0
2013-04-09,2+0,4.61,845963,120885,0
2013-04-12,5+2,26258943.00,1,0,0
2013-04-12,5+1,120631.52,14,3,0
2013-04-12,5+0,37529.80,15,2,0
2013-04-12,4+2,2181.96,129,26,0
2013-04-12,4+1,123.63,1992,387,0
2013-04-12,4+0,64.84,3798,795,0
2013-04-12,3+2,36.05,4879,898,0
2013-04-12,2+2,14.05,57577,8836,0
2013-04-12,3+1,10.15,76189,13857,0
2013-04-12,3+0,9.50,136986,24335,0
2013-04-12,1+2,8.03,284592,41845,0
2013-04-12,2+1,6.87,900870,142624,0
2013-04-12,2+0,3.90,1621704,246697,0
2013-04-16,5+2,15000000.00,1,0,0
2013-04-16,5+1,124935.18,8,3,0
2013-04-16,5+0,6663.20,50,18,0
2013-04-16,4+2,1830.55,91,21,0
2013-04-16,4+1,103.37,1410,277,0
2013-04-16,4+0,40.24,3622,822,0
2013-04-16,3+2,44.54,2337,425,0
2013-04-16,2+2,16.20,29548,4446,0
2013-04-16,3+1,12.28,37291,6332,0
2013-04-16,3+0,9.35,82386,15471,0
2013-04-16,1+2,8.87,152459,22057,0
2013-04-16,2+1,7.72,474392,71370,0
2013-04-16,2+0,3.73,1003938,164250,0
2013-04-19,5+2,15000000.00,0,0,1
2013-04-19,5+1,192916.42,8,7,0
2013-04-19,5+0,51444.38,10,3,0
2013-04-19,4+2,4946.57,52,4,0
2013-04-19,4+1,316.99,710,120,0
2013-04-19,4+0,160.87,1399,186,0
2013-04-19,3+2,75.58,2127,204,0
2013-04-19,2+2,19.71,37501,4371,0
2013-04-19,3+1,19.35,36551,4237,0
2013-04-19,3+0,16.62,71559,8606,0
2013-04-19,1+2,9.02,231646,28072,0
2013-04-19,2+1,9.19,615173,76820,0
2013-04-19,2+0,4.88,1184459,158814,0
2013-04-23,5+2,21743066.50,0,0,1
2013-04-23,5+1,144494.28,7,2,0
2013-04-23,5+0,33715.33,10,0,0
2013-04-23,4+2,4322.47,39,2,0
2013-04-23,4+1,110.98,1329,211,0
2013-04-23,4+0,55.57,2654,443,0
2013-04-23,3+2,70.80,1488,238,0
2013-04-23,2+2,24.49,19788,2655,0
2013-04-23,3+1,11.04,41964,6554,0
2013-04-23,3+0,8.43,92383,15550,0
2013-04-23,1+2,14.13,96885,12602,0
2013-04-23,2+1,7.53,492257,72681,0
2013-04-23,2+0,3.36,1128633,181183,0
2013-04-26,5+2,32469030.00,1,1,0
2013-04-26,5+1,321778.87,5,0,0
2013-04-26,5+0,67037.26,8,2,0
2013-04-26,4+2,2394.18,112,25,0
2013-04-26,4+1,169.28,1386,210,0
2013-04-26,4+0,106.50,2203,318,0
2013-04-26,3+2,43.98,3810,658,0
2013-04-26,2+2,14.46,53301,10071,0
2013-04-26,3+1,13.07,56420,8656,0
2013-04-26,3+0,13.05,94966,12051,0
2013-04-26,1+2,7.74,281436,50716,0
2013-04-26,2+1,7.29,808508,126774,0
2013-04-26,2+0,4.40,1368790,185533,0
2013-04-30,5+2,15000000.00,0,0,1
2013-04-30,5+1,1007618.83,1,0,0
2013-04-30,5+0,41984.11,8,1,0
2013-04-30,4+2,4664.90,36,5,0
2013-04-30,4+1,230.68,637,87,0
2013-04-30,4+0,137.33,1070,119,0
2013-04-30,3+2,60.70,1729,285,0
2013-04-30,2+2,16.66,28972,4979,0
2013-04-30,3+1,16.55,27889,4206,0
2013-04-30,3+0,15.50,50093,7060,0
2013-04-30,1+2,8.23,165664,27844,0
2013-04-30,2+1,8.45,437162,68775,0
2013-04-30,2+0,4.88,773962,112583,0
2013-05-03,5+2,25320530.80,0,0,1
2013-05-03,5+1,516026.54,3,1,0
2013-05-03,5+0,64503.31,8,0,0
2013-05-03,4+2,7818.58,33,7,0
2013-05-03,4+1,255.38,884,117,0
2013-05-03,4+0,147.36,1532,192,0
2013-05-03,3+2,81.89,1969,262,0
2013-05-03,2+2,22.62,32779,4726,0
2013-05-03,3+1,15.87,44699,6630,0
2013-05-03,3+0,15.56,76664,10142,0
2013-05-03,1+2,11.51,182027,27023,0
2013-05-03,2+1,7.65,741927,114934,0
2013-05-03,2+0,4.66,1243191,173247,0
2013-05-07,5+2,32317752.30,0,0,1
2013-05-07,5+1,349861.07,3,0,0
2013-05-07,5+0,31805.55,11,0,0
2013-05-07,4+2,5831.01,30,8,0
2013-05-07,4+1,218.66,700,102,0
2013-05-07,4+0,102.24,1497,208,0
2013-05-07,3+2,50.85,2150,298,0
2013-05-07,2+2,16.16,31116,4468,0
2013-05-07,3+1,14.16,33956,4560,0
2013-05-07,3+0,11.40,70919,9982,0
2013-05-07,1+2,8.90,159674,23379,0
2013-05-07,2+1,7.93,484737,66618,0
2013-05-07,2+0,3.89,1011711,147345,0
2013-05-10,5+2,43122367.60,0,0,1
2013-05-10,5+1,0.00,0,0,0
2013-05-10,5+0,360153.84,6,0,0
2013-05-10,4+2,7300.41,37,4,0
2013-05-10,4+1,301.85,783,110,0
2013-05-10,4+0,138.05,1712,293,0
2013-05-10,3+2,99.95,1689,232,0
2013-05-10,2+2,30.19,25720,3161,0
2013-05-10,3+1,20.15,36864,5190,0
2013-05-10,3+0,15.59,80099,12210,0
2013-05-10,1+2,15.26,143738,17897,0
2013-05-10,2+1,10.57,561911,78285,0
2013-05-10,2+0,4.73,1283285,195905,0
2013-05-14,5+2,51014670.40,0,0,1
2013-05-14,5+1,394615.13,3,0,0
2013-05-14,5+0,131538.37,3,0,0
2013-05-14,4+2,5059.16,39,6,0
2013-05-14,4+1,201.92,855,122,0
2013-05-14,4+0,98.14,1759,210,0
2013-05-14,3+2,69.16,1783,235,0
2013-05-14,2+2,21.72,26107,3779,0
2013-05-14,3+1,13.75,39439,5589,0
2013-05-14,3+0,10.73,84980,10936,0
2013-05-14,1+2,11.95,134098,20000,0
2013-05-14,2+1,7.64,567601,82755,0
2013-05-14,2+0,3.67,1207086,160946,0
2013-05-17,5+2,63210304.90,0,0,1
2013-05-17,5+1,203260.57,9,1,0
2013-05-17,5+0,60978.17,10,0,0
2013-05-17,4+2,6775.35,45,1,0
2013-05-17,4+1,255.29,1045,156,0
2013-05-17,4+0,113.18,2357,319,0
2013-05-17,3+2,86.30,2208,288,0
2013-05-17,2+2,26.89,32595,3902,0
2013-05-17,3+1,16.79,49915,6866,0
2013-05-17,3+0,12.59,111986,16601,0
2013-05-17,1+2,14.45,171433,20306,0
2013-05-17,2+1,8.82,759671,103027,0
2013-05-17,2+0,4.01,1709614,246484,0
2013-05-21,5+2,71706903.60,0,0,1
2013-05-21,5+1,182069.97,7,1,0
2013-05-21,5+0,84965.98,5,0,0
2013-05-21,4+2,2189.84,97,11,0
2013-05-21,4+1,141.77,1311,157,0
2013-05-21,4+0,79.94,2325,254,0
2013-05-21,3+2,35.85,3703,486,0
2013-05-21,2+2,12.35,49444,7498,0
2013-05-21,3+1,10.48,55694,7237,0
2013-05-21,3+0,10.03,97875,11643,0
2013-05-21,1+2,7.48,230549,38875,0
2013-05-21,2+1,6.30,740640,107186,0
2013-05-21,2+0,3.70,1291528,171757,0
2013-05-24,5+2,85427112.60,0,0,1
2013-05-24,5+1,114335.07,18,3,0
2013-05-24,5+0,36105.81,19,4,0
2013-05-24,4+2,3235.89,106,18,0
2013-05-24,4+1,110.09,2726,607,0
2013-05-24,4+0,74.67,4019,775,0
2013-05-24,3+2,53.72,3990,686,0
2013-05-24,2+2,19.15,51476,7628,0
2013-05-24,3+1,9.60,98209,18280,0
2013-05-24,3+0,9.62,164743,28692,0
2013-05-24,1+2,10.76,258854,36230,0
2013-05-24,2+1,6.40,1177783,185943,0
2013-05-24,2+0,3.86,1996388,291373,0
2013-05-28,5+2,95372874.00,1,0,0
2013-05-28,5+1,298372.83,5,1,0
2013-05-28,5+0,62161.00,8,2,0
2013-05-28,4+2,5405.30,46,8,0
2013-05-28,4+1,191.85,1134,187,0
2013-05-28,4+0,88.11,2469,436,0
2013-05-28,3+2,74.03,2099,236,0
2013-05-28,2+2,25.14,28427,3432,0
2013-05-28,3+1,14.11,48456,7305,0
2013-05-28,3+0,11.18,102839,16474,0
2013-05-28,1+2,13.35,151217,18672,0
2013-05-28,2+1,8.19,667200,97419,0
2013-05-28,2+0,3.89,1435300,210191,0
2013-05-31,5+2,15000000.00,0,0,1
2013-05-31,5+1,1779901.68,1,0,0
2013-05-31,5+0,59330.05,10,1,0
2013-05-31,4+2,4944.17,60,6,0
2013-05-31,4+1,267.32,971,95,0
2013-05-31,4+0,132.09,1965,208,0
2013-05-31,3+2,75.98,2440,269,0
2013-05-31,2+2,23.47,36334,4111,0
2013-05-31,3+1,16.49,49457,5647,0
2013-05-31,3+0,13.49,101683,11183,0
2013-05-31,1+2,11.92,202184,26678,0
2013-05-31,2+1,8.61,757486,99658,0
2013-05-31,2+0,4.30,1550798,185101,0
2013-06-04,5+2,22292668.40,0,0,1
2013-06-04,5+1,273475.06,4,0,0
2013-06-04,5+0,40514.82,9,1,0
2013-06-04,4+2,7012.18,26,1,0
2013-06-04,4+1,272.23,586,91,0
2013-06-04,4+0,122.05,1307,140,0
2013-06-04,3+2,82.51,1381,158,0
2013-06-04,2+2,23.24,22549,2926,0
2013-06-04,3+1,19.88,25215,3091,0
2013-06-04,3+0,16.22,51983,6683,0
2013-06-04,1+2,10.96,135077,18431,0
2013-06-04,2+1,10.02,400061,55352,0
2013-06-04,2+0,4.87,842103,122925,0
2013-06-07,5+2,100000000.00,0,0,1
2013-06-07,5+1,570665.56,5,1,0
2013-06-07,5+0,55947.60,17,3,0
2013-06-07,4+2,3302.46,144,23,0
2013-06-07,4+1,215.82,1928,254,0
2013-06-07,4+0,116.45,3573,464,0
2013-06-07,3+2,48.44,6135,827,0
2013-06-07,2+2,14.98,91216,12196,0
2013-06-07,3+1,14.08,92839,12841,0
2013-06-07,3+0,13.29,165460,21955,0
2013-06-07,1+2,8.12,475285,61972,0
2013-06-07,2+1,7.49,1396718,191945,0
2013-06-07,2+0,4.32,2474140,333406,0
2013-06-11,5+2,112888838.70,0,0,1
2013-06-11,5+1,386665.16,5,1,0
2013-06-11,5+0,33917.99,19,3,0
2013-06-11,4+2,3464.74,93,10,0
2013-06-11,4+1,151.66,1859,243,0
2013-06-11,4+0,89.79,3140,349,0
2013-06-11,3+2,45.09,4466,677,0
2013-06-11,2+2,16.15,57327,8081,0
2013-06-11,3+1,10.65,83163,11347,0
2013-06-11,3+0,10.71,139060,16362,0
2013-06-11,1+2,9.73,268817,35367,0
2013-06-11,2+1,6.84,1035361,137503,0
2013-06-11,2+0,3.89,1861436,222508,0
2013-06-14,5+2,131383087.30,0,0,1
2013-06-14,5+1,462356.21,6,1,0
2013-06-14,5+0,115589.05,8,1,0
2013-06-14,4+2,5254.04,88,5,0
2013-06-14,4+1,297.25,1361,120,0
2013-06-14,4+0,138.21,2927,262,0
2013-06-14,3+2,84.17,3433,287,0
2013-06-14,2+2,25.42,52279,5374,0
2013-06-14,3+1,19.14,66403,6931,0
2013-06-14,3+0,15.00,142524,15666,0
2013-06-14,1+2,13.04,288018,30892,0
2013-06-14,2+1,9.81,1036614,116558,0
2013-06-14,2+0,4.51,2305866,278433,0
2013-06-18,5+2,146642974.00,0,0,1
2013-06-18,5+1,176075.61,13,2,0
2013-06-18,5+0,36333.06,21,1,0
2013-06-18,4+2,4238.85,90,7,0
2013-06-18,4+1,197.87,1687,189,0
2013-06-18,4+0,77.88,4286,616,0
2013-06-18,3+2,68.87,3462,392,0
2013-06-18,2+2,21.96,49945,5632,0
2013-06-18,3+1,16.07,65251,7471,0
2013-06-18,3+0,10.88,162164,22288,0
2013-06-18,1+2,11.83,261844,30421,0
2013-06-18,2+1,9.29,903384,106807,0
2013-06-18,2+0,3.92,2184796,294197,0
2013-06-21,5+2,168458397.10,0,0,1
2013-06-21,5+1,409039.18,8,3,0
2013-06-21,5+0,60598.39,18,2,0
2013-06-21,4+2,4869.51,112,15,0
2013-06-21,4+1,228.11,2092,207,0
2013-06-21,4+0,112.47,4243,395,0
2013-06-21,3+2,72.00,4734,528,0
2013-06-21,2+2,21.56,72704,8468,0
2013-06-21,3+1,15.51,96694,10668,0
2013-06-21,3+0,12.72,198263,22865,0
2013-06-21,1+2,11.53,384140,45362,0
2013-06-21,2+1,8.21,1461319,175378,0
2013-06-21,2+0,4.14,2962275,373243,0
2013-06-25,5+2,93968807.00,2,0,0
2013-06-25,5+1,365235.31,8,2,0
2013-06-25,5+0,48698.04,20,1,0
2013-06-25,4+2,5662.56,86,8,0
2013-06-25,4+1,174.77,2438,330,0
2013-06-25,4+0,86.64,4918,736,0
2013-06-25,3+2,61.68,4934,589,0
2013-06-25,2+2,19.50,71774,8699,0
2013-06-25,3+1,12.87,104021,13782,0
2013-06-25,3+0,10.42,215973,30078,0
2013-06-25,1+2,11.18,353884,41383,0
2013-06-25,2+1,7.40,1446703,178516,0
2013-06-25,2+0,3.68,2973400,386882,0
2013-06-28,5+2,15000000.00,1,0,0
2013-06-28,5+1,219135.49,8,1,0
2013-06-28,5+0,26561.87,22,4,0
2013-06-28,4+2,4360.90,67,10,0
2013-06-28,4+1,224.45,1139,180,0
2013-06-28,4+0,118.91,2150,305,0
2013-06-28,3+2,62.83,2906,381,0
2013-06-28,2+2,19.09,43986,5653,0
2013-06-28,3+1,15.61,51466,7559,0
2013-06-28,3+0,13.74,98305,15530,0
2013-06-28,1+2,10.10,234880,30248,0
2013-06-28,2+1,8.17,786010,113794,0
2013-06-28,2+0,4.41,1489092,229369,0
2013-07-02,5+2,15000000.00,0,0,1
2013-07-02,5+1,84483.91,13,1,0
2013-07-02,5+0,28161.30,13,1,0
2013-07-02,4+2,2377.25,77,17,0
2013-07-02,4+1,107.49,1490,236,0
2013-07-02,4+0,73.74,2172,329,0
2013-07-02,3+2,42.34,2702,386,0
2013-07-02,2+2,15.89,33105,4702,0
2013-07-02,3+1,9.51,52929,8289,0
2013-07-02,3+0,9.83,86089,12801,0
2013-07-02,1+2,9.82,151343,21682,0
2013-07-02,2+1,6.06,663934,104587,0
2013-07-02,2+0,3.70,1112055,159990,0
2013-07-05,5+2,26012632.60,0,0,1
2013-07-05,5+1,330378.97,5,0,0
2013-07-05,5+0,28980.61,19,6,0
2013-07-05,4+2,5985.12,46,2,0
2013-07-05,4+1,182.22,1322,194,0
2013-07-05,4+0,62.84,3833,779,0
2013-07-05,3+2,83.69,2056,227,0
2013-07-05,2+2,26.67,29674,3321,0
2013-07-05,3+1,14.37,52674,7333,0
2013-07-05,3+0,8.57,148460,25812,0
2013-07-05,1+2,14.80,151142,16796,0
2013-07-05,2+1,8.60,704047,95217,0
2013-07-05,2+0,3.26,1895871,301593,0
2013-07-09,5+2,33574531.00,1,0,0
2013-07-09,5+1,1134284.64,1,1,0
2013-07-09,5+0,126031.62,3,0,0
2013-07-09,4+2,6098.30,31,6,0
2013-07-09,4+1,260.49,635,68,0
2013-07-09,4+0,117.90,1403,194,0
2013-07-09,3+2,90.26,1309,137,0
2013-07-09,2+2,27.84,19521,2115,0
2013-07-09,3+1,18.01,28858,3372,0
2013-07-09,3+0,13.19,66241,8560,0
2013-07-09,1+2,14.57,105422,11828,0
2013-07-09,2+1,9.69,429078,54613,0
2013-07-09,2+0,4.25,1000157,139213,0
2013-07-12,5+2,15000000.00,0,0,1
2013-07-12,5+1,0.00,0,0,0
2013-07-12,5+0,412933.28,5,1,0
2013-07-12,4+2,4869.49,53,4,0
2013-07-12,4+1,215.89,1046,113,0
2013-07-12,4+0,131.67,1715,170,0
2013-07-12,3+2,70.37,2292,298,0
2013-07-12,2+2,22.97,32295,4788,0
2013-07-12,3+1,14.87,47717,6522,0
2013-07-12,3+0,14.36,83117,10624,0
2013-07-12,1+2,11.78,177964,27460,0
2013-07-12,2+1,7.84,723564,110093,0
2013-07-12,2+0,4.67,1241700,174570,0
2013-07-16,5+2,22078146.00,1,0,0
2013-07-16,5+1,353907.29,3,0,0
2013-07-16,5+0,117969.09,3,0,0
2013-07-16,4+2,4115.20,43,5,0
2013-07-16,4+1,264.22,586,92,0
2013-07-16,4+0,110.59,1400,238,0
2013-07-16,3+2,59.58,1856,267,0
2013-07-16,2+2,18.38,27666,4127,0
2013-07-16,3+1,16.08,30253,4490,0
2013-07-16,3+0,12.90,63406,10411,0
2013-07-16,1+2,9.31,154386,23429,0
2013-07-16,2+1,8.63,450737,66998,0
2013-07-16,2+0,4.19,948503,152318,0
2013-07-19,5+2,15000000.00,1,1,0
2013-07-19,5+1,378116.60,4,0,0
2013-07-19,5+0,72022.21,7,3,0
2013-07-19,4+2,2653.44,95,27,0
2013-07-19,4+1,165.46,1333,272,0
2013-07-19,4+0,99.84,2209,404,0
2013-07-19,3+2,38.87,4053,887,0
2013-07-19,2+2,13.56,53410,10841,0
2013-07-19,3+1,11.69,59271,11390,0
2013-07-19,3+0,12.04,96782,15474,0
2013-07-19,1+2,7.68,266450,51528,0
2013-07-19,2+1,6.90,802636,139200,0
2013-07-19,2+0,4.20,1349268,200901,0
2013-07-23,5+2,15000000.00,1,1,0
2013-07-23,5+1,197499.90,5,3,0
2013-07-23,5+0,329166.51,1,0,0
2013-07-23,4+2,4114.58,40,9,0
2013-07-23,4+1,230.04,626,97,0
2013-07-23,4+0,117.17,1229,162,0
2013-07-23,3+2,56.64,1816,288,0
2013-07-23,2+2,17.73,26682,4090,0
2013-07-23,3+1,13.72,32979,4848,0
2013-07-23,3+0,13.37,56903,7848,0
2013-07-23,1+2,9.82,136132,21470,0
2013-07-23,2+1,7.01,516362,83889,0
2013-07-23,2+0,4.27,865483,127009,0
2013-07-26,5+2,15141986.20,0,0,1
2013-07-26,5+1,378549.65,6,1,0
2013-07-26,5+0,47318.70,16,2,0
2013-07-26,4+2,4070.42,93,8,0
2013-07-26,4+1,176.37,1878,135,0
2013-07-26,4+0,98.20,3373,239,0
2013-07-26,3+2,63.94,3700,304,0
2013-07-26,2+2,19.83,54869,5030,0
2013-07-26,3+1,13.26,78470,6822,0
2013-07-26,3+0,12.06,145068,11635,0
2013-07-26,1+2,10.55,291348,28406,0
2013-07-26,2+1,7.50,1110361,109275,0
2013-07-26,2+0,4.15,2049639,189833,0
2013-07-30,5+2,22036078.70,0,0,1
2013-07-30,5+1,258528.46,4,1,0
2013-07-30,5+0,57450.77,6,0,0
2013-07-30,4+2,4419.29,39,4,0
2013-07-30,4+1,208.58,723,89,0
2013-07-30,4+0,98.50,1531,194,0
2013-07-30,3+2,57.29,1880,255,0
2013-07-30,2+2,18.65,26562,3726,0
2013-07-30,3+1,14.04,33738,4811,0
2013-07-30,3+0,10.75,74090,10722,0
2013-07-30,1+2,10.29,136034,19654,0
2013-07-30,2+1,7.72,490911,73604,0
2013-07-30,2+0,3.62,1069784,165977,0
2013-08-02,5+2,32550627.80,0,0,1
2013-08-02,5+1,394295.59,4,0,0
2013-08-02,5+0,58414.16,9,0,0
2013-08-02,4+2,5974.17,44,2,0
2013-08-02,4+1,265.28,867,111,0
2013-08-02,4+0,133.64,1721,236,0
2013-08-02,3+2,60.57,2712,346,0
2013-08-02,2+2,18.51,40816,5429,0
2013-08-02,3+1,16.60,43525,6200,0
2013-08-02,3+0,15.05,80776,12176,0
2013-08-02,1+2,8.98,237626,32106,0
2013-08-02,2+1,8.93,647169,91406,0
2013-08-02,2+0,4.90,1204890,178511,0
2013-08-06,5+2,39969189.10,0,0,1
2013-08-06,5+1,556392.09,2,0,0
2013-08-06,5+0,61821.34,6,2,0
2013-08-06,4+2,9761.26,19,2,0
2013-08-06,4+1,281.24,577,70,0
2013-08-06,4+0,143.61,1130,159,0
2013-08-06,3+2,88.34,1312,180,0
2013-08-06,2+2,26.38,20205,2688,0
2013-08-06,3+1,18.10,28176,3928,0
2013-08-06,3+0,14.39,59573,8189,0
2013-08-06,1+2,13.82,108966,15194,0
2013-08-06,2+1,9.13,446599,67154,0
2013-08-06,2+0,4.44,937858,135854,0
2013-08-09,5+2,51235799.60,0,0,1
2013-08-09,5+1,140832.63,12,0,0
2013-08-09,5+0,43333.11,13,1,0
2013-08-09,4+2,3200.74,88,12,0
2013-08-09,4+1,113.31,2175,346,0
2013-08-09,4+0,66.18,3724,546,0
2013-08-09,3+2,45.71,3851,590,0
2013-08-09,2+2,17.05,47494,6892,0
2013-08-09,3+1,9.61,80580,11521,0
2013-08-09,3+0,8.97,145170,21101,0
2013-08-09,1+2,10.05,227709,35048,0
2013-08-09,2+1,6.17,1003059,151606,0
2013-08-09,2+0,3.48,1817201,278201,0
2013-08-13,5+2,59358856.30,0,0,1
2013-08-13,5+1,1218458.49,1,1,0
2013-08-13,5+0,101538.20,4,0,0
2013-08-13,4+2,7252.72,28,3,0
2013-08-13,4+1,222.95,797,113,0
2013-08-13,4+0,106.33,1671,307,0
2013-08-13,3+2,72.90,1741,226,0
2013-08-13,2+2,22.40,26053,3848,0
2013-08-13,3+1,15.73,35488,5523,0
2013-08-13,3+0,12.51,75044,12691,0
2013-08-13,1+2,11.60,142231,20378,0
2013-08-13,2+1,8.35,534557,82162,0
2013-08-13,2+0,4.05,1127821,186282,0
2013-08-16,5+2,70976896.00,0,0,1
2013-08-16,5+1,348541.19,5,2,0
2013-08-16,5+0,82985.99,7,1,0
2013-08-16,4+2,4761.49,61,11,0
2013-08-16,4+1,220.22,1154,160,0
2013-08-16,4+0,113.35,2242,267,0
2013-08-16,3+2,73.37,2474,349,0
2013-08-16,2+2,22.03,37896,5718,0
2013-08-16,3+1,15.71,50828,7848,0
2013-08-16,3+0,13.06,102799,14610,0
2013-08-16,1+2,11.69,201864,30872,0
2013-08-16,2+1,8.43,757614,121919,0
2013-08-16,2+0,4.20,1552923,230641,0
2013-08-20,5+2,80048874.20,0,0,1
2013-08-20,5+1,340199.18,4,0,0
2013-08-20,5+0,113399.72,4,1,0
2013-08-20,4+2,6299.98,36,10,0
2013-08-20,4+1,235.12,844,135,0
2013-08-20,4+0,122.42,1621,244,0
2013-08-20,3+2,68.84,2059,325,0
2013-08-20,2+2,22.99,28352,4429,0
2013-08-20,3+1,15.87,39278,6248,0
2013-08-20,3+0,12.84,81657,12351,0
2013-08-20,1+2,12.62,146007,22585,0
2013-08-20,2+1,8.61,579021,88488,0
2013-08-20,2+0,4.05,1259058,193986,0
2013-08-23,5+2,93948087.00,1,0,0
2013-08-23,5+1,521220.45,4,0,0
2013-08-23,5+0,77217.84,9,1,0
2013-08-23,4+2,3341.15,104,16,0
2013-08-23,4+1,237.72,1279,165,0
2013-08-23,4+0,118.58,2564,354,0
2013-08-23,3+2,52.66,4124,656,0
2013-08-23,2+2,15.88,62903,10251,0
2013-08-23,3+1,15.25,62646,8681,0
2013-08-23,3+0,13.27,121096,16214,0
2013-08-23,1+2,7.91,356602,63122,0
2013-08-23,2+1,8.07,946497,139310,0
2013-08-23,2+0,4.37,1787122,243930,0
2013-08-27,5+2,15000000.00,0,0,1
2013-08-27,5+1,513509.78,2,1,0
2013-08-27,5+0,85584.96,4,0,0
2013-08-27,4+2,5902.41,29,4,0
2013-08-27,4+1,295.99,506,83,0
2013-08-27,4+0,128.89,1162,182,0
2013-08-27,3+2,64.36,1662,240,0
2013-08-27,2+2,17.99,27351,4423,0
2013-08-27,3+1,17.22,27324,3724,0
2013-08-27,3+0,14.79,53507,7678,0
2013-08-27,1+2,8.54,162734,28378,0
2013-08-27,2+1,8.79,428005,63386,0
2013-08-27,2+0,4.48,859226,130024,0
2013-08-30,5+2,12821112.00,2,1,0
2013-08-30,5+1,122794.88,13,6,0
2013-08-30,5+0,35474.07,15,1,0
2013-08-30,4+2,3455.26,77,15,0
2013-08-30,4+1,189.88,1226,225,0
2013-08-30,4+0,112.35,2072,333,0
2013-08-30,3+2,49.48,3360,564,0
2013-08-30,2+2,15.21,50261,8310,0
2013-08-30,3+1,14.36,50919,7969,0
2013-08-30,3+0,13.70,89764,12808,0
2013-08-30,1+2,7.95,271821,47184,0
2013-08-30,2+1,7.77,752836,116586,0
2013-08-30,2+0,4.56,1311218,185276,0
2013-09-03,5+2,15000000.00,0,0,1
2013-09-03,5+1,203879.21,5,1,0
2013-09-03,5+0,84949.67,4,0,0
2013-09-03,4+2,2879.64,59,8,0
2013-09-03,4+1,178.25,834,115,0
2013-09-03,4+0,104.32,1425,211,0
2013-09-03,3+2,44.59,2381,283,0
2013-09-03,2+2,14.72,33164,4621,0
2013-09-03,3+1,11.83,39493,5475,0
2013-09-03,3+0,11.57,67872,9774,0
2013-09-03,1+2,8.48,162760,22472,0
2013-09-03,2+1,6.81,548258,78345,0
2013-09-03,2+0,4.00,954027,145000,0
2013-09-06,5+2,12801474.00,2,0,0
2013-09-06,5+1,265073.68,6,0,0
2013-09-06,5+0,40780.56,13,2,0
2013-09-06,4+2,3193.65,83,9,0
2013-09-06,4+1,207.45,1118,137,0
2013-09-06,4+0,112.59,2060,264,0
2013-09-06,3+2,43.49,3809,488,0
2013-09-06,2+2,14.55,52366,6588,0
2013-09-06,3+1,13.39,54417,6898,0
2013-09-06,3+0,12.58,97414,13014,0
2013-09-06,1+2,8.03,268135,34864,0
2013-09-06,2+1,7.41,786226,107755,0
2013-09-06,2+0,4.16,1431907,202654,0
2013-09-10,5+2,15000000.00,0,0,1
2013-09-10,5+1,59326.43,17,2,0
2013-09-10,5+0,13447.32,25,2,0
2013-09-10,4+2,3576.41,47,3,0
2013-09-10,4+1,121.95,1206,148,0
2013-09-10,4+0,42.02,3500,569,0
2013-09-10,3+2,56.75,1851,207,0
2013-09-10,2+2,21.27,22714,2621,0
2013-09-10,3+1,10.59,43643,6438,0
2013-09-10,3+0,7.27,106863,16437,0
2013-09-10,1+2,12.50,109177,12874,0
2013-09-10,2+1,7.37,501752,73587,0
2013-09-10,2+0,3.18,1186478,177876,0
2013-09-13,5+2,27722709.10,0,0,1
2013-09-13,5+1,272629.48,7,2,0
2013-09-13,5+0,53011.28,12,3,0
2013-09-13,4+2,6116.68,52,7,0
2013-09-13,4+1,187.28,1486,227,0
2013-09-13,4+0,83.55,3331,472,0
2013-09-13,3+2,63.92,3110,441,0
2013-09-13,2+2,21.67,42189,5644,0
2013-09-13,3+1,13.24,66028,9881,0
2013-09-13,3+0,9.90,148465,20421,0
2013-09-13,1+2,11.92,216635,28125,0
2013-09-13,2+1,7.69,909287,133167,0
2013-09-13,2+0,3.60,1984751,266699,0
2013-09-17,5+2,34994366.70,0,0,1
2013-09-17,5+1,363582.88,3,0,0
2013-09-17,5+0,36358.28,10,1,0
2013-09-17,4+2,4661.31,39,8,0
2013-09-17,4+1,191.87,829,138,0
2013-09-17,4+0,83.89,1896,312,0
2013-09-17,3+2,69.36,1638,248,0
2013-09-17,2+2,22.66,23064,3247,0
2013-09-17,3+1,13.64,36649,5537,0
2013-09-17,3+0,10.15,82782,12968,0
2013-09-17,1+2,12.88,114631,16181,0
2013-09-17,2+1,7.95,502661,73891,0
2013-09-17,2+0,3.61,1132911,176764,0
2013-09-20,5+2,46107180.10,0,0,1
2013-09-20,5+1,416730.50,4,1,0
2013-09-20,5+0,61737.85,9,1,0
2013-09-20,4+2,5787.92,48,8,0
2013-09-20,4+1,182.36,1333,220,0
2013-09-20,4+0,110.95,2191,323,0
2013-09-20,3+2,70.41,2466,382,0
2013-09-20,2+2,22.09,36146,5538,0
2013-09-20,3+1,13.14,58110,9801,0
2013-09-20,3+0,12.26,104759,16275,0
2013-09-20,1+2,11.36,198698,29861,0
2013-09-20,2+1,7.43,821926,130119,0
2013-09-20,2+0,4.37,1427823,208007,0
2013-09-24,5+2,53875031.30,0,0,1
2013-09-24,5+1,145647.21,8,3,0
2013-09-24,5+0,77678.51,5,1,0
2013-09-24,4+2,5884.73,33,6,0
2013-09-24,4+1,220.96,769,113,0
2013-09-24,4+0,100.72,1687,250,0
2013-09-24,3+2,78.50,1546,224,0
2013-09-24,2+2,25.08,22261,3055,0
2013-09-24,3+1,15.84,33705,4899,0
2013-09-24,3+0,11.27,79657,12796,0
2013-09-24,1+2,13.39,117819,16288,0
2013-09-24,2+1,8.61,495986,71389,0
2013-09-24,2+0,3.79,1151132,180353,0
2013-09-27,5+2,65793284.00,1,0,0
2013-09-27,5+1,357547.56,5,1,0
2013-09-27,5+0,59591.26,10,1,0
2013-09-27,4+2,3274.24,91,12,0
2013-09-27,4+1,238.74,1092,186,0
2013-09-27,4+0,118.12,2207,329,0
2013-09-27,3+2,57.79,3222,549,0
2013-09-27,2+2,17.34,49379,8612,0
2013-09-27,3+1,16.36,50055,7134,0
2013-09-27,3+0,13.86,99397,13894,0
2013-09-27,1+2,8.77,275793,45610,0
2013-09-27,2+1,8.56,765310,109109,0
2013-09-27,2+0,4.44,1508919,215799,0
2013-10-01,5+2,15000000.00,0,0,1
2013-10-01,5+1,251014.54,4,1,0
2013-10-01,5+0,66937.21,5,0,0
2013-10-01,4+2,5071.00,33,2,0
2013-10-01,4+1,202.80,722,93,0
2013-10-01,4+0,114.57,1278,171,0
2013-10-01,3+2,66.91,1563,170,0
2013-10-01,2+2,21.21,22680,3072,0
2013-10-01,3+1,13.89,33112,4175,0
2013-10-01,3+0,13.27,58287,7384,0
2013-10-01,1+2,11.50,118201,17075,0
2013-10-01,2+1,7.51,489713,65858,0
2013-10-01,2+0,4.27,880902,119230,0
2013-10-04,5+2,25391201.90,0,0,1
2013-10-04,5+1,222668.61,7,2,0
2013-10-04,5+0,51956.00,10,0,0
2013-10-04,4+2,4995.77,52,13,0
2013-10-04,4+1,180.54,1259,282,0
2013-10-04,4+0,117.16,1940,290,0
2013-10-04,3+2,71.96,2256,373,0
2013-10-04,2+2,21.77,34294,5658,0
2013-10-04,3+1,16.51,43254,7240,0
2013-10-04,3+0,13.59,88361,14124,0
2013-10-04,1+2,11.87,177687,27170,0
2013-10-04,2+1,8.66,659199,106544,0
2013-10-04,2+0,4.29,1362253,207842,0
2013-10-08,5+2,32466475.50,0,0,1
2013-10-08,5+1,0.00,0,0,0
2013-10-08,5+0,283010.94,5,0,0
2013-10-08,4+2,3049.68,58,9,0
2013-10-08,4+1,240.70,643,104,0
2013-10-08,4+0,127.48,1214,167,0
2013-10-08,3+2,43.37,2549,537,0
2013-10-08,2+2,13.19,38549,8367,0
2013-10-08,3+1,13.29,36590,5906,0
2013-10-08,3+0,13.40,61007,8578,0
2013-10-08,1+2,7.08,202774,41475,0
2013-10-08,2+1,7.22,538582,88017,0
2013-10-08,2+0,4.44,895369,128747,0
2013-10-11,5+2,43300447.00,0,0,1
2013-10-11,5+1,325019.14,5,0,0
2013-10-11,5+0,28510.45,19,1,0
2013-10-11,4+2,2355.21,115,7,0
2013-10-11,4+1,153.99,1539,191,0
2013-10-11,4+0,84.42,2807,301,0
2013-10-11,3+2,39.33,4304,578,0
2013-10-11,2+2,13.04,59686,9399,0
2013-10-11,3+1,11.29,65915,8689,0
2013-10-11,3+0,10.89,114941,14206,0
2013-10-11,1+2,7.33,299851,52713,0
2013-10-11,2+1,6.73,885135,128603,0
2013-10-11,2+0,3.93,1550531,207649,0
2013-10-15,5+2,50899071.00,1,0,0
2013-10-15,5+1,569896.77,2,0,0
2013-10-15,5+0,37993.11,10,1,0
2013-10-15,4+2,2499.54,76,11,0
2013-10-15,4+1,168.75,985,135,0
2013-10-15,4+0,89.50,1857,235,0
2013-10-15,3+2,44.26,2682,361,0
2013-10-15,2+2,15.23,35849,5107,0
2013-10-15,3+1,14.16,36882,5455,0
2013-10-15,3+0,12.90,68093,9779,0
2013-10-15,1+2,8.26,186669,26012,0
2013-10-15,2+1,8.15,512393,75368,0
2013-10-15,2+0,4.59,930458,140793,0
2013-10-18,5+2,15000000.00,0,0,1
2013-10-18,5+1,489776.86,3,0,0
2013-10-18,5+0,163258.95,3,1,0
2013-10-18,4+2,6802.45,36,6,0
2013-10-18,4+1,294.74,727,93,0
2013-10-18,4+0,134.85,1589,234,0
2013-10-18,3+2,69.72,2195,301,0
2013-10-18,2+2,19.21,36632,5625,0
2013-10-18,3+1,18.64,36127,4498,0
2013-10-18,3+0,15.77,71811,9164,0
2013-10-18,1+2,8.94,222425,37363,0
2013-10-18,2+1,9.25,582226,80398,0
2013-10-18,2+0,4.75,1159784,160124,0
2013-10-22,5+2,21557573.40,0,0,1
2013-10-22,5+1,0.00,0,0,0
2013-10-22,5+0,655757.34,2,0,0
2013-10-22,4+2,6830.80,24,3,0
2013-10-22,4+1,285.18,503,93,0
2013-10-22,4+0,125.06,1147,179,0
2013-10-22,3+2,77.38,1324,206,0
2013-10-22,2+2,24.97,18873,2880,0
2013-10-22,3+1,17.59,25620,4188,0
2013-10-22,3+0,13.90,54533,9120,0
2013-10-22,1+2,13.40,99379,14904,0
2013-10-22,2+1,9.44,381706,59298,0
2013-10-22,2+0,4.48,821621,133395,0
2013-10-25,5+2,31714028.00,1,0,0
2013-10-25,5+1,507822.70,3,0,0
2013-10-25,5+0,507822.70,1,0,0
2013-10-25,4+2,5402.36,47,5,0
2013-10-25,4+1,290.04,766,92,0
2013-10-25,4+0,124.60,1783,215,0
2013-10-25,3+2,86.01,1845,215,0
2013-10-25,2+2,26.10,27965,3449,0
2013-10-25,3+1,17.06,40929,5135,0
2013-10-25,3+0,12.02,97629,13571,0
2013-10-25,1+2,13.66,150990,19797,0
2013-10-25,2+1,9.06,616414,85497,0
2013-10-25,2+0,3.82,1495515,223485,0
2013-10-29,5+2,15000000.00,1,0,0
2013-10-29,5+1,235100.18,4,0,0
2013-10-29,5+0,104488.97,3,0,0
2013-10-29,4+2,5055.91,31,4,0
2013-10-29,4+1,264.75,518,73,0
2013-10-29,4+0,135.64,1011,157,0
2013-10-29,3+2,62.95,1556,248,0
2013-10-29,2+2,16.73,26924,4645,0
2013-10-29,3+1,17.15,25128,3434,0
2013-10-29,3+0,14.29,50714,7256,0
2013-10-29,1+2,8.32,152910,27036,0
2013-10-29,2+1,8.27,416630,61600,0
2013-10-29,2+0,4.22,834651,123502,0
2013-11-01,5+2,15000000.00,0,0,1
2013-11-01,5+1,222779.15,6,0,0
2013-11-01,5+0,31825.59,14,1,0
2013-11-01,4+2,3051.76,73,11,0
2013-11-01,4+1,175.29,1112,153,0
2013-11-01,4+0,96.93,2011,288,0
2013-11-01,3+2,41.65,3343,509,0
2013-11-01,2+2,13.56,47216,7506,0
2013-11-01,3+1,11.94,51295,7649,0
2013-11-01,3+0,10.85,94942,13626,0
2013-11-01,1+2,7.72,234186,38745,0
2013-11-01,2+1,6.92,708105,112884,0
2013-11-01,2+0,3.87,1292245,191529,0
2013-11-05,5+2,21594781.00,1,0,0
2013-11-05,5+1,329739.02,3,0,0
2013-11-05,5+0,65947.80,5,0,0
2013-11-05,4+2,4996.04,33,8,0
2013-11-05,4+1,189.07,763,131,0
2013-11-05,4+0,107.81,1338,190,0
2013-11-05,3+2,64.40,1600,244,0
2013-11-05,2+2,19.62,24147,3794,0
2013-11-05,3+1,12.80,35410,5726,0
2013-11-05,3+0,12.59,60519,9031,0
2013-11-05,1+2,10.91,122698,18537,0
2013-11-05,2+1,6.84,529755,82999,0
2013-11-05,2+0,4.10,903289,130944,0
2013-11-08,5+2,7500000.00,2,0,0
2013-11-08,5+1,291709.52,5,0,0
2013-11-08,5+0,162060.84,3,1,0
2013-11-08,4+2,5929.05,41,7,0
2013-11-08,4+1,264.22,805,109,0
2013-11-08,4+0,122.87,1731,241,0
2013-11-08,3+2,86.03,1766,232,0
2013-11-08,2+2,27.45,25454,3335,0
2013-11-08,3+1,17.65,37874,5510,0
2013-11-08,3+0,13.67,82224,12110,0
2013-11-08,1+2,14.66,134688,17198,0
2013-11-08,2+1,9.56,559249,78935,0
2013-11-08,2+0,4.40,1241696,181740,0
2013-11-12,5+2,15000000.00,0,0,1
2013-11-12,5+1,192021.60,5,0,0
2013-11-12,5+0,53339.33,6,1,0
2013-11-12,4+2,6667.41,24,3,0
2013-11-12,4+1,233.35,600,63,0
2013-11-12,4+0,107.45,1303,179,0
2013-11-12,3+2,86.29,1159,178,0
2013-11-12,2+2,27.28,16861,2222,0
2013-11-12,3+1,18.35,23969,3366,0
2013-11-12,3+0,13.88,53292,7518,0
2013-11-12,1+2,13.96,93111,12672,0
2013-11-12,2+1,9.86,356791,52070,0
2013-11-12,2+0,4.55,789817,115681,0
2013-11-15,5+2,100000000.00,1,0,0
2013-11-15,5+1,328771.09,9,0,0
2013-11-15,5+0,41096.38,24,3,0
2013-11-15,4+2,3913.94,126,19,0
2013-11-15,4+1,175.19,2463,317,0
2013-11-15,4+0,77.13,5594,724,0
2013-11-15,3+2,60.72,5076,688,0
2013-11-15,2+2,20.23,70063,9490,0
2013-11-15,3+1,12.87,105363,14617,0
2013-11-15,3+0,10.01,227662,33984,0
2013-11-15,1+2,11.08,361622,49024,0
2013-11-15,2+1,7.60,1426925,198615,0
2013-11-15,2+0,3.65,3036600,463544,0
2013-11-19,5+2,15000000.00,0,0,1
2013-11-19,5+1,245427.60,4,0,0
2013-11-19,5+0,46748.11,7,2,0
2013-11-19,4+2,8611.49,19,1,0
2013-11-19,4+1,307.88,465,57,0
2013-11-19,4+0,120.51,1188,171,0
2013-11-19,3+2,100.55,1017,111,0
2013-11-19,2+2,28.95,16244,1892,0
2013-11-19,3+1,19.02,23652,3183,0
2013-11-19,3+0,12.67,59713,9169,0
2013-11-19,1+2,15.11,87926,10561,0
2013-11-19,2+1,9.80,367278,51143,0
2013-11-19,2+0,3.93,936517,145540,0
2013-11-22,5+2,25321674.50,0,0,1
2013-11-22,5+1,119096.24,13,3,0
2013-11-22,5+0,43006.97,12,1,0
2013-11-22,4+2,4300.69,60,12,0
2013-11-22,4+1,196.84,1147,205,0
2013-11-22,4+0,110.35,2046,343,0
2013-11-22,3+2,69.12,2333,404,0
2013-11-22,2+2,21.64,34268,5509,0
2013-11-22,3+1,13.76,51534,9142,0
2013-11-22,3+0,12.54,95111,16424,0
2013-11-22,1+2,11.70,179120,26889,0
2013-11-22,2+1,7.59,747478,123961,0
2013-11-22,2+0,4.19,1383047,226423,0
2013-11-26,5+2,32148861.00,1,0,0
2013-11-26,5+1,512038.92,2,0,0
2013-11-26,5+0,42669.91,8,1,0
2013-11-26,4+2,2666.86,64,14,0
2013-11-26,4+1,163.75,912,140,0
2013-11-26,4+0,94.64,1578,238,0
2013-11-26,3+2,34.02,3135,656,0
2013-11-26,2+2,11.18,43853,9801,0
2013-11-26,3+1,11.63,40358,6264,0
2013-11-26,3+0,11.87,66459,9334,0
2013-11-26,1+2,6.61,209623,44473,0
2013-11-26,2+1,6.71,559194,87493,0
2013-11-26,2+0,4.15,923850,128069,0
2013-11-29,5+2,15000000.00,1,0,0
2013-11-29,5+1,297135.95,5,1,0
2013-11-29,5+0,82537.76,6,1,0
2013-11-29,4+2,3019.67,82,11,0
2013-11-29,4+1,142.07,1525,206,0
2013-11-29,4+0,84.00,2579,319,0
2013-11-29,3+2,38.02,4070,480,0
2013-11-29,2+2,12.85,55389,6828,0
2013-11-29,3+1,10.71,63534,8223,0
2013-11-29,3+0,10.56,108386,14402,0
2013-11-29,1+2,7.56,265961,35020,0
2013-11-29,2+1,6.64,819372,111867,0
2013-11-29,2+0,3.84,1447131,206284,0
2013-12-03,5+2,15000000.00,0,0,1
2013-12-03,5+1,475347.33,2,0,0
2013-12-03,5+0,105632.74,3,0,0
2013-12-03,4+2,2437.67,65,16,0
2013-12-03,4+1,161.58,858,169,0
2013-12-03,4+0,83.11,1668,303,0
2013-12-03,3+2,43.70,2266,390,0
2013-12-03,2+2,15.55,29285,4117,0
2013-12-03,3+1,11.97,36385,6011,0
2013-12-03,3+0,10.65,68753,11336,0
2013-12-03,1+2,8.86,145288,19031,0
2013-12-03,2+1,7.04,494730,76295,0
2013-12-03,2+0,3.90,914008,138218,0
2013-12-06,5+2,24886473.20,0,0,1
2013-12-06,5+1,741485.49,2,0,0
2013-12-06,5+0,98864.73,5,2,0
2013-12-06,4+2,6680.04,37,6,0
2013-12-06,4+1,329.17,657,88,0
2013-12-06,4+0,134.91,1603,219,0
2013-12-06,3+2,90.86,1700,242,0
2013-12-06,2+2,27.92,25447,2952,0
2013-12-06,3+1,18.28,37181,4537,0
2013-12-06,3+0,14.17,80648,10885,0
2013-12-06,1+2,14.34,139978,16673,0
2013-12-06,2+1,9.21,590296,76530,0
2013-12-06,2+0,4.31,1289370,186246,0
2013-12-10,5+2,31707066.80,0,0,1
2013-12-10,5+1,511544.52,2,1,0
2013-12-10,5+0,85257.42,4,1,0
2013-12-10,4+2,5500.47,31,2,0
2013-12-10,4+1,248.25,601,102,0
2013-12-10,4+0,94.61,1577,339,0
2013-12-10,3+2,69.70,1529,208,0
2013-12-10,2+2,21.64,22652,3020,0
2013-12-10,3+1,16.77,27960,4272,0
2013-12-10,3+0,14.34,54970,8845,0
2013-12-10,1+2,10.70,129449,16922,0
2013-12-10,2+1,8.89,421703,61839,0
2013-12-10,2+0,4.55,842197,131103,0
2013-12-13,5+2,44668267.80,0,0,1
2013-12-13,5+1,486045.03,4,0,0
2013-12-13,5+0,43204.00,15,2,0
2013-12-13,4+2,6480.60,50,7,0
2013-12-13,4+1,248.70,1140,122,0
2013-12-13,4+0,101.84,2784,326,0
2013-12-13,3+2,79.95,2533,219,0
2013-12-13,2+2,25.57,36424,3513,0
2013-12-13,3+1,16.72,53266,5975,0
2013-12-13,3+0,11.85,126441,14710,0
2013-12-13,1+2,12.54,209868,21999,0
2013-12-13,2+1,8.92,798804,94444,0
2013-12-13,2+0,3.82,1905685,230272,0
2013-12-17,5+2,52406867.20,0,0,1
2013-12-17,5+1,232157.98,5,0,0
2013-12-17,5+0,128976.65,3,1,0
2013-12-17,4+2,6045.78,32,7,0
2013-12-17,4+1,243.22,696,117,0
2013-12-17,4+0,112.33,1507,301,0
2013-12-17,3+2,86.18,1403,175,0
2013-12-17,2+2,25.41,21886,2648,0
2013-12-17,3+1,16.52,32195,5039,0
2013-12-17,3+0,12.94,69142,11557,0
2013-12-17,1+2,13.53,116134,14333,0
2013-12-17,2+1,8.54,497873,72225,0
2013-12-17,2+0,4.10,1059837,163014,0
2013-12-20,5+2,64321005.70,0,0,1
2013-12-20,5+1,297853.46,6,1,0
2013-12-20,5+0,42550.49,14,1,0
2013-12-20,4+2,4882.84,61,4,0
2013-12-20,4+1,194.34,1341,186,0
2013-12-20,4+0,87.86,2966,457,0
2013-12-20,3+2,68.34,2724,373,0
2013-12-20,2+2,21.58,39669,4924,0
2013-12-20,3+1,12.75,64216,9758,0
2013-12-20,3+0,9.80,140480,20779,0
2013-12-20,1+2,12.18,198624,24567,0
2013-12-20,2+1,7.34,892592,134384,0
2013-12-20,2+0,3.45,1942180,285093,0
2013-12-24,5+2,74670405.10,0,0,1
2013-12-24,5+1,310481.98,5,0,0
2013-12-24,5+0,64683.74,8,1,0
2013-12-24,4+2,5624.67,46,3,0
2013-12-24,4+1,224.59,1008,126,0
2013-12-24,4+0,101.43,2232,274,0
2013-12-24,3+2,59.21,2731,351,0
2013-12-24,2+2,17.98,41355,5802,0
2013-12-24,3+1,15.68,45377,5482,0
2013-12-24,3+0,12.77,93673,12179,0
2013-12-24,1+2,9.06,232031,36045,0
2013-12-24,2+1,8.39,677996,89238,0
2013-12-24,2+0,4.20,1385278,191049,0
2013-12-27,5+2,86334914.80,0,0,1
2013-12-27,5+1,159061.49,11,4,0
2013-12-27,5+0,20829.48,28,8,0
2013-12-27,4+2,3351.87,87,13,0
2013-12-27,4+1,135.14,1888,340,0
2013-12-27,4+0,59.25,4306,726,0
2013-12-27,3+2,55.83,3264,553,0
2013-12-27,2+2,19.74,42466,6832,0
2013-12-27,3+1,11.31,70862,12528,0
2013-12-27,3+0,8.58,157019,26234,0
2013-12-27,1+2,11.47,206501,34205,0
2013-12-27,2+1,7.12,900498,155648,0
2013-12-27,2+0,3.39,1932405,315638,0
2013-12-31,5+2,100878707.50,0,0,1
2013-12-31,5+1,181797.40,12,4,0
2013-12-31,5+0,121198.27,6,0,0
2013-12-31,4+2,3599.94,101,15,0
2013-12-31,4+1,204.20,1558,255,0
2013-12-31,4+0,110.12,2889,392,0
2013-12-31,3+2,38.47,5906,898,0
2013-12-31,2+2,12.15,85971,14062,0
2013-12-31,3+1,13.19,75791,10989,0
2013-12-31,3+0,12.15,138296,19258,0
2013-12-31,1+2,6.72,439456,70872,0
2013-12-31,2+1,7.38,1082996,156505,0
2013-12-31,2+0,4.10,1993621,283015,0
2014-01-03,5+2,116122938.50,0,0,1
2014-01-03,5+1,326662.09,7,0,0
2014-01-03,5+0,84690.17,9,3,0
2014-01-03,4+2,3629.57,105,11,0
2014-01-03,4+1,214.58,1554,216,0
2014-01-03,4+0,116.76,2856,378,0
2014-01-03,3+2,44.16,5393,862,0
2014-01-03,2+2,14.61,74946,13541,0
2014-01-03,3+1,14.09,74369,12181,0
2014-01-03,3+0,13.00,135489,20909,0
2014-01-03,1+2,8.12,380968,69041,0
2014-01-03,2+1,7.57,1107116,197568,0
2014-01-03,2+0,4.30,1989785,324239,0
2014-01-07,5+2,65138886.00,2,0,0
2014-01-07,5+1,235913.86,9,1,0
2014-01-07,5+0,41631.85,17,2,0
2014-01-07,4+2,5203.98,68,9,0
2014-01-07,4+1,240.96,1285,199,0
2014-01-07,4+0,104.92,2951,538,0
2014-01-07,3+2,75.09,2945,464,0
2014-01-07,2+2,24.23,41977,6108,0
2014-01-07,3+1,16.71,58237,9170,0
2014-01-07,3+0,12.19,134170,23474,0
2014-01-07,1+2,12.74,225576,33209,0
2014-01-07,2+1,9.03,861760,136557,0
2014-01-07,2+0,3.97,2003866,350634,0
2014-01-10,5+2,15000000.00,0,0,1
2014-01-10,5+1,162679.58,10,1,0
2014-01-10,5+0,28540.27,19,4,0
2014-01-10,4+2,4595.46,59,4,0
2014-01-10,4+1,184.33,1287,156,0
2014-01-10,4+0,76.65,3095,455,0
2014-01-10,3+2,73.13,2317,340,0
2014-01-10,2+2,24.45,31875,4006,0
2014-01-10,3+1,13.42,55529,8395,0
2014-01-10,3+0,9.36,133944,21790,0
2014-01-10,1+2,14.04,156812,19296,0
2014-01-10,2+1,8.11,735151,112554,0
2014-01-10,2+0,3.38,1802915,295804,0
2014-01-14,5+2,22323820.40,0,0,1
2014-01-14,5+1,549286.53,2,0,0
2014-01-14,5+0,52313.00,7,1,0
2014-01-14,4+2,4465.74,41,5,0
2014-01-14,4+1,323.65,495,45,0
2014-01-14,4+0,118.67,1350,156,0
2014-01-14,3+2,84.89,1348,152,0
2014-01-14,2+2,27.04,19465,2800,0
2014-01-14,3+1,20.20,24926,3036,0
2014-01-14,3+0,12.14,69730,9584,0
2014-01-14,1+2,13.90,106972,16262,0
2014-01-14,2+1,10.74,374843,50437,0
2014-01-14,2+0,3.84,1072817,159472,0
2014-01-17,5+2,33069927.00,0,0,1
2014-01-17,5+1,805957.99,2,0,0
2014-01-17,5+0,67163.16,8,2,0
2014-01-17,4+2,7260.88,37,3,0
2014-01-17,4+1,271.75,865,110,0
2014-01-17,4+0,106.46,2208,294,0
2014-01-17,3+2,91.55,1834,217,0
2014-01-17,2+2,27.67,27909,3199,0
2014-01-17,3+1,17.74,41632,4976,0
2014-01-17,3+0,12.91,96219,12651,0
2014-01-17,1+2,14.55,149982,17682,0
2014-01-17,2+1,9.39,629065,84305,0
2014-01-17,2+0,4.15,1456124,214834,0
2014-01-21,5+2,40648761.60,0,0,1
2014-01-21,5+1,378941.72,3,0,0
2014-01-21,5+0,42104.63,9,0,0
2014-01-21,4+2,3157.84,60,6,0
2014-01-21,4+1,217.28,763,88,0
2014-01-21,4+0,127.33,1302,168,0
2014-01-21,3+2,48.55,2439,368,0
2014-01-21,2+2,14.68,37093,6369,0
2014-01-21,3+1,15.31,34015,4608,0
2014-01-21,3+0,14.18,61786,7866,0
2014-01-21,1+2,7.48,205569,37672,0
2014-01-21,2+1,7.98,522270,79002,0
2014-01-21,2+0,4.54,936944,125875,0
2014-01-24,5+2,51853731.20,0,0,1
2014-01-24,5+1,240106.49,7,0,0
2014-01-24,5+0,112049.69,5,0,0
2014-01-24,4+2,4376.94,64,12,0
2014-01-24,4+1,258.55,948,142,0
2014-01-24,4+0,127.72,1919,251,0
2014-01-24,3+2,65.69,2665,396,0
2014-01-24,2+2,18.31,43978,7320,0
2014-01-24,3+1,16.26,47370,7048,0
2014-01-24,3+0,14.64,88489,12218,0
2014-01-24,1+2,9.71,234265,38524,0
2014-01-24,2+1,8.12,758461,119669,0
2014-01-24,2+0,4.61,1366445,196824,0
2014-01-28,5+2,59913844.80,0,0,1
2014-01-28,5+1,241803.40,5,1,0
2014-01-28,5+0,80601.13,5,1,0
2014-01-28,4+2,6500.09,31,3,0
2014-01-28,4+1,248.33,710,80,0
2014-01-28,4+0,128.04,1377,169,0
2014-01-28,3+2,62.71,2008,285,0
2014-01-28,2+2,17.70,32728,4266,0
2014-01-28,3+1,15.76,35142,4892,0
2014-01-28,3+0,13.98,66640,8989,0
2014-01-28,1+2,8.80,185945,25211,0
2014-01-28,2+1,8.07,548933,79448,0
2014-01-28,2+0,4.40,1029483,147198,0
2014-01-31,5+2,72149579.00,1,0,0
2014-01-31,5+1,917680.00,2,0,0
2014-01-31,5+0,50982.22,12,3,0
2014-01-31,4+2,4078.57,75,9,0
2014-01-31,4+1,165.22,1620,180,0
2014-01-31,4+0,94.51,2832,358,0
2014-01-31,3+2,59.37,3220,450,0
2014-01-31,2+2,20.20,43527,6160,0
2014-01-31,3+1,12.08,69584,9553,0
2014-01-31,3+0,10.87,130093,18047,0
2014-01-31,1+2,11.51,215855,30717,0
2014-01-31,2+1,7.08,950121,141290,0
2014-01-31,2+0,3.93,1749766,260654,0
2014-02-04,5+2,15000000.00,0,0,1
2014-02-04,5+1,1014692.97,1,1,0
2014-02-04,5+0,56371.83,6,0,0
2014-02-04,4+2,9395.30,18,4,0
2014-02-04,4+1,300.15,493,63,0
2014-02-04,4+0,144.22,1026,156,0
2014-02-04,3+2,64.68,1634,274,0
2014-02-04,2+2,18.50,26279,3850,0
2014-02-04,3+1,17.77,26166,3975,0
2014-02-04,3+0,14.74,53044,7830,0
2014-02-04,1+2,9.07,151424,21870,0
2014-02-04,2+1,8.79,422991,62671,0
2014-02-04,2+0,4.43,858462,127773,0
2014-02-07,5+2,25315477.00,1,0,0
2014-02-07,5+1,773660.73,2,0,0
2014-02-07,5+0,51577.38,10,0,0
2014-02-07,4+2,5486.95,47,5,0
2014-02-07,4+1,260.26,867,107,0
2014-02-07,4+0,115.59,1952,284,0
2014-02-07,3+2,94.58,1704,228,0
2014-02-07,2+2,28.08,26398,3115,0
2014-02-07,3+1,17.08,41519,5496,0
2014-02-07,3+0,12.60,94587,13427,0
2014-02-07,1+2,15.14,138345,17435,0
2014-02-07,2+1,9.00,630272,83272,0
2014-02-07,2+0,4.01,1446799,208170,0
2014-02-11,5+2,15000000.00,0,0,1
2014-02-11,5+1,493913.61,2,0,0
2014-02-11,5+0,41159.46,8,3,0
2014-02-11,4+2,7483.53,22,3,0
2014-02-11,4+1,223.00,646,87,0
2014-02-11,4+0,104.54,1378,209,0
2014-02-11,3+2,76.61,1343,191,0
2014-02-11,2+2,23.95,19763,2677,0
2014-02-11,3+1,15.56,29097,4030,0
2014-02-11,3+0,12.74,59743,8820,0
2014-02-11,1+2,12.04,111086,15499,0
2014-02-11,2+1,8.47,427175,59781,0
2014-02-11,2+0,4.27,867503,125987,0
2014-02-14,5+2,25543227.00,1,0,0
2014-02-14,5+1,263580.67,6,1,0
2014-02-14,5+0,52716.13,10,0,0
2014-02-14,4+2,2896.49,91,10,0
2014-02-14,4+1,150.64,1531,170,0
2014-02-14,4+0,95.81,2407,289,0
2014-02-14,3+2,37.29,4417,555,0
2014-02-14,2+2,12.93,58602,7252,0
2014-02-14,3+1,11.01,65796,8880,0
2014-02-14,3+0,11.34,107491,14298,0
2014-02-14,1+2,7.31,292652,37861,0
2014-02-14,2+1,6.87,843544,112887,0
2014-02-14,2+0,4.10,1445016,197443,0
2014-02-18,5+2,15000000.00,0,0,1
2014-02-18,5+1,0.00,0,0,0
2014-02-18,5+0,649098.65,2,0,0
2014-02-18,4+2,4507.62,36,2,0
2014-02-18,4+1,268.41,529,61,0
2014-02-18,4+0,138.66,1024,114,0
2014-02-18,3+2,69.80,1453,185,0
2014-02-18,2+2,21.73,21462,2832,0
2014-02-18,3+1,16.26,27430,3542,0
2014-02-18,3+0,15.32,48987,6219,0
2014-02-18,1+2,11.15,118157,15599,0
2014-02-18,2+1,8.32,428931,57376,0
2014-02-18,2+0,4.82,756202,102063,0
2014-02-21,5+2,24964476.80,0,0,1
2014-02-21,5+1,298934.30,5,0,0
2014-02-21,5+0,71174.83,7,3,0
2014-02-21,4+2,1779.37,140,31,0
2014-02-21,4+1,134.21,1624,307,0
2014-02-21,4+0,88.39,2466,331,0
2014-02-21,3+2,30.42,5118,932,0
2014-02-21,2+2,10.66,67179,11901,0
2014-02-21,3+1,10.74,63785,10794,0
2014-02-21,3+0,11.38,101221,14873,0
2014-02-21,1+2,6.30,320920,54763,0
2014-02-21,2+1,6.43,852197,136649,0
2014-02-21,2+0,4.07,1375376,198625,0
2014-02-25,5+2,31885464.00,0,0,1
2014-02-25,5+1,519074.04,2,0,0
2014-02-25,5+0,43256.17,8,1,0
2014-02-25,4+2,2836.47,61,6,0
2014-02-25,4+1,155.27,975,143,0
2014-02-25,4+0,69.83,2168,325,0
2014-02-25,3+2,48.88,2212,351,0
2014-02-25,2+2,16.32,30467,4638,0
2014-02-25,3+1,14.62,32531,4764,0
2014-02-25,3+0,11.82,67662,10500,0
2014-02-25,1+2,8.84,158935,22943,0
2014-02-25,2+1,8.31,457694,66665,0
2014-02-25,2+0,4.10,949332,148086,0
2014-02-28,5+2,42517715.00,1,0,0
2014-02-28,5+1,797418.81,2,0,0
2014-02-28,5+0,88602.09,6,1,0
2014-02-28,4+2,4287.19,62,5,0
2014-02-28,4+1,223.63,1040,92,0
2014-02-28,4+0,128.07,1816,168,0
2014-02-28,3+2,48.84,3401,349,0
2014-02-28,2+2,15.82,48286,5520,0
2014-02-28,3+1,14.83,49277,5708,0
2014-02-28,3+0,13.76,89325,9509,0
2014-02-28,1+2,8.01,269402,36261,0
2014-02-28,2+1,8.25,708467,88544,0
2014-02-28,2+0,4.64,1286266,163313,0
2014-03-04,5+2,15000000.00,0,0,1
2014-03-04,5+1,1000384.08,1,0,0
2014-03-04,5+0,41682.67,8,0,0
2014-03-04,4+2,4763.73,35,7,0
2014-03-04,4+1,197.14,740,114,0
2014-03-04,4+0,79.07,1845,231,0
2014-03-04,3+2,57.98,1797,230,0
2014-03-04,2+2,18.61,25754,3310,0
2014-03-04,3+1,13.50,33944,4680,0
2014-03-04,3+0,9.74,79135,12360,0
2014-03-04,1+2,10.36,130689,17155,0
2014-03-04,2+1,7.54,486135,68335,0
2014-03-04,2+0,3.49,1074540,161110,0
2014-03-07,5+2,100000000.00,0,0,1
2014-03-07,5+1,453509.31,6,0,0
2014-03-07,5+0,82456.23,11,1,0
2014-03-07,4+2,6572.59,69,6,0
2014-03-07,4+1,273.85,1449,202,0
2014-03-07,4+0,123.08,3224,464,0
2014-03-07,3+2,75.06,3776,504,0
2014-03-07,2+2,22.16,58818,8031,0
2014-03-07,3+1,16.81,74171,11328,0
2014-03-07,3+0,13.93,150526,22990,0
2014-03-07,1+2,11.36,324122,43635,0
2014-03-07,2+1,8.63,1155676,180410,0
2014-03-07,2+0,4.31,2362786,366919,0
2014-03-11,5+2,112224512.60,0,0,1
2014-03-11,5+1,366735.37,5,1,0
2014-03-11,5+0,55565.96,11,1,0
2014-03-11,4+2,4129.90,74,15,0
2014-03-11,4+1,185.44,1442,255,0
2014-03-11,4+0,96.60,2768,452,0
2014-03-11,3+2,65.14,2932,399,0
2014-03-11,2+2,20.51,42825,5915,0
2014-03-11,3+1,12.87,65280,9978,0
2014-03-11,3+0,11.75,120281,18575,0
2014-03-11,1+2,11.23,220943,31176,0
2014-03-11,2+1,7.18,935215,141539,0
2014-03-11,2+0,4.03,1704668,259757,0
2014-03-14,5+2,129384564.00,1,0,0
2014-03-14,5+1,367715.37,7,2,0
2014-03-14,5+0,50470.73,17,5,0
2014-03-14,4+2,3404.77,126,16,0
2014-03-14,4+1,183.11,2050,219,0
2014-03-14,4+0,100.23,3745,429,0
2014-03-14,3+2,45.88,5844,939,0
2014-03-14,2+2,14.78,83444,13483,0
2014-03-14,3+1,12.75,92491,13024,0
2014-03-14,3+0,11.85,167378,21246,0
2014-03-14,1+2,7.91,440246,73625,0
2014-03-14,2+1,7.27,1297395,187298,0
2014-03-14,2+0,4.13,2334784,302683,0
2014-03-18,5+2,15000000.00,0,0,1
2014-03-18,5+1,253982.02,4,1,0
2014-03-18,5+0,84660.67,4,0,0
2014-03-18,4+2,5461.97,31,2,0
2014-03-18,4+1,222.45,666,147,0
2014-03-18,4+0,121.63,1218,183,0
2014-03-18,3+2,75.86,1395,227,0
2014-03-18,2+2,22.73,21415,3695,0
2014-03-18,3+1,15.65,29748,5530,0
2014-03-18,3+0,13.12,59652,9516,0
2014-03-18,1+2,11.86,115911,18667,0
2014-03-18,2+1,8.71,427349,72412,0
2014-03-18,2+0,4.32,880150,134391,0
2014-03-21,5+2,25493153.00,1,0,0
2014-03-21,5+1,524657.63,3,0,0
2014-03-21,5+0,65582.20,8,0,0
2014-03-21,4+2,3974.67,66,9,0
2014-03-21,4+1,255.60,898,112,0
2014-03-21,4+0,136.79,1678,185,0
2014-03-21,3+2,43.88,3736,583,0
2014-03-21,2+2,12.52,60227,9844,0
2014-03-21,3+1,14.84,48593,6759,0
2014-03-21,3+0,15.00,80878,10146,0
2014-03-21,1+2,6.47,329336,55371,0
2014-03-21,2+1,7.58,760822,109544,0
2014-03-21,2+0,4.74,1243868,161824,0
2014-03-25,5+2,15000000.00,0,0,1
2014-03-25,5+1,195729.77,5,1,0
2014-03-25,5+0,108738.76,3,0,0
2014-03-25,4+2,3707.00,44,12,0
2014-03-25,4+1,214.29,666,64,0
2014-03-25,4+0,102.01,1399,190,0
2014-03-25,3+2,44.16,2308,348,0
2014-03-25,2+2,13.89,33757,5491,0
2014-03-25,3+1,13.91,32234,4909,0
2014-03-25,3+0,11.67,64627,10025,0
2014-03-25,1+2,7.67,172691,28894,0
2014-03-25,2+1,7.48,479144,74769,0
2014-03-25,2+0,3.87,947092,146068,0
2014-03-28,5+2,25329483.00,1,0,0
2014-03-28,5+1,258237.07,6,1,0
2014-03-28,5+0,73782.02,7,2,0
2014-03-28,4+2,2188.44,118,14,0
2014-03-28,4+1,169.25,1335,153,0
2014-03-28,4+0,95.82,2358,310,0
2014-03-28,3+2,28.98,5569,791,0
2014-03-28,2+2,9.57,77548,12097,0
2014-03-28,3+1,11.83,60019,8077,0
2014-03-28,3+0,11.85,100776,13219,0
2014-03-28,1+2,5.69,368327,60165,0
2014-03-28,2+1,6.72,844206,123160,0
2014-03-28,2+0,4.02,1444414,201095,0
2014-04-01,5+2,15000000.00,1,0,0
2014-04-01,5+1,242827.84,4,0,0
2014-04-01,5+0,161885.23,2,1,0
2014-04-01,4+2,3444.36,47,10,0
2014-04-01,4+1,205.28,690,126,0
2014-04-01,4+0,100.10,1415,247,0
2014-04-01,3+2,74.67,1355,186,0
2014-04-01,2+2,25.39,18327,2488,0
2014-04-01,3+1,15.58,28557,4509,0
2014-04-01,3+0,12.04,62174,9562,0
2014-04-01,1+2,14.07,93424,12352,0
2014-04-01,2+1,8.81,403902,59507,0
2014-04-01,2+0,4.06,897098,134506,0
2014-04-04,5+2,15000000.00,0,0,1
2014-04-04,5+1,735283.29,2,1,0
2014-04-04,5+0,122547.21,4,1,0
2014-04-04,4+2,4805.77,51,9,0
2014-04-04,4+1,248.50,863,151,0
2014-04-04,4+0,94.89,2260,392,0
2014-04-04,3+2,73.18,2093,345,0
2014-04-04,2+2,22.51,31300,5308,0
2014-04-04,3+1,17.97,37499,5602,0
2014-04-04,3+0,11.19,101267,17569,0
2014-04-04,1+2,13.31,149560,21965,0
2014-04-04,2+1,10.12,532451,75245,0
2014-04-04,2+0,3.67,1500612,248036,0
2014-04-08,5+2,21651230.70,0,0,1
2014-04-08,5+1,199536.92,5,1,0
2014-04-08,5+0,55426.92,6,0,0
2014-04-08,4+2,4494.07,37,5,0
2014-04-08,4+1,228.76,636,55,0
2014-04-08,4+0,95.59,1522,197,0
2014-04-08,3+2,74.39,1397,176,0
2014-04-08,2+2,24.14,19798,2415,0
2014-04-08,3+1,15.43,29635,3556,0
2014-04-08,3+0,11.90,64621,8015,0
2014-04-08,1+2,13.76,98177,12209,0
2014-04-08,2+1,8.58,426196,54420,0
2014-04-08,2+0,3.95,946597,128917,0
2014-04-11,5+2,32404757.70,0,0,1
2014-04-11,5+1,146639.00,11,1,0
2014-04-11,5+0,28298.75,19,1,0
2014-04-11,4+2,5376.76,50,5,0
2014-04-11,4+1,168.02,1400,210,0
2014-04-11,4+0,64.69,3636,567,0
2014-04-11,3+2,71.37,2354,258,0
2014-04-11,2+2,24.61,31403,3472,0
2014-04-11,3+1,13.29,55625,6552,0
2014-04-11,3+0,9.03,137637,18537,0
2014-04-11,1+2,13.69,159450,18163,0
2014-04-11,2+1,8.09,730741,89102,0
2014-04-11,2+0,3.41,1770090,243482,0
2014-04-15,5+2,39469425.20,0,0,1
2014-04-15,5+1,353233.37,3,0,0
2014-04-15,5+0,44154.17,8,0,0
2014-04-15,4+2,6541.35,27,2,0
2014-04-15,4+1,214.63,720,86,0
2014-04-15,4+0,114.13,1354,197,0
2014-04-15,3+2,77.03,1433,182,0
2014-04-15,2+2,23.47,21630,2760,0
2014-04-15,3+1,16.12,30128,4276,0
2014-04-15,3+0,12.93,63133,9233,0
2014-04-15,1+2,12.50,114719,14790,0
2014-04-15,2+1,8.63,450080,64444,0
2014-04-15,2+0,4.26,931036,141730,0
2014-04-18,5+2,49741996.10,0,0,1
2014-04-18,5+1,1540885.63,1,1,0
2014-04-18,5+0,64203.56,8,2,0
2014-04-18,4+2,3566.86,72,14,0
2014-04-18,4+1,213.80,1051,151,0
2014-04-18,4+0,113.72,1976,312,0
2014-04-18,3+2,43.18,3717,620,0
2014-04-18,2+2,12.67,58244,9450,0
2014-04-18,3+1,15.60,45256,6446,0
2014-04-18,3+0,14.31,82988,11640,0
2014-04-18,1+2,6.34,329046,53228,0
2014-04-18,2+1,8.30,680275,95804,0
2014-04-18,2+0,4.68,1234186,174695,0
2014-04-22,5+2,56813878.70,0,0,1
2014-04-22,5+1,530391.19,2,0,0
2014-04-22,5+0,117864.70,3,0,0
2014-04-22,4+2,5524.90,32,6,0
2014-04-22,4+1,228.84,676,112,0
2014-04-22,4+0,112.91,1370,200,0
2014-04-22,3+2,64.31,1718,258,0
2014-04-22,2+2,20.58,24693,3580,0
2014-04-22,3+1,14.57,33356,5015,0
2014-04-22,3+0,11.83,69076,10371,0
2014-04-22,1+2,11.12,129071,18368,0
2014-04-22,2+1,7.93,490383,75741,0
2014-04-22,2+0,3.96,1002158,154092,0
2014-04-25,5+2,67951355.20,0,0,1
2014-04-25,5+1,417655.36,4,0,0
2014-04-25,5+0,39776.70,14,2,0
2014-04-25,4+2,3200.42,87,10,0
2014-04-25,4+1,195.21,1248,175,0
2014-04-25,4+0,101.26,2406,251,0
2014-04-25,3+2,53.81,3234,398,0
2014-04-25,2+2,17.50,45733,5943,0
2014-04-25,3+1,14.13,54163,6823,0
2014-04-25,3+0,11.54,111497,13661,0
2014-04-25,1+2,9.69,233461,30604,0
2014-04-25,2+1,7.96,768789,99247,0
2014-04-25,2+0,3.93,1592326,212537,0
2014-04-29,5+2,76616041.60,0,0,1
2014-04-29,5+1,433234.32,3,0,0
2014-04-29,5+0,54154.29,8,0,0
2014-04-29,4+2,4709.06,46,4,0
2014-04-29,4+1,189.54,1000,188,0
2014-04-29,4+0,90.81,2087,374,0
2014-04-29,3+2,74.14,1826,243,0
2014-04-29,2+2,24.73,25179,2981,0
2014-04-29,3+1,14.55,40932,6197,0
2014-04-29,3+0,11.51,86973,13244,0
2014-04-29,1+2,13.34,131887,15357,0
2014-04-29,2+1,8.41,566592,79186,0
2014-04-29,2+0,4.00,1216095,166342,0
2014-05-02,5+2,89166455.00,1,0,0
2014-05-02,5+1,376512.38,5,0,0
2014-05-02,5+0,313760.32,2,0,0
2014-05-02,4+2,6403.27,49,2,0
2014-05-02,4+1,291.44,942,91,0
2014-05-02,4+0,135.84,2021,246,0
2014-05-02,3+2,83.58,2346,281,0
2014-05-02,2+2,25.48,35400,3867,0
2014-05-02,3+1,17.77,48548,5680,0
2014-05-02,3+0,13.64,106374,12636,0
2014-05-02,1+2,13.07,194919,22341,0
2014-05-02,2+1,9.18,751434,92901,0
2014-05-02,2+0,4.27,1652841,214971,0
2014-05-06,5+2,15000000.00,0,0,1
2014-05-06,5+1,315673.15,3,0,0
2014-05-06,5+0,28697.55,11,3,0
2014-05-06,4+2,4384.34,36,4,0
2014-05-06,4+1,205.82,671,75,0
2014-05-06,4+0,92.25,1497,162,0
2014-05-06,3+2,52.58,1876,234,0
2014-05-06,2+2,17.41,26063,3439,0
2014-05-06,3+1,14.55,29825,3590,0
2014-05-06,3+0,11.28,64706,8171,0
2014-05-06,1+2,9.64,133014,18564,0
2014-05-06,2+1,8.04,431358,55331,0
2014-05-06,2+0,3.89,911871,120791,0
2014-05-09,5+2,24736690.50,0,0,1
2014-05-09,5+1,1460503.58,1,0,0
2014-05-09,5+0,69547.78,7,1,0
2014-05-09,4+2,5071.19,48,9,0
2014-05-09,4+1,215.57,988,140,0
2014-05-09,4+0,109.67,1942,346,0
2014-05-09,3+2,80.62,1887,219,0
2014-05-09,2+2,24.18,28937,3487,0
2014-05-09,3+1,14.58,45892,6971,0
2014-05-09,3+0,11.75,95733,16279,0
2014-05-09,1+2,13.18,150037,18267,0
2014-05-09,2+1,7.94,673646,98966,0
2014-05-09,2+0,3.88,1410352,232560,0
2014-05-13,5+2,31594761.90,0,0,1
2014-05-13,5+1,342903.56,3,0,0
2014-05-13,5+0,85725.89,4,0,0
2014-05-13,4+2,3987.25,43,8,0
2014-05-13,4+1,220.29,681,117,0
2014-05-13,4+0,108.16,1387,205,0
2014-05-13,3+2,58.71,1825,276,0
2014-05-13,2+2,16.48,29895,4792,0
2014-05-13,3+1,16.00,29450,3988,0
2014-05-13,3+0,13.12,60435,8516,0
2014-05-13,1+2,8.42,165287,27005,0
2014-05-13,2+1,8.27,455796,64491,0
2014-05-13,2+0,4.21,915912,133521,0
2014-05-16,5+2,41696345.20,0,0,1
2014-05-16,5+1,1515237.50,1,0,0
2014-05-16,5+0,84179.86,6,0,0
2014-05-16,4+2,4208.99,60,8,0
2014-05-16,4+1,220.31,1003,166,0
2014-05-16,4+0,117.60,1879,309,0
2014-05-16,3+2,66.12,2387,315,0
2014-05-16,2+2,21.08,34429,4652,0
2014-05-16,3+1,14.81,46874,7017,0
2014-05-16,3+0,13.50,86497,12897,0
2014-05-16,1+2,11.07,185290,25678,0
2014-05-16,2+1,7.93,699811,103267,0
2014-05-16,2+0,4.46,1272005,182043,0
2014-05-20,5+2,48745949.40,0,0,1
2014-05-20,5+1,528720.31,2,1,0
2014-05-20,5+0,50354.31,7,1,0
2014-05-20,4+2,10367.06,17,5,0
2014-05-20,4+1,306.58,503,73,0
2014-05-20,4+0,136.46,1130,160,0
2014-05-20,3+2,62.30,1768,257,0
2014-05-20,2+2,18.65,27162,3827,0
2014-05-20,3+1,17.86,27124,3764,0
2014-05-20,3+0,14.86,54845,7904,0
2014-05-20,1+2,9.20,155628,21175,0
2014-05-20,2+1,9.17,422664,57963,0
2014-05-20,2+0,4.63,856135,122996,0
2014-05-23,5+2,59346874.20,0,0,1
2014-05-23,5+1,530046.24,3,1,0
2014-05-23,5+0,106009.24,5,0,0
2014-05-23,4+2,5638.78,47,11,0
2014-05-23,4+1,265.32,874,83,0
2014-05-23,4+0,121.66,1906,239,0
2014-05-23,3+2,91.36,1813,225,0
2014-05-23,2+2,26.52,28729,3692,0
2014-05-23,3+1,17.69,41193,5131,0
2014-05-23,3+0,13.32,91986,12392,0
2014-05-23,1+2,13.66,157548,20815,0
2014-05-23,2+1,9.30,626392,82768,0
2014-05-23,2+0,4.18,1424731,202565,0
2014-05-27,5+2,67034873.90,0,0,1
2014-05-27,5+1,192199.99,6,2,0
2014-05-27,5+0,34945.45,11,3,0
2014-05-27,4+2,3099.99,62,5,0
2014-05-27,4+1,143.37,1173,162,0
2014-05-27,4+0,66.57,2526,360,0
2014-05-27,3+2,46.29,2595,363,0
2014-05-27,2+2,17.06,32372,4532,0
2014-05-27,3+1,11.29,46798,6675,0
2014-05-27,3+0,8.67,102445,15216,0
2014-05-27,1+2,10.22,152797,20180,0
2014-05-27,2+1,7.24,583253,83179,0
2014-05-27,2+0,3.41,1264586,186888,0
2014-05-30,5+2,78898282.80,0,0,1
2014-05-30,5+1,355902.26,5,1,0
2014-05-30,5+0,74146.30,8,1,0
2014-05-30,4+2,4634.14,64,9,0
2014-05-30,4+1,215.72,1203,231,0
2014-05-30,4+0,116.42,2229,382,0
2014-05-30,3+2,67.35,2752,408,0
2014-05-30,2+2,20.54,41512,5377,0
2014-05-30,3+1,14.25,57208,8702,0
2014-05-30,3+0,13.32,102942,15669,0
2014-05-30,1+2,10.68,225568,29207,0
2014-05-30,2+1,7.55,863242,125120,0
2014-05-30,2+0,4.30,1548489,227565,0
2014-06-03,5+2,88945681.90,0,0,1
2014-06-03,5+1,188388.73,8,2,0
2014-06-03,5+0,100473.99,5,0,0
2014-06-03,4+2,5841.51,43,9,0
2014-06-03,4+1,211.13,1041,135,0
2014-06-03,4+0,117.28,1874,206,0
2014-06-03,3+2,61.90,2536,314,0
2014-06-03,2+2,20.17,35787,4709,0
2014-06-03,3+1,15.50,44537,5612,0
2014-06-03,3+0,13.40,86650,10296,0
2014-06-03,1+2,10.94,186537,24731,0
2014-06-03,2+1,8.52,647988,84472,0
2014-06-03,2+0,4.40,1283442,154638,0
2014-06-06,5+2,106876333.10,0,0,1
2014-06-06,5+1,672399.42,4,0,0
2014-06-06,5+0,47185.92,19,0,0
2014-06-06,4+2,6313.60,71,5,0
2014-06-06,4+1,267.91,1464,119,0
2014-06-06,4+0,127.88,3067,296,0
2014-06-06,3+2,78.45,3571,368,0
2014-06-06,2+2,23.96,53776,5197,0
2014-06-06,3+1,17.07,72197,6988,0
2014-06-06,3+0,13.42,154402,15689,0
2014-06-06,1+2,12.48,291773,29377,0
2014-06-06,2+1,8.99,1095967,110145,0
2014-06-06,2+0,4.26,2365586,250468,0
2014-06-10,5+2,118626755.50,0,0,1
2014-06-10,5+1,195840.37,9,1,0
2014-06-10,5+0,41965.79,14,2,0
2014-06-10,4+2,4815.74,61,6,0
2014-06-10,4+1,240.00,1071,118,0
2014-06-10,4+0,90.79,2831,327,0
2014-06-10,3+2,68.07,2697,341,0
2014-06-10,2+2,21.79,38754,4401,0
2014-06-10,3+1,15.93,50695,6264,0
2014-06-10,3+0,10.33,131446,18411,0
2014-06-10,1+2,11.66,204525,24175,0
2014-06-10,2+1,8.87,728068,87676,0
2014-06-10,2+0,3.60,1832636,248403,0
2014-06-13,5+2,137313501.00,1,0,0
2014-06-13,5+1,700752.92,4,0,0
2014-06-13,5+0,84939.74,11,1,0
2014-06-13,4+2,5249.08,89,8,0
2014-06-13,4+1,232.25,1760,174,0
2014-06-13,4+0,102.21,3999,484,0
2014-06-13,3+2,76.61,3811,387,0
2014-06-13,2+2,23.48,57195,5889,0
2014-06-13,3+1,15.70,81820,9098,0
2014-06-13,3+0,11.70,184670,22127,0
2014-06-13,1+2,12.53,302785,31610,0
2014-06-13,2+1,8.70,1180618,128275,0
2014-06-13,2+0,3.94,2667016,316305,0
2014-06-17,5+2,15000000.00,0,0,1
2014-06-17,5+1,1017907.29,1,0,0
2014-06-17,5+0,113100.81,3,1,0
2014-06-17,4+2,3609.60,47,4,0
2014-06-17,4+1,227.32,653,83,0
2014-06-17,4+0,122.58,1211,180,0
2014-06-17,3+2,80.57,1316,168,0
2014-06-17,2+2,22.84,21352,2815,0
2014-06-17,3+1,15.53,30030,4107,0
2014-06-17,3+0,13.99,56076,7469,0
2014-06-17,1+2,11.77,117020,16231,0
2014-06-17,2+1,7.96,468883,65357,0
2014-06-17,2+0,4.36,873721,118673,0
2014-06-20,5+2,24974879.00,1,1,0
2014-06-20,5+1,213747.38,7,0,0
2014-06-20,5+0,45340.35,11,2,0
2014-06-20,4+2,4617.99,54,14,0
2014-06-20,4+1,176.68,1235,171,0
2014-06-20,4+0,86.96,2509,406,0
2014-06-20,3+2,64.61,2412,371,0
2014-06-20,2+2,23.34,30708,4226,0
2014-06-20,3+1,13.29,51563,7695,0
2014-06-20,3+0,10.74,107349,16754,0
2014-06-20,1+2,11.92,169937,23675,0
2014-06-20,2+1,8.18,670601,92895,0
2014-06-20,2+0,4.14,1353090,192279,0
2014-06-24,5+2,15000000.00,0,0,1
2014-06-24,5+1,312175.45,3,0,0
2014-06-24,5+0,62435.09,5,0,0
2014-06-24,4+2,3629.94,43,5,0
2014-06-24,4+1,182.34,749,98,0
2014-06-24,4+0,119.07,1147,171,0
2014-06-24,3+2,45.60,2139,270,0
2014-06-24,2+2,13.67,32816,4295,0
2014-06-24,3+1,12.57,34128,4692,0
2014-06-24,3+0,12.52,57654,8266,0
2014-06-24,1+2,7.84,161567,21033,0
2014-06-24,2+1,7.05,487001,68002,0
2014-06-24,2+0,4.13,850260,124774,0
2014-06-27,5+2,24831311.60,0,0,1
2014-06-27,5+1,1474696.75,1,0,0
2014-06-27,5+0,163855.19,3,1,0
2014-06-27,4+2,6302.12,39,7,0
2014-06-27,4+1,298.28,721,95,0
2014-06-27,4+0,128.70,1671,233,0
2014-06-27,3+2,91.00,1688,178,0
2014-06-27,2+2,27.14,26027,2874,0
2014-06-27,3+1,19.74,34224,4624,0
2014-06-27,3+0,15.18,74872,10293,0
2014-06-27,1+2,13.37,149285,16704,0
2014-06-27,2+1,10.29,525121,73201,0
2014-06-27,2+0,4.70,1176555,171914,0
2014-07-01,5+2,31752213.10,0,0,1
2014-07-01,5+1,346045.07,3,0,0
2014-07-01,5+0,49435.01,7,2,0
2014-07-01,4+2,4119.58,42,12,0
2014-07-01,4+1,187.13,809,131,0
2014-07-01,4+0,93.05,1627,233,0
2014-07-01,3+2,58.39,1852,304,0
2014-07-01,2+2,19.36,25682,4251,0
2014-07-01,3+1,13.11,36276,5953,0
2014-07-01,3+0,10.92,73257,10721,0
2014-07-01,1+2,10.84,129645,20769,0
2014-07-01,2+1,7.65,497044,79938,0
2014-07-01,2+0,3.84,1013595,148415,0
2014-07-04,5+2,42031147.20,0,0,1
2014-07-04,5+1,385460.02,4,0,0
2014-07-04,5+0,102789.34,5,1,0
2014-07-04,4+2,5467.51,47,4,0
2014-07-04,4+1,240.48,935,96,0
2014-07-04,4+0,119.92,1875,270,0
2014-07-04,3+2,61.63,2606,391,0
2014-07-04,2+2,18.11,40773,6201,0
2014-07-04,3+1,17.05,41431,5103,0
2014-07-04,3+0,14.28,83179,10497,0
2014-07-04,1+2,8.89,234691,37647,0
2014-07-04,2+1,8.99,628468,82855,0
2014-07-04,2+0,4.58,1260006,169237,0
2014-07-08,5+2,49306200.30,0,0,1
2014-07-08,5+1,155893.99,7,1,0
2014-07-08,5+0,33068.42,11,2,0
2014-07-08,4+2,4133.55,44,3,0
2014-07-08,4+1,162.22,981,128,0
2014-07-08,4+0,66.83,2381,367,0
2014-07-08,3+2,70.29,1617,203,0
2014-07-08,2+2,23.32,22415,2918,0
2014-07-08,3+1,12.45,40172,5764,0
2014-07-08,3+0,8.67,96919,15290,0
2014-07-08,1+2,13.27,111342,14296,0
2014-07-08,2+1,7.67,521405,72995,0
2014-07-08,2+0,3.35,1220290,186851,0
2014-07-11,5+2,60081768.60,0,0,1
2014-07-11,5+1,269389.20,6,1,0
2014-07-11,5+0,44898.20,12,1,0
2014-07-11,4+2,5082.81,53,10,0
2014-07-11,4+1,187.97,1254,201,0
2014-07-11,4+0,95.81,2460,386,0
2014-07-11,3+2,56.21,2995,422,0
2014-07-11,2+2,17.28,44817,5907,0
2014-07-11,3+1,14.60,50710,7412,0
2014-07-11,3+0,12.64,98544,15416,0
2014-07-11,1+2,8.71,251029,33191,0
2014-07-11,2+1,8.07,734130,104865,0
2014-07-11,2+0,4.39,1379958,209583,0
2014-07-15,5+2,67902166.00,1,0,0
2014-07-15,5+1,391019.84,3,0,0
2014-07-15,5+0,55859.97,7,1,0
2014-07-15,4+2,3989.99,49,4,0
2014-07-15,4+1,178.38,959,154,0
2014-07-15,4+0,90.17,1897,345,0
2014-07-15,3+2,58.52,2088,366,0
2014-07-15,2+2,19.71,28511,4474,0
2014-07-15,3+1,13.24,40598,6650,0
2014-07-15,3+0,10.90,82890,14140,0
2014-07-15,1+2,10.64,149174,21951,0
2014-07-15,2+1,7.67,560603,88239,0
2014-07-15,2+0,3.89,1128439,183211,0
2014-07-18,5+2,15000000.00,0,0,1
2014-07-18,5+1,685059.62,2,1,0
2014-07-18,5+0,152235.47,3,0,0
2014-07-18,4+2,5569.59,41,9,0
2014-07-18,4+1,237.86,840,130,0
2014-07-18,4+0,124.41,1606,220,0
2014-07-18,3+2,77.43,1843,291,0
2014-07-18,2+2,26.26,24995,3360,0
2014-07-18,3+1,15.81,39699,6419,0
2014-07-18,3+0,12.91,81756,12186,0
2014-07-18,1+2,13.93,133188,17660,0
2014-07-18,2+1,8.82,568965,87076,0
2014-07-18,2+0,4.27,1202811,177929,0
2014-07-22,5+2,21405297.60,0,0,1
2014-07-22,5+1,0.00,0,0,0
2014-07-22,5+0,256211.90,5,1,0
2014-07-22,4+2,3724.01,43,10,0
2014-07-22,4+1,248.87,563,93,0
2014-07-22,4+0,133.19,1052,153,0
2014-07-22,3+2,59.43,1684,324,0
2014-07-22,2+2,16.75,27470,4899,0
2014-07-22,3+1,17.11,25736,4034,0
2014-07-22,3+0,15.16,48843,7591,0
2014-07-22,1+2,7.58,171630,32064,0
2014-07-22,2+1,8.83,398816,64618,0
2014-07-22,2+0,4.82,746852,113265,0
2014-07-25,5+2,30819743.00,0,0,1
2014-07-25,5+1,1412166.81,1,0,0
2014-07-25,5+0,58840.28,8,1,0
2014-07-25,4+2,2674.55,88,8,0
2014-07-25,4+1,162.28,1269,170,0
2014-07-25,4+0,97.69,2108,233,0
2014-07-25,3+2,38.30,3840,581,0
2014-07-25,2+2,12.65,53467,9133,0
2014-07-25,3+1,11.33,57121,7910,0
2014-07-25,3+0,11.33,96043,12085,0
2014-07-25,1+2,7.30,261737,49348,0
2014-07-25,2+1,6.62,781174,119858,0
2014-07-25,2+0,3.98,1327538,183546,0
2014-07-29,5+2,37632166.00,1,0,0
2014-07-29,5+1,1021863.36,1,1,0
2014-07-29,5+0,85155.28,4,2,0
2014-07-29,4+2,3475.72,49,13,0
2014-07-29,4+1,206.97,720,107,0
2014-07-29,4+0,108.77,1370,178,0
2014-07-29,3+2,56.67,1878,317,0
2014-07-29,2+2,17.13,28582,4528,0
2014-07-29,3+1,14.99,31225,5247,0
2014-07-29,3+0,13.64,57746,9055,0
2014-07-29,1+2,9.04,152906,23524,0
2014-07-29,2+1,8.07,463812,74937,0
2014-07-29,2+0,4.46,857612,132460,0
2014-08-01,5+2,15000000.00,0,0,1
2014-08-01,5+1,226316.99,6,0,0
2014-08-01,5+0,32330.99,14,2,0
2014-08-01,4+2,5519.92,41,4,0
2014-08-01,4+1,209.33,946,193,0
2014-08-01,4+0,110.01,1800,290,0
2014-08-01,3+2,80.32,1761,261,0
2014-08-01,2+2,24.34,26722,4262,0
2014-08-01,3+1,18.06,34444,5233,0
2014-08-01,3+0,15.28,68479,9955,0
2014-08-01,1+2,11.95,153875,25636,0
2014-08-01,2+1,9.74,511058,80935,0
2014-08-01,2+0,4.92,1033461,152557,0
2014-08-05,5+2,21466841.90,0,0,1
2014-08-05,5+1,194005.25,5,2,0
2014-08-05,5+0,46191.72,7,0,0
2014-08-05,4+2,3849.31,42,9,0
2014-08-05,4+1,116.04,1219,160,0
2014-08-05,4+0,62.95,2247,295,0
2014-08-05,3+2,53.86,1876,298,0
2014-08-05,2+2,19.45,23895,3883,0
2014-08-05,3+1,10.08,44103,6732,0
2014-08-05,3+0,8.78,85143,11977,0
2014-08-05,1+2,11.42,115018,19208,0
2014-08-05,2+1,6.69,531277,84953,0
2014-08-05,2+0,3.43,1059995,154904,0
2014-08-08,5+2,30941693.10,0,0,1
2014-08-08,5+1,355306.92,4,0,0
2014-08-08,5+0,43067.50,11,0,0
2014-08-08,4+2,5639.79,42,3,0
2014-08-08,4+1,282.75,733,95,0
2014-08-08,4+0,126.22,1642,275,0
2014-08-08,3+2,71.97,2057,302,0
2014-08-08,2+2,21.23,32074,4735,0
2014-08-08,3+1,18.37,35447,5454,0
2014-08-08,3+0,14.56,75220,12265,0
2014-08-08,1+2,10.34,186086,28435,0
2014-08-08,2+1,9.40,554002,84919,0
2014-08-08,2+0,4.59,1160491,189385,0
2014-08-12,5+2,37783516.40,0,0,1
2014-08-12,5+1,513136.75,2,0,0
2014-08-12,5+0,68418.23,5,1,0
2014-08-12,4+2,1988.90,86,8,0
2014-08-12,4+1,127.26,1176,184,0
2014-08-12,4+0,74.86,1999,267,0
2014-08-12,3+2,34.25,3121,548,0
2014-08-12,2+2,12.38,39714,7352,0
2014-08-12,3+1,10.02,46926,7458,0
2014-08-12,3+0,10.00,79068,11407,0
2014-08-12,1+2,7.64,181859,34131,0
2014-08-12,2+1,6.31,595731,99637,0
2014-08-12,2+0,3.77,1019174,151815,0
2014-08-15,5+2,46954023.60,0,0,1
2014-08-15,5+1,687788.04,2,0,0
2014-08-15,5+0,38210.44,12,4,0
2014-08-15,4+2,6368.40,36,2,0
2014-08-15,4+1,211.60,948,112,0
2014-08-15,4+0,81.74,2454,336,0
2014-08-15,3+2,76.17,1881,243,0
2014-08-15,2+2,24.97,26393,3517,0
2014-08-15,3+1,14.30,44074,6344,0
2014-08-15,3+0,9.78,108319,16117,0
2014-08-15,1+2,13.72,135680,19345,0
2014-08-15,2+1,8.07,624934,93563,0
2014-08-15,2+0,3.39,1517332,238617,0
2014-08-19,5+2,54304297.00,1,0,0
2014-08-19,5+1,220508.18,5,1,0
2014-08-19,5+0,33410.33,11,3,0
2014-08-19,4+2,3467.10,53,8,0
2014-08-19,4+1,121.99,1318,190,0
2014-08-19,4+0,99.31,1619,228,0
2014-08-19,3+2,59.23,1939,298,0
2014-08-19,2+2,19.26,27423,4073,0
2014-08-19,3+1,11.08,45583,6521,0
2014-08-19,3+0,11.86,71633,10308,0
2014-08-19,1+2,10.80,138137,20399,0
2014-08-19,2+1,6.70,603176,94383,0
2014-08-19,2+0,4.13,999361,153501,0
2014-08-22,5+2,15000000.00,0,0,1
2014-08-22,5+1,268532.89,5,2,0
2014-08-22,5+0,37296.23,12,2,0
2014-08-22,4+2,7459.24,30,6,0
2014-08-22,4+1,210.99,928,122,0
2014-08-22,4+0,106.12,1845,241,0
2014-08-22,3+2,74.35,1881,256,0
2014-08-22,2+2,23.67,27180,3997,0
2014-08-22,3+1,15.46,39789,5485,0
2014-08-22,3+0,12.49,82830,11900,0
2014-08-22,1+2,11.99,151640,23509,0
2014-08-22,2+1,8.40,585563,87782,0
2014-08-22,2+0,4.21,1194575,185013,0
2014-08-26,5+2,21332468.40,0,0,1
2014-08-26,5+1,158311.71,6,1,0
2014-08-26,5+0,105541.14,3,1,0
2014-08-26,4+2,5277.05,30,5,0
2014-08-26,4+1,219.18,632,117,0
2014-08-26,4+0,109.41,1266,224,0
2014-08-26,3+2,84.20,1175,176,0
2014-08-26,2+2,26.86,16939,2464,0
2014-08-26,3+1,17.51,24862,3867,0
2014-08-26,3+0,13.24,55265,9266,0
2014-08-26,1+2,13.92,92387,13195,0
2014-08-26,2+1,9.47,367469,57068,0
2014-08-26,2+0,4.32,824115,135833,0
2014-08-29,5+2,30847109.10,0,0,1
2014-08-29,5+1,285439.21,5,0,0
2014-08-29,5+0,237886.01,2,0,0
2014-08-29,4+2,2831.73,84,15,0
2014-08-29,4+1,220.01,946,143,0
2014-08-29,4+0,117.52,1771,258,0
2014-08-29,3+2,38.70,3841,534,0
2014-08-29,2+2,14.82,46132,6939,0
2014-08-29,3+1,14.83,44710,6572,0
2014-08-29,3+0,13.45,81750,11625,0
2014-08-29,1+2,8.51,226981,35833,0
2014-08-29,2+1,7.92,660208,103422,0
2014-08-29,2+0,4.35,1229693,184260,0
2014-09-02,5+2,37624287.60,0,0,1
2014-09-02,5+1,508288.39,2,1,0
2014-09-02,5+0,48408.41,7,2,0
2014-09-02,4+2,6051.05,28,2,0
2014-09-02,4+1,249.58,594,81,0
2014-09-02,4+0,108.13,1371,191,0
2014-09-02,3+2,72.28,1465,186,0
2014-09-02,2+2,22.44,21698,2893,0
2014-09-02,3+1,15.42,30200,4437,0
2014-09-02,3+0,11.81,66334,9860,0
2014-09-02,1+2,11.53,119364,16219,0
2014-09-02,2+1,8.75,425838,62367,0
2014-09-02,2+0,4.23,900371,133010,0
2014-09-05,5+2,47592166.40,0,0,1
2014-09-05,5+1,299036.36,5,0,0
2014-09-05,5+0,38337.99,13,3,0
2014-09-05,4+2,2373.30,105,4,0
2014-09-05,4+1,148.23,1471,142,0
2014-09-05,4+0,71.28,3059,288,0
2014-09-05,3+2,55.72,2795,400,0
2014-09-05,2+2,17.31,41382,6527,0
2014-09-05,3+1,15.07,45467,6934,0
2014-09-05,3+0,13.26,86863,12093,0
2014-09-05,1+2,8.67,233497,36364,0
2014-09-05,2+1,8.19,669207,103398,0
2014-09-05,2+0,4.48,1249695,184622,0
2014-09-09,5+2,55073280.30,0,0,1
2014-09-09,5+1,187027.84,6,1,0
2014-09-09,5+0,26718.26,14,10,0
2014-09-09,4+2,4561.65,41,3,0
2014-09-09,4+1,195.98,835,97,0
2014-09-09,4+0,87.60,1868,276,0
2014-09-09,3+2,71.10,1644,201,0
2014-09-09,2+2,23.31,23058,2943,0
2014-09-09,3+1,13.94,36886,4905,0
2014-09-09,3+0,10.69,80856,10812,0
2014-09-09,1+2,13.15,115505,14877,0
2014-09-09,2+1,7.96,516528,71086,0
2014-09-09,2+0,3.68,1141827,159111,0
2014-09-12,5+2,66213887.60,0,0,1
2014-09-12,5+1,278515.18,6,0,0
2014-09-12,5+0,46419.19,12,1,0
2014-09-12,4+2,3815.27,73,8,0
2014-09-12,4+1,164.77,1479,193,0
2014-09-12,4+0,82.35,2959,433,0
2014-09-12,3+2,61.03,2852,328,0
2014-09-12,2+2,20.28,39483,4976,0
2014-09-12,3+1,12.68,60367,8168,0
2014-09-12,3+0,10.38,123981,17728,0
2014-09-12,1+2,11.68,193695,23093,0
2014-09-12,2+1,7.39,828392,113850,0
2014-09-12,2+0,3.69,1697521,250862,0
2014-09-16,5+2,74610474.80,0,0,1
2014-09-16,5+1,419829.36,3,0,0
2014-09-16,5+0,69971.56,6,0,0
2014-09-16,4+2,6173.96,34,2,0
2014-09-16,4+1,268.13,685,73,0
2014-09-16,4+0,141.94,1294,179,0
2014-09-16,3+2,69.45,1889,263,0
2014-09-16,2+2,19.83,30430,4352,0
2014-09-16,3+1,16.77,34412,4633,0
2014-09-16,3+0,14.63,66356,9204,0
2014-09-16,1+2,9.76,174727,24927,0
2014-09-16,2+1,8.40,549482,76096,0
2014-09-16,2+0,4.47,1055080,154435,0
2014-09-19,5+2,86732923.00,1,0,0
2014-09-19,5+1,909183.60,2,0,0
2014-09-19,5+0,35654.25,17,1,0
2014-09-19,4+2,4968.21,61,10,0
2014-09-19,4+1,251.11,1056,162,0
2014-09-19,4+0,127.79,2075,316,0
2014-09-19,3+2,61.06,3102,427,0
2014-09-19,2+2,18.06,48231,6518,0
2014-09-19,3+1,15.79,52762,7670,0
2014-09-19,3+0,13.57,103278,14574,0
2014-09-19,1+2,8.96,274542,37814,0
2014-09-19,2+1,8.42,791090,108771,0
2014-09-19,2+0,4.50,1513042,200233,0
2014-09-23,5+2,15000000.00,0,0,1
2014-09-23,5+1,357328.70,3,0,0
2014-09-23,5+0,178664.35,2,0,0
2014-09-23,4+2,4962.89,36,5,0
2014-09-23,4+1,190.88,819,106,0
2014-09-23,4+0,111.34,1404,197,0
2014-09-23,3+2,54.44,2051,225,0
2014-09-23,2+2,16.60,30940,3497,0
2014-09-23,3+1,13.11,37449,4557,0
2014-09-23,3+0,11.96,69045,9020,0
2014-09-23,1+2,9.28,156328,17623,0
2014-09-23,2+1,7.09,553710,70298,0
2014-09-23,2+0,3.88,1035453,139912,0
2014-09-26,5+2,25767849.90,0,0,1
2014-09-26,5+1,269196.24,6,0,0
2014-09-26,5+0,107678.49,5,0,0
2014-09-26,4+2,5278.35,51,2,0
2014-09-26,4+1,229.13,1028,116,0
2014-09-26,4+0,110.12,2139,316,0
2014-09-26,3+2,75.85,2218,355,0
2014-09-26,2+2,24.41,31705,3865,0
2014-09-26,3+1,16.02,46193,6395,0
2014-09-26,3+0,12.77,97471,14399,0
2014-09-26,1+2,12.29,177830,22087,0
2014-09-26,2+1,8.62,686451,91462,0
2014-09-26,2+0,4.25,1422846,199615,0
2014-09-30,5+2,32929188.00,1,0,0
2014-09-30,5+1,134275.08,8,1,0
2014-09-30,5+0,59677.81,6,0,0
2014-09-30,4+2,1598.51,112,12,0
2014-09-30,4+1,115.95,1351,236,0
2014-09-30,4+0,73.27,2138,385,0
2014-09-30,3+2,25.91,4318,713,0
2014-09-30,2+2,10.66,48279,8325,0
2014-09-30,3+1,9.35,52607,8751,0
2014-09-30,3+0,10.05,82385,12812,0
2014-09-30,1+2,6.48,224154,37128,0
2014-09-30,2+1,6.40,614986,96683,0
2014-09-30,2+0,4.06,992024,142726,0
2014-10-03,5+2,100000000.00,0,0,1
2014-10-03,5+1,296615.86,9,1,0
2014-10-03,5+0,46834.08,19,4,0
2014-10-03,4+2,4683.40,95,21,0
2014-10-03,4+1,209.64,1857,276,0
2014-10-03,4+0,95.25,4087,647,0
2014-10-03,3+2,59.90,4642,623,0
2014-10-03,2+2,19.40,65915,8770,0
2014-10-03,3+1,14.15,86458,11892,0
2014-10-03,3+0,11.56,177992,23482,0
2014-10-03,1+2,10.88,332182,41531,0
2014-10-03,2+1,7.82,1251070,167337,0
2014-10-03,2+0,3.90,2566565,321397,0
2014-10-07,5+2,112118981.10,0,0,1
2014-10-07,5+1,454461.79,4,1,0
2014-10-07,5+0,46611.46,13,0,0
2014-10-07,4+2,4522.00,67,10,0
2014-10-07,4+1,188.81,1404,235,0
2014-10-07,4+0,90.47,2930,560,0
2014-10-07,3+2,61.60,3074,392,0
2014-10-07,2+2,20.02,43499,5571,0
2014-10-07,3+1,13.81,60294,9291,0
2014-10-07,3+0,11.13,125890,19530,0
2014-10-07,1+2,11.01,223572,27366,0
2014-10-07,2+1,7.82,851366,120426,0
2014-10-07,2+0,3.85,1767466,248476,0
2014-10-10,5+2,129467188.10,0,0,1
2014-10-10,5+1,371747.29,7,2,0
2014-10-10,5+0,78855.48,11,2,0
2014-10-10,4+2,6473.21,67,8,0
2014-10-10,4+1,282.15,1345,123,0
2014-10-10,4+0,135.62,2798,266,0
2014-10-10,3+2,85.24,3180,376,0
2014-10-10,2+2,26.06,47840,5047,0
2014-10-10,3+1,17.97,66359,7400,0
2014-10-10,3+0,14.60,137363,15688,0
2014-10-10,1+2,13.68,257481,28421,0
2014-10-10,2+1,9.34,1020716,120544,0
2014-10-10,2+0,4.52,2156795,265910,0
2014-10-14,5+2,143635159.30,0,0,1
2014-10-14,5+1,708398.56,3,0,0
2014-10-14,5+0,41670.50,17,0,0
2014-10-14,4+2,1967.77,180,39,0
2014-10-14,4+1,158.36,1957,378,0
2014-10-14,4+0,86.16,3597,696,0
2014-10-14,3+2,34.41,6432,1089,0
2014-10-14,2+2,11.63,87493,12667,0
2014-10-14,3+1,12.07,80675,11200,0
2014-10-14,3+0,10.90,150241,20575,0
2014-10-14,1+2,6.70,429212,60030,0
2014-10-14,2+1,7.09,1098027,138944,0
2014-10-14,2+0,3.94,2021311,255614,0
2014-10-17,5+2,164013957.70,0,0,1
2014-10-17,5+1,764204.94,4,0,0
2014-10-17,5+0,59937.64,17,0,0
2014-10-17,4+2,5660.77,90,12,0
2014-10-17,4+1,254.44,1752,232,0
2014-10-17,4+0,117.43,3796,452,0
2014-10-17,3+2,79.38,4011,492,0
2014-10-17,2+2,24.70,59285,6543,0
2014-10-17,3+1,16.86,83057,10477,0
2014-10-17,3+0,13.34,176565,22306,0
2014-10-17,1+2,12.76,324314,35429,0
2014-10-17,2+1,9.21,1216920,145690,0
2014-10-17,2+0,4.31,2654977,331279,0
2014-10-21,5+2,181778808.00,0,0,1
2014-10-21,5+1,333090.94,8,0,0
2014-10-21,5+0,44412.12,20,3,0
2014-10-21,4+2,4827.40,92,11,0
2014-10-21,4+1,233.25,1666,218,0
2014-10-21,4+0,108.00,3598,510,0
2014-10-21,3+2,69.98,3966,430,0
2014-10-21,2+2,21.62,59049,6621,0
2014-10-21,3+1,15.35,79529,10989,0
2014-10-21,3+0,12.05,170385,25075,0
2014-10-21,1+2,11.56,311905,34499,0
2014-10-21,2+1,8.27,1180081,162423,0
2014-10-21,2+0,3.96,2518160,365261,0
2014-10-24,5+2,190000000.00,1,1,0
2014-10-24,5+1,2174634.31,9,0,0
2014-10-24,5+0,50349.45,24,2,0
2014-10-24,4+2,4110.15,147,19,0
2014-10-24,4+1,202.01,2617,341,0
2014-10-24,4+0,92.76,5699,723,0
2014-10-24,3+2,59.45,6351,717,0
2014-10-24,2+2,19.54,88855,9860,0
2014-10-24,3+1,14.44,115019,13280,0
2014-10-24,3+0,11.53,242327,29239,0
2014-10-24,1+2,10.65,460652,51494,0
2014-10-24,2+1,8.03,1654248,194511,0
2014-10-24,2+0,3.93,3450472,424958,0
2014-10-28,5+2,15000000.00,1,0,0
2014-10-28,5+1,556193.59,2,0,0
2014-10-28,5+0,52970.81,7,2,0
2014-10-28,4+2,5010.75,37,7,0
2014-10-28,4+1,222.83,728,106,0
2014-10-28,4+0,109.02,1488,264,0
2014-10-28,3+2,74.66,1552,241,0
2014-10-28,2+2,21.60,24674,3946,0
2014-10-28,3+1,15.80,32263,5226,0
2014-10-28,3+0,12.99,65960,11546,0
2014-10-28,1+2,11.70,128733,19107,0
2014-10-28,2+1,8.09,504141,82477,0
2014-10-28,2+0,4.10,1016735,171296,0
2014-10-31,5+2,15000000.00,0,0,1
2014-10-31,5+1,355794.26,5,1,0
2014-10-31,5+0,59299.04,10,4,0
2014-10-31,4+2,3369.26,88,17,0
2014-10-31,4+1,160.24,1619,348,0
2014-10-31,4+0,85.31,3041,637,0
2014-10-31,3+2,44.04,4207,766,0
2014-10-31,2+2,14.33,59447,9662,0
2014-10-31,3+1,12.43,65557,11568,0
2014-10-31,3+0,11.16,122853,20262,0
2014-10-31,1+2,8.38,287234,42019,0
2014-10-31,2+1,7.15,911202,142815,0
2014-10-31,2+0,3.95,1687614,247890,0
2014-11-04,5+2,22206693.70,0,0,1
2014-11-04,5+1,180167.34,6,0,0
2014-11-04,5+0,32757.69,11,2,0
2014-11-04,4+2,1838.44,98,27,0
2014-11-04,4+1,118.17,1334,244,0
2014-11-04,4+0,68.60,2298,394,0
2014-11-04,3+2,31.98,3520,790,0
2014-11-04,2+2,11.63,44519,9717,0
2014-11-04,3+1,9.89,50062,8838,0
2014-11-04,3+0,9.81,84941,13048,0
2014-11-04,1+2,7.08,206660,42773,0
2014-11-04,2+1,6.34,624396,106113,0
2014-11-04,2+0,3.80,1064043,159274,0
2014-11-07,5+2,16506235.00,2,0,0
2014-11-07,5+1,540288.80,3,0,0
2014-11-07,5+0,41560.67,13,4,0
2014-11-07,4+2,6282.42,43,3,0
2014-11-07,4+1,242.18,976,102,0
2014-11-07,4+0,93.98,2515,292,0
2014-11-07,3+2,90.09,1874,215,0
2014-11-07,2+2,27.34,28407,3368,0
2014-11-07,3+1,17.76,41816,5240,0
2014-11-07,3+0,12.15,102769,13893,0
2014-11-07,1+2,14.48,151524,18074,0
2014-11-07,2+1,9.74,610112,82767,0
2014-11-07,2+0,4.02,1509164,230093,0
2014-11-11,5+2,15000000.00,0,0,1
2014-11-11,5+1,0.00,0,0,0
2014-11-11,5+0,186683.77,7,0,0
2014-11-11,4+2,4804.36,34,3,0
2014-11-11,4+1,232.40,615,77,0
2014-11-11,4+0,117.63,1215,162,0
2014-11-11,3+2,76.18,1340,191,0
2014-11-11,2+2,23.37,20089,2879,0
2014-11-11,3+1,16.14,27820,3921,0
2014-11-11,3+0,13.40,56355,8873,0
2014-11-11,1+2,12.11,109548,15374,0
2014-11-11,2+1,8.74,411040,61435,0
2014-11-11,2+0,4.40,835186,135281,0
2014-11-14,5+2,25319128.90,0,0,1
2014-11-14,5+1,515956.44,3,0,0
2014-11-14,5+0,257978.22,2,0,0
2014-11-14,4+2,3793.79,68,10,0
2014-11-14,4+1,257.09,878,117,0
2014-11-14,4+0,138.14,1634,189,0
2014-11-14,3+2,50.75,3177,521,0
2014-11-14,2+2,15.70,47219,8688,0
2014-11-14,3+1,16.24,43666,6253,0
2014-11-14,3+0,14.90,80065,10106,0
2014-11-14,1+2,7.91,264968,50818,0
2014-11-14,2+1,8.68,653827,100832,0
2014-11-14,2+0,4.86,1192701,161509,0
2014-11-18,5+2,32415733.70,0,0,1
2014-11-18,5+1,354830.24,3,0,0
2014-11-18,5+0,70966.04,5,0,0
2014-11-18,4+2,5913.83,30,4,0
2014-11-18,4+1,292.35,531,65,0
2014-11-18,4+0,121.27,1280,238,0
2014-11-18,3+2,83.93,1321,192,0
2014-11-18,2+2,26.03,19593,2429,0
2014-11-18,3+1,17.65,27634,3582,0
2014-11-18,3+0,12.35,66411,10422,0
2014-11-18,1+2,13.49,106784,13932,0
2014-11-18,2+1,9.16,426013,58242,0
2014-11-18,2+0,4.00,996555,150503,0
2014-11-21,5+2,43061335.60,0,0,1
2014-11-21,5+1,1596840.28,1,0,0
2014-11-21,5+0,106456.01,5,0,0
2014-11-21,4+2,6653.50,40,7,0
2014-11-21,4+1,224.78,1036,147,0
2014-11-21,4+0,95.67,2434,304,0
2014-11-21,3+2,63.82,2606,349,0
2014-11-21,2+2,20.37,37548,5585,0
2014-11-21,3+1,14.90,49109,7099,0
2014-11-21,3+0,11.52,106810,14300,0
2014-11-21,1+2,10.95,197324,30781,0
2014-11-21,2+1,7.95,735568,109803,0
2014-11-21,2+0,3.80,1575650,220602,0
2014-11-25,5+2,51208489.20,0,0,1
2014-11-25,5+1,244414.60,5,1,0
2014-11-25,5+0,81471.53,5,0,0
2014-11-25,4+2,4073.57,50,6,0
2014-11-25,4+1,206.03,865,102,0
2014-11-25,4+0,91.91,1939,247,0
2014-11-25,3+2,61.67,2064,241,0
2014-11-25,2+2,19.40,30173,3801,0
2014-11-25,3+1,14.71,38057,4504,0
2014-11-25,3+0,11.16,84391,10814,0
2014-11-25,1+2,10.39,159250,21296,0
2014-11-25,2+1,8.17,548168,70608,0
2014-11-25,2+0,3.81,1201875,163122,0
2014-11-28,5+2,64238835.80,0,0,1
2014-11-28,5+1,279221.71,7,2,0
2014-11-28,5+0,31024.63,21,6,0
2014-11-28,4+2,4935.73,66,9,0
2014-11-28,4+1,187.77,1518,216,0
2014-11-28,4+0,76.19,3741,646,0
2014-11-28,3+2,71.33,2854,246,0
2014-11-28,2+2,24.09,38862,3854,0
2014-11-28,3+1,14.70,60906,7994,0
2014-11-28,3+0,10.37,145156,22795,0
2014-11-28,1+2,13.19,200567,19274,0
2014-11-28,2+1,8.37,855798,104823,0
2014-11-28,2+0,3.70,1979978,284707,0
2014-12-02,5+2,72971665.00,1,0,0
2014-12-02,5+1,436641.42,3,1,0
2014-12-02,5+0,0.00,0,0,0
2014-12-02,4+2,13645.04,48,7,0
2014-12-02,4+1,221.61,862,95,0
2014-12-02,4+0,108.91,1754,211,0
2014-12-02,3+2,57.57,2370,294,0
2014-12-02,2+2,18.25,34375,4806,0
2014-12-02,3+1,15.39,38991,5136,0
2014-12-02,3+0,12.62,79959,10686,0
2014-12-02,1+2,9.99,177463,23844,0
2014-12-02,2+1,8.23,583555,78596,0
2014-12-02,2+0,4.10,1196634,165248,0
2014-12-05,5+2,15000000.00,0,0,1
2014-12-05,5+1,758715.93,2,0,0
2014-12-05,5+0,126452.65,4,0,0
2014-12-05,4+2,7025.14,36,6,0
2014-12-05,4+1,269.53,821,75,0
2014-12-05,4+0,137.96,1604,169,0
2014-12-05,3+2,82.71,1911,232,0
2014-12-05,2+2,23.37,31103,3951,0
2014-12-05,3+1,17.14,40571,5172,0
2014-12-05,3+0,15.39,75983,9110,0
2014-12-05,1+2,11.61,176843,24971,0
2014-12-05,2+1,8.16,681712,90991,0
2014-12-05,2+0,4.64,1225471,156490,0
2014-12-09,5+2,21823076.40,0,0,1
2014-12-09,5+1,1023461.47,1,0,0
2014-12-09,5+0,68230.76,5,0,0
2014-12-09,4+2,5016.96,34,1,0
2014-12-09,4+1,334.65,446,53,0
2014-12-09,4+0,146.32,1020,149,0
2014-12-09,3+2,97.27,1096,144,0
2014-12-09,2+2,27.67,17721,2139,0
2014-12-09,3+1,19.63,23892,3021,0
2014-12-09,3+0,14.75,53484,7181,0
2014-12-09,1+2,13.76,100680,13032,0
2014-12-09,2+1,9.73,385352,49478,0
2014-12-09,2+0,4.33,884400,124162,0
2014-12-12,5+2,32170283.80,0,0,1
2014-12-12,5+1,517360.36,3,0,0
2014-12-12,5+0,73908.62,7,0,0
2014-12-12,4+2,3643.38,71,14,0
2014-12-12,4+1,226.34,1000,151,0
2014-12-12,4+0,108.92,2078,352,0
2014-12-12,3+2,53.07,3046,417,0
2014-12-12,2+2,16.83,44177,5974,0
2014-12-12,3+1,15.44,46067,6397,0
2014-12-12,3+0,12.58,95031,13838,0
2014-12-12,1+2,8.86,237171,33346,0
2014-12-12,2+1,8.47,671240,91197,0
2014-12-12,2+0,4.21,1382018,199349,0
2014-12-16,5+2,39580687.00,1,0,0
2014-12-16,5+1,222312.08,5,0,0
2014-12-16,5+0,33683.64,11,2,0
2014-12-16,4+2,1414.19,131,22,0
2014-12-16,4+1,85.81,1889,341,0
2014-12-16,4+0,44.08,3677,546,0
2014-12-16,3+2,25.73,4500,767,0
2014-12-16,2+2,10.54,50500,8493,0
2014-12-16,3+1,7.98,63772,9884,0
2014-12-16,3+0,7.03,121819,17399,0
2014-12-16,1+2,6.87,219081,37490,0
2014-12-16,2+1,5.83,698421,105864,0
2014-12-16,2+0,3.22,1291897,178324,0
2014-12-19,5+2,15000000.00,1,0,0
2014-12-19,5+1,294307.30,5,1,0
2014-12-19,5+0,98102.43,5,2,0
2014-12-19,4+2,3955.74,62,17,0
2014-12-19,4+1,242.21,886,120,0
2014-12-19,4+0,125.86,1705,188,0
2014-12-19,3+2,47.07,3256,539,0
2014-12-19,2+2,14.49,48648,8669,0
2014-12-19,3+1,14.96,45083,6510,0
2014-12-19,3+0,13.61,83322,10599,0
2014-12-19,1+2,7.47,266585,49525,0
2014-12-19,2+1,7.99,674959,103279,0
2014-12-19,2+0,4.47,1233604,164115,0
2014-12-23,5+2,15000000.00,0,0,1
2014-12-23,5+1,372069.34,3,0,0
2014-12-23,5+0,37206.93,10,0,0
2014-12-23,4+2,5637.41,33,4,0
2014-12-23,4+1,212.78,765,86,0
2014-12-23,4+0,85.40,1906,204,0
2014-12-23,3+2,71.07,1636,172,0
2014-12-23,2+2,22.53,23735,2730,0
2014-12-23,3+1,14.31,35738,4610,0
2014-12-23,3+0,10.08,85341,11174,0
2014-12-23,1+2,12.11,124761,14580,0
2014-12-23,2+1,8.20,499057,67746,0
2014-12-23,2+0,3.66,1143644,159903,0
2014-12-26,5+2,25234535.00,1,0,0
2014-12-26,5+1,139561.82,11,1,0
2014-12-26,5+0,34115.11,15,3,0
2014-12-26,4+2,7310.38,35,4,0
2014-12-26,4+1,214.23,1045,151,0
2014-12-26,4+0,128.81,1738,229,0
2014-12-26,3+2,72.82,2196,259,0
2014-12-26,2+2,22.42,32804,4066,0
2014-12-26,3+1,15.41,45631,6519,0
2014-12-26,3+0,14.07,84049,11242,0
2014-12-26,1+2,11.66,178200,22511,0
2014-12-26,2+1,7.70,730726,103314,0
2014-12-26,2+0,4.38,1312313,171147,0
2014-12-30,5+2,15000000.00,1,0,0
2014-12-30,5+1,275335.56,4,0,0
2014-12-30,5+0,61185.68,6,1,0
2014-12-30,4+2,3399.20,54,11,0
2014-12-30,4+1,241.88,664,87,0
2014-12-30,4+0,117.66,1365,193,0
2014-12-30,3+2,76.12,1507,262,0
2014-12-30,2+2,24.68,21379,3369,0
2014-12-30,3+1,17.39,29025,4410,0
2014-12-30,3+0,13.87,61188,8963,0
2014-12-30,1+2,13.15,113404,17509,0
2014-12-30,2+1,9.09,443968,69498,0
2014-12-30,2+0,4.29,960988,149139,0
2015-01-02,5+2,15000000.00,0,0,1
2015-01-02,5+1,668437.94,2,0,0
2015-01-02,5+0,55703.16,8,2,0
2015-01-02,4+2,6962.89,32,1,0
2015-01-02,4+1,209.41,931,120,0
2015-01-02,4+0,120.12,1623,201,0
2015-01-02,3+2,57.97,2402,326,0
2015-01-02,2+2,17.14,37366,5224,0
2015-01-02,3+1,15.06,40662,5059,0
2015-01-02,3+0,13.28,77541,9704,0
2015-01-02,1+2,8.72,207538,32203,0
2015-01-02,2+1,7.87,622176,88426,0
2015-01-02,2+0,4.17,1200654,165610,0
2015-01-06,5+2,21570077.10,0,0,1
2015-01-06,5+1,492755.78,2,0,0
2015-01-06,5+0,82125.96,4,0,0
2015-01-06,4+2,5663.85,29,5,0
2015-01-06,4+1,239.53,600,90,0
2015-01-06,4+0,125.84,1142,160,0
2015-01-06,3+2,70.89,1448,200,0
2015-01-06,2+2,22.20,21263,3040,0
2015-01-06,3+1,15.61,28931,4002,0
2015-01-06,3+0,13.88,54724,7566,0
2015-01-06,1+2,11.62,114773,16320,0
2015-01-06,2+1,8.19,440858,65325,0
2015-01-06,2+0,4.46,828184,122602,0
2015-01-09,5+2,31666941.00,1,0,0
2015-01-09,5+1,302905.89,5,0,0
2015-01-09,5+0,50484.31,10,3,0
2015-01-09,4+2,6472.34,39,3,0
2015-01-09,4+1,243.51,907,124,0
2015-01-09,4+0,91.41,2416,413,0
2015-01-09,3+2,76.58,2060,258,0
2015-01-09,2+2,24.24,29935,3870,0
2015-01-09,3+1,17.69,39229,5320,0
2015-01-09,3+0,11.49,101548,16070,0
2015-01-09,1+2,12.42,165018,21260,0
2015-01-09,2+1,9.66,574762,78034,0
2015-01-09,2+0,3.88,1461447,223605,0
2015-01-13,5+2,15000000.00,0,0,1
2015-01-13,5+1,263770.15,4,2,0
2015-01-13,5+0,23446.23,15,7,0
2015-01-13,4+2,4884.63,36,6,0
2015-01-13,4+1,190.19,809,150,0
2015-01-13,4+0,77.55,1984,488,0
2015-01-13,3+2,83.00,1324,167,0
2015-01-13,2+2,27.14,18623,2307,0
2015-01-13,3+1,14.77,32735,4728,0
2015-01-13,3+0,10.46,77710,12740,0
2015-01-13,1+2,14.42,99023,11599,0
2015-01-13,2+1,8.51,454594,59677,0
2015-01-13,2+0,3.77,1048814,150224,0
2015-01-16,5+2,25492643.80,0,0,1
2015-01-16,5+1,786948.28,2,0,0
2015-01-16,5+0,104926.43,5,0,0
2015-01-16,4+2,5581.19,47,7,0
2015-01-16,4+1,274.22,837,91,0
2015-01-16,4+0,145.26,1580,184,0
2015-01-16,3+2,69.38,2363,326,0
2015-01-16,2+2,20.06,37582,5067,0
2015-01-16,3+1,18.44,39113,5069,0
2015-01-16,3+0,16.17,74997,9497,0
2015-01-16,1+2,9.27,229674,31260,0
2015-01-16,2+1,9.31,619515,81752,0
2015-01-16,2+0,5.01,1176301,148341,0
2015-01-20,5+2,16269652.00,2,1,0
2015-01-20,5+1,352332.99,3,1,0
2015-01-20,5+0,88083.24,4,0,0
2015-01-20,4+2,4194.44,42,12,0
2015-01-20,4+1,231.10,667,118,0
2015-01-20,4+0,108.62,1419,223,0
2015-01-20,3+2,78.98,1394,192,0
2015-01-20,2+2,26.45,19147,2572,0
2015-01-20,3+1,16.82,28793,4579,0
2015-01-20,3+0,13.02,62536,9738,0
2015-01-20,1+2,13.87,103188,13302,0
2015-01-20,2+1,9.54,406028,58114,0
2015-01-20,2+0,4.39,901263,129870,0
2015-01-23,5+2,15000000.00,0,0,1
2015-01-23,5+1,1422697.05,1,0,0
2015-01-23,5+0,67747.47,7,2,0
2015-01-23,4+2,7648.90,31,3,0
2015-01-23,4+1,256.77,808,112,0
2015-01-23,4+0,134.46,1543,219,0
2015-01-23,3+2,74.96,1977,257,0
2015-01-23,2+2,22.32,30536,3960,0
2015-01-23,3+1,17.34,37596,5279,0
2015-01-23,3+0,13.91,78810,11106,0
2015-01-23,1+2,11.29,170598,22437,0
2015-01-23,2+1,8.87,587559,83618,0
2015-01-23,2+0,4.37,1218116,173972,0
2015-01-27,5+2,21715116.00,1,0,0
2015-01-27,5+1,503633.64,2,1,0
2015-01-27,5+0,67151.15,5,0,0
2015-01-27,4+2,5595.92,30,1,0
2015-01-27,4+1,247.29,594,92,0
2015-01-27,4+0,113.16,1298,215,0
2015-01-27,3+2,80.15,1309,201,0
2015-01-27,2+2,23.72,20343,2761,0
2015-01-27,3+1,15.94,28960,4495,0
2015-01-27,3+0,12.07,64278,9722,0
2015-01-27,1+2,13.03,104605,14522,0
2015-01-27,2+1,8.65,426499,62831,0
2015-01-27,2+0,3.90,966968,144537,0
2015-01-30,5+2,7500000.00,2,0,0
2015-01-30,5+1,258356.42,6,2,0
2015-01-30,5+0,32294.50,16,2,0
2015-01-30,4+2,2348.69,110,16,0
2015-01-30,4+1,124.48,1816,272,0
2015-01-30,4+0,69.64,3246,380,0
2015-01-30,3+2,40.20,4016,536,0
2015-01-30,2+2,13.70,54178,7461,0
2015-01-30,3+1,10.23,69435,9579,0
2015-01-30,3+0,9.40,127017,15737,0
2015-01-30,1+2,8.05,260529,38135,0
2015-01-30,2+1,6.42,885136,120803,0
2015-01-30,2+0,3.56,1629723,204744,0
2015-02-03,5+2,15000000.00,1,0,0
2015-02-03,5+1,242909.65,4,0,0
2015-02-03,5+0,35986.61,9,1,0
2015-02-03,4+2,5223.86,31,4,0
2015-02-03,4+1,210.85,672,101,0
2015-02-03,4+0,102.97,1376,175,0
2015-02-03,3+2,60.31,1678,273,0
2015-02-03,2+2,21.18,21973,3017,0
2015-02-03,3+1,14.38,30961,4596,0
2015-02-03,3+0,12.69,58994,8509,0
2015-02-03,1+2,11.89,110590,14209,0
2015-02-03,2+1,8.27,430696,61754,0
2015-02-03,2+0,4.22,862061,128459,0
2015-02-06,5+2,15000000.00,0,0,1
2015-02-06,5+1,469666.20,3,1,0
2015-02-06,5+0,39138.85,12,8,0
2015-02-06,4+2,5591.26,42,8,0
2015-02-06,4+1,216.29,950,195,0
2015-02-06,4+0,116.28,1767,355,0
2015-02-06,3+2,70.73,2075,295,0
2015-02-06,2+2,22.48,30031,4101,0
2015-02-06,3+1,13.87,46529,7992,0
2015-02-06,3+0,12.27,88449,15509,0
2015-02-06,1+2,11.76,162141,20858,0
2015-02-06,2+1,7.89,654030,100696,0
2015-02-06,2+0,4.54,1162433,174248,0
2015-02-10,5+2,21653155.80,0,0,1
2015-02-10,5+1,997973.37,1,0,0
2015-02-10,5+0,83164.44,4,1,0
2015-02-10,4+2,5365.44,31,7,0
2015-02-10,4+1,188.03,774,108,0
2015-02-10,4+0,83.64,1740,299,0
2015-02-10,3+2,76.55,1358,203,0
2015-02-10,2+2,24.69,19362,2722,0
2015-02-10,3+1,13.51,33841,4906,0
2015-02-10,3+0,10.35,74269,11411,0
2015-02-10,1+2,14.10,95823,12563,0
2015-02-10,2+1,7.98,458549,65078,0
2015-02-10,2+0,3.65,1024075,154547,0
2015-02-13,5+2,33327953.90,0,0,1
2015-02-13,5+1,291869.95,6,0,0
2015-02-13,5+0,72967.48,8,0,0
2015-02-13,4+2,4946.94,59,2,0
2015-02-13,4+1,190.16,1343,113,0
2015-02-13,4+0,87.01,2935,261,0
2015-02-13,3+2,80.18,2275,217,0
2015-02-13,2+2,25.46,32950,3215,0
2015-02-13,3+1,14.84,54073,5792,0
2015-02-13,3+0,11.55,116791,12049,0
2015-02-13,1+2,13.41,176764,18650,0
2015-02-13,2+1,8.55,750170,88570,0
2015-02-13,2+0,4.09,1604420,183431,0
2015-02-17,5+2,40422819.50,0,0,1
2015-02-17,5+1,1064229.84,1,1,0
2015-02-17,5+0,88685.82,4,0,0
2015-02-17,4+2,6334.70,28,1,0
2015-02-17,4+1,229.92,675,55,0
2015-02-17,4+0,95.56,1624,132,0
2015-02-17,3+2,86.27,1285,125,0
2015-02-17,2+2,26.46,19267,1960,0
2015-02-17,3+1,16.73,29148,2893,0
2015-02-17,3+0,11.41,71888,7755,0
2015-02-17,1+2,14.14,101904,10969,0
2015-02-17,2+1,9.19,424280,47895,0
2015-02-17,2+0,3.83,1039472,124124,0
2015-02-20,5+2,51125124.40,0,0,1
2015-02-20,5+1,321069.14,5,1,0
2015-02-20,5+0,107023.04,5,0,0
2015-02-20,4+2,3567.43,75,15,0
2015-02-20,4+1,230.88,1014,129,0
2015-02-20,4+0,135.48,1728,218,0
2015-02-20,3+2,48.68,3435,413,0
2015-02-20,2+2,14.80,51968,6311,0
2015-02-20,3+1,14.75,49876,6587,0
2015-02-20,3+0,14.02,88250,12043,0
2015-02-20,1+2,8.11,268043,32969,0
2015-02-20,2+1,7.83,750900,99704,0
2015-02-20,2+0,4.47,1344640,186560,0
2015-02-24,5+2,58852109.10,0,0,1
2015-02-24,5+1,386349.23,3,0,0
2015-02-24,5+0,128783.07,3,0,0
2015-02-24,4+2,4953.19,39,6,0
2015-02-24,4+1,270.44,625,83,0
2015-02-24,4+0,127.76,1323,199,0
2015-02-24,3+2,68.83,1754,268,0
2015-02-24,2+2,20.82,26671,3917,0
2015-02-24,3+1,17.57,30222,4451,0
2015-02-24,3+0,12.51,71389,10751,0
2015-02-24,1+2,11.48,136604,19038,0
2015-02-24,2+1,9.29,457036,66525,0
2015-02-24,2+0,3.92,1108190,170428,0
2015-02-27,5+2,71791059.20,0,0,1
2015-02-27,5+1,485210.62,4,1,0
2015-02-27,5+0,49765.19,13,3,0
2015-02-27,4+2,5391.22,60,6,0
2015-02-27,4+1,197.92,1430,163,0
2015-02-27,4+0,88.92,3183,403,0
2015-02-27,3+2,77.81,2598,223,0
2015-02-27,2+2,25.13,37006,3852,0
2015-02-27,3+1,14.48,61419,7186,0
2015-02-27,3+0,10.73,139313,17857,0
2015-02-27,1+2,13.55,193946,20380,0
2015-02-27,2+1,8.19,867885,99532,0
2015-02-27,2+0,3.73,1949773,244892,0
2015-03-03,5+2,81055081.90,0,0,1
2015-03-03,5+1,81741.37,17,1,0
2015-03-03,5+0,35630.85,13,2,0
2015-03-03,4+2,2316.00,100,13,0
2015-03-03,4+1,96.13,2108,315,0
2015-03-03,4+0,62.70,3232,431,0
2015-03-03,3+2,43.50,3327,462,0
2015-03-03,2+2,17.00,39162,4910,0
2015-03-03,3+1,8.91,71475,10667,0
2015-03-03,3+0,9.02,118646,17407,0
2015-03-03,1+2,10.55,178334,22146,0
2015-03-03,2+1,5.98,851115,119747,0
2015-03-03,2+0,3.58,1454084,203802,0
2015-03-06,5+2,100000000.00,1,1,0
2015-03-06,5+1,315070.43,9,0,0
2015-03-06,5+0,94521.13,10,1,0
2015-03-06,4+2,5694.04,83,7,0
2015-03-06,4+1,238.75,1732,163,0
2015-03-06,4+0,129.22,3200,339,0
2015-03-06,3+2,62.98,4690,492,0
2015-03-06,2+2,18.40,73809,7989,0
2015-03-06,3+1,16.17,80374,8887,0
2015-03-06,3+0,14.03,155735,18247,0
2015-03-06,1+2,8.72,440146,50312,0
2015-03-06,2+1,8.53,1218252,143418,0
2015-03-06,2+0,4.58,2321600,279598,0
2015-03-10,5+2,15000000.00,0,0,1
2015-03-10,5+1,207423.64,5,0,0
2015-03-10,5+0,115235.36,3,0,0
2015-03-10,4+2,4432.12,39,6,0
2015-03-10,4+1,189.29,799,109,0
2015-03-10,4+0,98.40,1537,193,0
2015-03-10,3+2,68.15,1585,183,0
2015-03-10,2+2,22.21,22369,2495,0
2015-03-10,3+1,13.99,33967,4427,0
2015-03-10,3+0,11.47,69657,9066,0
2015-03-10,1+2,12.04,116637,13128,0
2015-03-10,2+1,8.08,470214,64016,0
2015-03-10,2+0,3.88,1000577,134911,0
2015-03-13,5+2,27214552.00,0,0,1
2015-03-13,5+1,229022.85,8,1,0
2015-03-13,5+0,50893.96,12,1,0
2015-03-13,4+2,3470.04,88,4,0
2015-03-13,4+1,172.38,1550,165,0
2015-03-13,4+0,82.54,3237,353,0
2015-03-13,3+2,51.81,3683,439,0
2015-03-13,2+2,17.09,51366,6530,0
2015-03-13,3+1,12.11,69334,8671,0
2015-03-13,3+0,10.36,136247,15810,0
2015-03-13,1+2,9.89,250682,33665,0
2015-03-13,2+1,6.86,978562,128208,0
2015-03-13,2+0,3.58,1915498,239359,0
2015-03-17,5+2,34513299.80,0,0,1
2015-03-17,5+1,273703.04,4,0,0
2015-03-17,5+0,21466.90,17,0,0
2015-03-17,4+2,4678.68,39,4,0
2015-03-17,4+1,170.57,936,134,0
2015-03-17,4+0,71.78,2224,309,0
2015-03-17,3+2,61.51,1854,203,0
2015-03-17,2+2,20.40,25707,3191,0
2015-03-17,3+1,13.32,37659,5384,0
2015-03-17,3+0,10.16,83013,12129,0
2015-03-17,1+2,11.12,133311,17652,0
2015-03-17,2+1,7.87,509724,71576,0
2015-03-17,2+0,3.80,1077921,153982,0
2015-03-20,5+2,45351002.20,0,0,1
2015-03-20,5+1,270942.56,6,0,0
2015-03-20,5+0,77412.16,7,1,0
2015-03-20,4+2,5210.43,52,2,0
2015-03-20,4+1,266.07,891,98,0
2015-03-20,4+0,118.30,2004,227,0
2015-03-20,3+2,87.78,1929,189,0
2015-03-20,2+2,27.47,28355,3164,0
2015-03-20,3+1,18.91,39389,4566,0
2015-03-20,3+0,13.29,94242,11685,0
2015-03-20,1+2,14.20,154979,17777,0
2015-03-20,2+1,10.00,595541,72086,0
2015-03-20,2+0,4.20,1448592,191879,0
2015-03-24,5+2,52905388.40,0,0,1
2015-03-24,5+1,566578.96,2,0,0
2015-03-24,5+0,75543.86,5,0,0
2015-03-24,4+2,4721.49,40,8,0
2015-03-24,4+1,220.04,751,164,0
2015-03-24,4+0,101.00,1636,375,0
2015-03-24,3+2,72.90,1619,216,0
2015-03-24,2+2,22.72,23896,3444,0
2015-03-24,3+1,16.21,32028,5479,0
2015-03-24,3+0,12.82,68113,12087,0
2015-03-24,1+2,12.17,126047,16736,0
2015-03-24,2+1,8.63,481089,76779,0
2015-03-24,2+0,4.15,1023032,163024,0
2015-03-27,5+2,65065693.10,0,0,1
2015-03-27,5+1,304007.61,6,2,0
2015-03-27,5+0,50667.93,12,1,0
2015-03-27,4+2,7795.06,39,4,0
2015-03-27,4+1,241.82,1100,174,0
2015-03-27,4+0,131.10,2029,237,0
2015-03-27,3+2,79.83,2380,260,0
2015-03-27,2+2,25.00,34954,3892,0
2015-03-27,3+1,17.66,47322,5846,0
2015-03-27,3+0,14.44,97352,11686,0
2015-03-27,1+2,13.07,188973,20763,0
2015-03-27,2+1,9.52,702397,82748,0
2015-03-27,2+0,4.42,1546602,197439,0
2015-03-31,5+2,73584056.00,1,0,0
2015-03-31,5+1,1277754.43,1,0,0
2015-03-31,5+0,47324.23,9,2,0
2015-03-31,4+2,4629.54,46,4,0
2015-03-31,4+1,192.89,966,123,0
2015-03-31,4+0,107.77,1729,174,0
2015-03-31,3+2,62.16,2141,257,0
2015-03-31,2+2,20.34,30100,4052,0
2015-03-31,3+1,13.18,44413,6138,0
2015-03-31,3+0,12.47,78956,10396,0
2015-03-31,1+2,11.39,151817,20678,0
2015-03-31,2+1,7.43,630538,88255,0
2015-03-31,2+0,4.20,1138462,150711,0
2015-04-03,5+2,15000000.00,0,0,1
2015-04-03,5+1,178696.82,8,1,0
2015-04-03,5+0,28030.87,17,5,0
2015-04-03,4+2,4862.49,49,7,0
2015-04-03,4+1,189.69,1099,132,0
2015-04-03,4+0,97.87,2130,269,0
2015-04-03,3+2,66.86,2227,269,0
2015-04-03,2+2,20.85,32850,4378,0
2015-04-03,3+1,15.32,42761,5414,0
2015-04-03,3+0,12.65,87087,12379,0
2015-04-03,1+2,10.72,180459,24564,0
2015-04-03,2+1,8.49,617085,80225,0
2015-04-03,2+0,4.41,1214408,166670,0
2015-04-07,5+2,21449918.00,1,0,0
2015-04-07,5+1,483743.78,2,1,0
2015-04-07,5+0,40311.98,8,2,0
2015-04-07,4+2,3224.95,50,13,0
2015-04-07,4+1,163.49,863,198,0
2015-04-07,4+0,110.22,1280,216,0
2015-04-07,3+2,44.45,2267,462,0
2015-04-07,2+2,14.24,32555,6158,0
2015-04-07,3+1,13.76,32211,5941,0
2015-04-07,3+0,13.59,54875,8711,0
2015-04-07,1+2,7.44,175961,33030,0
2015-04-07,2+1,7.86,451050,75364,0
2015-04-07,2+0,4.54,798955,116397,0
2015-04-10,5+2,15000000.00,0,0,1
2015-04-10,5+1,712500.62,2,0,0
2015-04-10,5+0,158333.47,3,0,0
2015-04-10,4+2,3492.65,68,11,0
2015-04-10,4+1,232.71,893,99,0
2015-04-10,4+0,137.44,1512,151,0
2015-04-10,3+2,51.07,2906,384,0
2015-04-10,2+2,14.35,47567,7527,0
2015-04-10,3+1,14.14,46188,5826,0
2015-04-10,3+0,13.32,82441,9753,0
2015-04-10,1+2,7.61,253374,44315,0
2015-04-10,2+1,7.33,712087,101103,0
2015-04-10,2+0,4.23,1261534,164089,0
2015-04-14,5+2,21697825.60,0,0,1
2015-04-14,5+1,502336.92,2,0,0
2015-04-14,5+0,111630.42,3,1,0
2015-04-14,4+2,5773.98,29,5,0
2015-04-14,4+1,291.86,502,69,0
2015-04-14,4+0,131.40,1115,138,0
2015-04-14,3+2,76.00,1377,160,0
2015-04-14,2+2,25.41,18941,2534,0
2015-04-14,3+1,18.05,25508,3132,0
2015-04-14,3+0,14.38,53837,6886,0
2015-04-14,1+2,12.89,105486,14824,0
2015-04-14,2+1,9.54,385807,51639,0
2015-04-14,2+0,4.64,811931,114345,0
2015-04-17,5+2,31605188.40,0,0,1
2015-04-17,5+1,495368.14,3,0,0
2015-04-17,5+0,165122.71,3,0,0
2015-04-17,4+2,7076.68,35,3,0
2015-04-17,4+1,292.47,741,93,0
2015-04-17,4+0,134.36,1613,204,0
2015-04-17,3+2,88.91,1741,242,0
2015-04-17,2+2,26.36,27014,3721,0
2015-04-17,3+1,18.04,37737,5106,0
2015-04-17,3+0,14.00,81808,11668,0
2015-04-17,1+2,13.55,148474,20468,0
2015-04-17,2+1,9.28,586946,83249,0
2015-04-17,2+0,4.28,1301618,183681,0
2015-04-21,5+2,39055475.50,0,0,1
2015-04-21,5+1,223508.61,5,2,0
2015-04-21,5+0,62085.72,6,0,0
2015-04-21,4+2,5173.81,36,2,0
2015-04-21,4+1,235.85,691,88,0
2015-04-21,4+0,104.53,1559,200,0
2015-04-21,3+2,71.81,1621,194,0
2015-04-21,2+2,21.04,25440,3242,0
2015-04-21,3+1,15.87,32264,4253,0
2015-04-21,3+0,12.54,68661,9311,0
2015-04-21,1+2,11.13,135952,16647,0
2015-04-21,2+1,8.48,483041,64759,0
2015-04-21,2+0,4.12,1016119,136491,0
2015-04-24,5+2,50731331.00,1,0,0
2015-04-24,5+1,437844.57,4,0,0
2015-04-24,5+0,38919.51,15,2,0
2015-04-24,4+2,4292.59,68,8,0
2015-04-24,4+1,205.14,1245,179,0
2015-04-24,4+0,97.52,2619,345,0
2015-04-24,3+2,65.71,2776,267,0
2015-04-24,2+2,21.54,38956,4252,0
2015-04-24,3+1,14.60,54964,7079,0
2015-04-24,3+0,11.60,116301,14454,0
2015-04-24,1+2,11.65,203402,22183,0
2015-04-24,2+1,8.28,774772,96897,0
2015-04-24,2+0,3.96,1656103,206829,0
2015-04-28,5+2,15000000.00,0,0,1
2015-04-28,5+1,241021.82,4,1,0
2015-04-28,5+0,107120.81,3,1,0
2015-04-28,4+2,6695.05,24,2,0
2015-04-28,4+1,269.85,521,59,0
2015-04-28,4+0,126.54,1111,162,0
2015-04-28,3+2,76.60,1311,147,0
2015-04-28,2+2,24.86,18581,2258,0
2015-04-28,3+1,16.58,26639,3523,0
2015-04-28,3+0,13.49,55082,8079,0
2015-04-28,1+2,12.95,100788,11857,0
2015-04-28,2+1,8.67,407376,54893,0
2015-04-28,2+0,4.33,834322,122550,0
2015-05-01,5+2,23963700.80,0,0,1
2015-05-01,5+1,192079.30,7,1,0
2015-05-01,5+0,29879.00,15,2,0
2015-05-01,4+2,10671.07,21,4,0
2015-05-01,4+1,217.38,902,101,0
2015-05-01,4+0,86.99,2254,299,0
2015-05-01,3+2,76.78,1824,182,0
2015-05-01,2+2,24.11,26713,3016,0
2015-05-01,3+1,15.05,40938,4786,0
2015-05-01,3+0,10.44,99217,12331,0
2015-05-01,1+2,12.89,141239,17265,0
2015-05-01,2+1,8.46,582331,74151,0
2015-05-01,2+0,3.60,1400139,189408,0
2015-05-05,5+2,30744734.40,0,0,1
2015-05-05,5+1,0.00,0,0,0
2015-05-05,5+0,339051.68,4,0,0
2015-05-05,4+2,5297.68,32,4,0
2015-05-05,4+1,182.67,812,121,0
2015-05-05,4+0,96.95,1530,233,0
2015-05-05,3+2,68.31,1551,193,0
2015-05-05,2+2,21.11,23085,3195,0
2015-05-05,3+1,13.11,35553,5097,0
2015-05-05,3+0,11.21,69937,10110,0
2015-05-05,1+2,11.63,118352,16275,0
2015-05-05,2+1,7.45,500560,73260,0
2015-05-05,2+0,3.94,966105,138270,0
2015-05-08,5+2,40655810.20,0,0,1
2015-05-08,5+1,495553.79,3,1,0
2015-05-08,5+0,35396.69,14,3,0
2015-05-08,4+2,5506.15,45,6,0
2015-05-08,4+1,218.99,990,126,0
2015-05-08,4+0,100.04,2167,265,0
2015-05-08,3+2,72.63,2132,229,0
2015-05-08,2+2,22.09,32240,3665,0
2015-05-08,3+1,15.07,45206,5326,0
2015-05-08,3+0,11.57,98992,11585,0
2015-05-08,1+2,12.05,167036,20724,0
2015-05-08,2+1,8.14,669201,86718,0
2015-05-08,2+0,3.84,1451459,183672,0
2015-05-12,5+2,47879234.00,1,0,0
2015-05-12,5+1,180585.59,6,0,0
2015-05-12,5+0,120390.39,3,0,0
2015-05-12,4+2,5016.26,36,7,0
2015-05-12,4+1,287.29,550,60,0
2015-05-12,4+0,137.28,1151,156,0
2015-05-12,3+2,57.08,1977,359,0
2015-05-12,2+2,19.02,27292,3868,0
2015-05-12,3+1,17.11,29024,4054,0
2015-05-12,3+0,14.67,56912,8103,0
2015-05-12,1+2,9.56,153411,21398,0
2015-05-12,2+1,8.69,456725,64877,0
2015-05-12,2+0,4.60,881884,122803,0
2015-05-15,5+2,15000000.00,0,0,1
2015-05-15,5+1,1349968.94,1,0,0
2015-05-15,5+0,112497.41,4,0,0
2015-05-15,4+2,6249.85,36,12,0
2015-05-15,4+1,284.90,691,88,0
2015-05-15,4+0,142.86,1378,156,0
2015-05-15,3+2,75.76,1856,263,0
2015-05-15,2+2,24.49,26409,3443,0
2015-05-15,3+1,17.03,36313,5042,0
2015-05-15,3+0,15.26,68154,8836,0
2015-05-15,1+2,12.32,148373,20527,0
2015-05-15,2+1,8.65,571622,81187,0
2015-05-15,2+0,4.74,1066477,142805,0
2015-05-19,5+2,21489110.40,0,0,1
2015-05-19,5+1,243341.64,4,0,0
2015-05-19,5+0,54075.92,6,0,0
2015-05-19,4+2,7373.98,22,3,0
2015-05-19,4+1,300.74,472,43,0
2015-05-19,4+0,146.94,966,119,0
2015-05-19,3+2,92.93,1091,134,0
2015-05-19,2+2,26.71,17459,2262,0
2015-05-19,3+1,20.16,22122,2633,0
2015-05-19,3+0,15.83,47390,5861,0
2015-05-19,1+2,13.21,99729,13731,0
2015-05-19,2+1,9.73,366744,48474,0
2015-05-19,2+0,4.56,798965,104609,0
2015-05-22,5+2,31141925.70,0,0,1
2015-05-22,5+1,723961.15,2,0,0
2015-05-22,5+0,80440.12,6,1,0
2015-05-22,4+2,6522.17,37,4,0
2015-05-22,4+1,236.98,891,106,0
2015-05-22,4+0,127.04,1662,196,0
2015-05-22,3+2,80.61,1871,266,0
2015-05-22,2+2,22.99,30168,4383,0
2015-05-22,3+1,16.71,39696,5554,0
2015-05-22,3+0,13.99,79741,10111,0
2015-05-22,1+2,12.16,161191,23170,0
2015-05-22,2+1,8.56,619643,89684,0
2015-05-22,2+0,4.37,1242187,162848,0
2015-05-26,5+2,37682171.00,1,0,0
2015-05-26,5+1,327012.22,3,0,0
2015-05-26,5+0,54502.03,6,0,0
2015-05-26,4+2,1513.94,108,18,0
2015-05-26,4+1,127.17,1125,163,0
2015-05-26,4+0,79.97,1789,244,0
2015-05-26,3+2,33.70,3032,417,0
2015-05-26,2+2,14.77,31811,4500,0
2015-05-26,3+1,9.69,46394,6759,0
2015-05-26,3+0,10.08,75007,9673,0
2015-05-26,1+2,10.14,130979,18508,0
2015-05-26,2+1,5.96,602988,90080,0
2015-05-26,2+0,3.65,1005578,133667,0
2015-05-29,5+2,15000000.00,0,0,1
2015-05-29,5+1,499345.31,3,0,0
2015-05-29,5+0,62418.16,8,0,0
2015-05-29,4+2,8609.40,29,1,0
2015-05-29,4+1,286.69,762,73,0
2015-05-29,4+0,141.67,1542,168,0
2015-05-29,3+2,71.97,2168,262,0
2015-05-29,2+2,20.52,34973,4375,0
2015-05-29,3+1,17.40,39444,4459,0
2015-05-29,3+0,14.76,78219,8719,0
2015-05-29,1+2,10.16,199657,26233,0
2015-05-29,2+1,8.59,639068,78836,0
2015-05-29,2+0,4.42,1269067,152374,0
2015-06-02,5+2,21811078.40,0,0,1
2015-06-02,5+1,510830.88,2,0,0
2015-06-02,5+0,68110.78,5,1,0
2015-06-02,4+2,4602.08,37,5,0
2015-06-02,4+1,203.26,733,85,0
2015-06-02,4+0,90.95,1638,196,0
2015-06-02,3+2,68.88,1545,173,0
2015-06-02,2+2,20.87,23447,2866,0
2015-06-02,3+1,14.90,31421,3840,0
2015-06-02,3+0,11.34,69388,8678,0
2015-06-02,1+2,11.09,124715,16029,0
2015-06-02,2+1,8.24,454533,59994,0
2015-06-02,2+0,3.94,972232,127698,0
2015-06-05,5+2,100000000.00,0,0,1
2015-06-05,5+1,293926.56,9,0,0
2015-06-05,5+0,88177.96,10,0,0
2015-06-05,4+2,6680.14,66,6,0
2015-06-05,4+1,275.16,1402,155,0
2015-06-05,4+0,131.48,2934,300,0
2015-06-05,3+2,60.86,4527,466,0
2015-06-05,2+2,18.92,66973,7949,0
2015-06-05,3+1,16.72,72488,7650,0
2015-06-05,3+0,13.41,152009,16582,0
2015-06-05,1+2,9.97,358960,43318,0
2015-06-05,2+1,8.51,1138617,129668,0
2015-06-05,2+0,4.14,2390942,279415,0
2015-06-09,5+2,112140114.50,0,0,1
2015-06-09,5+1,910508.59,2,0,0
2015-06-09,5+0,50583.81,12,3,0
2015-06-09,4+2,3570.62,85,11,0
2015-06-09,4+1,185.70,1430,166,0
2015-06-09,4+0,90.51,2934,400,0
2015-06-09,3+2,53.98,3514,535,0
2015-06-09,2+2,17.93,48664,6733,0
2015-06-09,3+1,13.25,62969,8770,0
2015-06-09,3+0,11.02,127296,16941,0
2015-06-09,1+2,9.94,248035,33076,0
2015-06-09,2+1,7.66,871055,115586,0
2015-06-09,2+0,3.87,1761649,228495,0
2015-06-12,5+2,129204405.00,1,0,0
2015-06-12,5+1,319955.44,8,1,0
2015-06-12,5+0,85321.45,10,0,0
2015-06-12,4+2,3496.78,122,12,0
2015-06-12,4+1,172.97,2158,239,0
2015-06-12,4+0,82.27,4537,479,0
2015-06-12,3+2,47.26,5641,523,0
2015-06-12,2+2,15.84,77391,8513,0
2015-06-12,3+1,12.10,96955,10085,0
2015-06-12,3+0,10.56,186751,20378,0
2015-06-12,1+2,8.93,387954,45018,0
2015-06-12,2+1,6.98,1344197,154237,0
2015-06-12,2+0,3.84,2496652,295668,0
2015-06-16,5+2,15000000.00,0,0,1
2015-06-16,5+1,1007623.00,1,0,0
2015-06-16,5+0,167937.16,2,1,0
2015-06-16,4+2,4798.20,35,0,0
2015-06-16,4+1,259.62,566,61,0
2015-06-16,4+0,129.35,1136,140,0
2015-06-16,3+2,64.47,1628,216,0
2015-06-16,2+2,17.38,27776,4044,0
2015-06-16,3+1,16.95,27234,3565,0
2015-06-16,3+0,14.54,53383,6846,0
2015-06-16,1+2,8.64,157768,23218,0
2015-06-16,2+1,8.19,450891,64473,0
2015-06-16,2+0,4.36,864826,119847,0
2015-06-19,5+2,24835107.00,1,0,0
2015-06-19,5+1,122938.82,12,1,0
2015-06-19,5+0,40979.60,12,0,0
2015-06-19,4+2,2762.67,89,9,0
2015-06-19,4+1,154.55,1392,148,0
2015-06-19,4+0,89.79,2396,232,0
2015-06-19,3+2,44.77,3432,446,0
2015-06-19,2+2,15.28,46248,6123,0
2015-06-19,3+1,12.62,53558,6533,0
2015-06-19,3+0,11.24,101126,11863,0
2015-06-19,1+2,8.43,236863,33743,0
2015-06-19,2+1,7.44,726684,96614,0
2015-06-19,2+0,4.05,1362921,172832,0
2015-06-23,5+2,15000000.00,0,0,1
2015-06-23,5+1,118789.92,8,0,0
2015-06-23,5+0,39596.64,8,0,0
2015-06-23,4+2,4949.58,32,8,0
2015-06-23,4+1,205.01,676,85,0
2015-06-23,4+0,99.70,1390,174,0
2015-06-23,3+2,61.44,1611,229,0
2015-06-23,2+2,19.22,23683,3291,0
2015-06-23,3+1,14.94,29142,3866,0
2015-06-23,3+0,12.46,58749,8299,0
2015-06-23,1+2,10.11,127279,17855,0
2015-06-23,2+1,8.23,423051,59650,0
2015-06-23,2+0,4.17,852783,124550,0
2015-06-26,5+2,25263266.00,1,1,0
2015-06-26,5+1,81025.78,19,1,0
2015-06-26,5+0,27008.59,19,5,0
2015-06-26,4+2,1688.03,152,20,0
2015-06-26,4+1,99.87,2248,285,0
2015-06-26,4+0,58.51,3837,454,0
2015-06-26,3+2,27.71,5787,783,0
2015-06-26,2+2,10.96,67297,9626,0
2015-06-26,3+1,9.28,75975,10193,0
2015-06-26,3+0,9.11,130123,16276,0
2015-06-26,1+2,6.67,312470,46323,0
2015-06-26,2+1,6.23,904661,120691,0
2015-06-26,2+0,3.74,1540206,191870,0
2015-06-30,5+2,15000000.00,0,0,1
2015-06-30,5+1,234718.80,4,0,0
2015-06-30,5+0,78239.60,4,1,0
2015-06-30,4+2,4741.79,33,4,0
2015-06-30,4+1,204.96,668,94,0
2015-06-30,4+0,101.04,1355,204,0
2015-06-30,3+2,66.57,1469,203,0
2015-06-30,2+2,20.76,21665,2850,0
2015-06-30,3+1,14.83,29007,4284,0
2015-06-30,3+0,11.83,61142,8906,0
2015-06-30,1+2,10.86,117039,15925,0
2015-06-30,2+1,8.21,419167,60909,0
2015-06-30,2+0,4.02,873735,126364,0
2015-07-03,5+2,24398281.60,0,0,1
2015-07-03,5+1,1409742.24,1,0,0
2015-07-03,5+0,58739.26,8,0,0
2015-07-03,4+2,4195.66,56,6,0
2015-07-03,4+1,207.87,989,113,0
2015-07-03,4+0,106.02,1939,215,0
2015-07-03,3+2,45.53,3225,416,0
2015-07-03,2+2,13.87,48674,6922,0
2015-07-03,3+1,12.92,50009,6529,0
2015-07-03,3+0,11.69,92946,11506,0
2015-07-03,1+2,7.71,247360,37457,0
2015-07-03,2+1,6.97,740648,103779,0
2015-07-03,2+0,3.85,1370056,185077,0
2015-07-07,5+2,31077433.20,0,0,1
2015-07-07,5+1,333957.58,3,2,0
2015-07-07,5+0,33395.75,10,3,0
2015-07-07,4+2,6679.15,25,3,0
2015-07-07,4+1,222.72,656,94,0
2015-07-07,4+0,96.05,1521,198,0
2015-07-07,3+2,69.99,1491,207,0
2015-07-07,2+2,22.23,21591,2686,0
2015-07-07,3+1,15.16,30288,4427,0
2015-07-07,3+0,11.74,65727,9276,0
2015-07-07,1+2,11.77,115185,14642,0
2015-07-07,2+1,8.19,448497,63908,0
2015-07-07,2+0,3.87,970241,135811,0
2015-07-10,5+2,40998254.00,1,0,0
2015-07-10,5+1,496041.00,3,1,0
2015-07-10,5+0,49604.10,10,3,0
2015-07-10,4+2,4769.62,52,6,0
2015-07-10,4+1,175.01,1240,199,0
2015-07-10,4+0,107.59,2017,301,0
2015-07-10,3+2,54.27,2856,442,0
2015-07-10,2+2,19.55,36467,5131,0
2015-07-10,3+1,11.11,61361,11143,0
2015-07-10,3+0,12.31,93125,13907,0
2015-07-10,1+2,10.53,191325,26941,0
2015-07-10,2+1,7.06,772206,128559,0
2015-07-10,2+0,4.29,1298084,186675,0
2015-07-14,5+2,15000000.00,0,0,1
2015-07-14,5+1,303065.55,3,1,0
2015-07-14,5+0,75766.38,4,0,0
2015-07-14,4+2,3294.19,46,3,0
2015-07-14,4+1,233.84,567,81,0
2015-07-14,4+0,120.64,1099,160,0
2015-07-14,3+2,65.63,1443,209,0
2015-07-14,2+2,20.31,21440,2966,0
2015-07-14,3+1,15.87,26247,3689,0
2015-07-14,3+0,12.90,54317,7642,0
2015-07-14,1+2,10.80,113904,16298,0
2015-07-14,2+1,8.42,395479,57270,0
2015-07-14,2+0,4.13,823937,118961,0
2015-07-17,5+2,24215184.30,0,0,1
2015-07-17,5+1,460759.21,3,0,0
2015-07-17,5+0,153586.40,3,0,0
2015-07-17,4+2,5759.49,40,4,0
2015-07-17,4+1,231.70,870,155,0
2015-07-17,4+0,133.76,1507,291,0
2015-07-17,3+2,65.68,2192,268,0
2015-07-17,2+2,18.31,36171,4594,0
2015-07-17,3+1,16.76,37794,5421,0
2015-07-17,3+0,15.10,70521,10401,0
2015-07-17,1+2,8.81,212281,28941,0
2015-07-17,2+1,8.24,614982,83628,0
2015-07-17,2+0,4.66,1112061,157313,0
2015-07-21,5+2,30754406.00,0,0,1
2015-07-21,5+1,0.00,0,0,0
2015-07-21,5+0,217974.05,6,0,0
2015-07-21,4+2,8604.23,19,0,0
2015-07-21,4+1,212.54,673,74,0
2015-07-21,4+0,95.87,1492,211,0
2015-07-21,3+2,69.17,1477,195,0
2015-07-21,2+2,22.46,20922,2611,0
2015-07-21,3+1,13.74,32707,4576,0
2015-07-21,3+0,11.34,66621,10507,0
2015-07-21,1+2,12.47,106452,13248,0
2015-07-21,2+1,7.81,460154,66358,0
2015-07-21,2+0,3.90,942249,146780,0
2015-07-24,5+2,40468528.00,1,0,0
2015-07-24,5+1,182139.76,8,0,0
2015-07-24,5+0,34693.28,14,1,0
2015-07-24,4+2,5059.43,48,9,0
2015-07-24,4+1,215.51,986,147,0
2015-07-24,4+0,99.99,2125,346,0
2015-07-24,3+2,64.26,2362,348,0
2015-07-24,2+2,21.83,31970,4469,0
2015-07-24,3+1,15.62,42752,7236,0
2015-07-24,3+0,12.63,88891,14566,0
2015-07-24,1+2,11.96,164891,21033,0
2015-07-24,2+1,8.66,616908,94480,0
2015-07-24,2+0,4.18,1304557,202932,0
2015-07-28,5+2,15000000.00,0,0,1
2015-07-28,5+1,306673.68,3,0,0
2015-07-28,5+0,43810.52,7,0,0
2015-07-28,4+2,5476.31,28,4,0
2015-07-28,4+1,222.50,603,74,0
2015-07-28,4+0,134.84,995,115,0
2015-07-28,3+2,76.91,1246,183,0
2015-07-28,2+2,23.68,18609,2396,0
2015-07-28,3+1,15.60,27029,3510,0
2015-07-28,3+0,14.93,47485,5915,0
2015-07-28,1+2,11.90,104659,14090,0
2015-07-28,2+1,8.37,403017,54133,0
2015-07-28,2+0,4.91,701406,94325,0
2015-07-31,5+2,24939216.00,1,0,0
2015-07-31,5+1,372720.57,4,0,0
2015-07-31,5+0,49696.07,10,1,0
2015-07-31,4+2,3944.13,63,8,0
2015-07-31,4+1,239.44,908,152,0
2015-07-31,4+0,131.53,1653,276,0
2015-07-31,3+2,66.16,2347,409,0
2015-07-31,2+2,19.83,36017,5782,0
2015-07-31,3+1,16.62,41102,7042,0
2015-07-31,3+0,14.41,79748,14179,0
2015-07-31,1+2,10.04,201015,29407,0
2015-07-31,2+1,8.62,633773,101873,0
2015-07-31,2+0,4.54,1229417,202021,0
2015-08-04,5+2,15000000.00,0,0,1
2015-08-04,5+1,458091.38,2,1,0
2015-08-04,5+0,43627.75,7,1,0
2015-08-04,4+2,6940.77,22,4,0
2015-08-04,4+1,230.75,579,112,0
2015-08-04,4+0,122.69,1089,195,0
2015-08-04,3+2,79.66,1198,195,0
2015-08-04,2+2,25.52,17196,2741,0
2015-08-04,3+1,16.18,25948,4808,0
2015-08-04,3+0,13.38,52755,9792,0
2015-08-04,1+2,13.99,88626,12810,0
2015-08-04,2+1,8.71,385410,65051,0
2015-08-04,2+0,4.23,811747,142393,0
2015-08-07,5+2,24090340.40,0,0,1
2015-08-07,5+1,1363551.07,1,0,0
2015-08-07,5+0,64931.00,7,1,0
2015-08-07,4+2,6684.07,34,2,0
2015-08-07,4+1,258.92,768,108,0
2015-08-07,4+0,117.04,1699,311,0
2015-08-07,3+2,83.69,1697,197,0
2015-08-07,2+2,25.70,25419,3297,0
2015-08-07,3+1,17.05,36640,5131,0
2015-08-07,3+0,12.09,86872,13988,0
2015-08-07,1+2,13.68,134976,17775,0
2015-08-07,2+1,8.89,561825,81816,0
2015-08-07,2+0,3.84,1330287,216109,0
2015-08-11,5+2,30648924.10,0,0,1
2015-08-11,5+1,163964.59,6,1,0
2015-08-11,5+0,36436.57,9,2,0
2015-08-11,4+2,4554.57,36,6,0
2015-08-11,4+1,191.80,748,81,0
2015-08-11,4+0,71.41,2009,272,0
2015-08-11,3+2,77.69,1319,144,0
2015-08-11,2+2,24.46,19272,2560,0
2015-08-11,3+1,13.48,33438,4273,0
2015-08-11,3+0,9.42,80463,11845,0
2015-08-11,1+2,13.50,98665,13473,0
2015-08-11,2+1,8.18,440790,62918,0
2015-08-11,2+0,3.43,1073765,169444,0
2015-08-14,5+2,40297743.00,1,0,0
2015-08-14,5+1,206760.39,7,0,0
2015-08-14,5+0,68920.13,7,2,0
2015-08-14,4+2,5243.92,46,6,0
2015-08-14,4+1,270.25,781,86,0
2015-08-14,4+0,133.08,1586,189,0
2015-08-14,3+2,55.71,2706,484,0
2015-08-14,2+2,13.10,52937,11580,0
2015-08-14,3+1,15.60,42501,6331,0
2015-08-14,3+0,14.19,78591,10612,0
2015-08-14,1+2,7.14,274294,57782,0
2015-08-14,2+1,7.56,701848,112386,0
2015-08-14,2+0,4.39,1235579,176518,0
2015-08-18,5+2,15000000.00,0,0,1
2015-08-18,5+1,226425.66,4,0,0
2015-08-18,5+0,25158.40,12,0,0
2015-08-18,4+2,2067.81,73,9,0
2015-08-18,4+1,107.38,1230,154,0
2015-08-18,4+0,53.80,2455,304,0
2015-08-18,3+2,35.76,2638,282,0
2015-08-18,2+2,13.56,31987,3958,0
2015-08-18,3+1,8.81,47085,6271,0
2015-08-18,3+0,7.87,88671,11901,0
2015-08-18,1+2,8.88,138070,18986,0
2015-08-18,2+1,5.91,561734,80503,0
2015-08-18,2+0,3.23,1050964,150897,0
2015-08-21,5+2,23986424.00,0,0,1
2015-08-21,5+1,224660.60,6,1,0
2015-08-21,5+0,56165.15,8,0,0
2015-08-21,4+2,5479.52,41,4,0
2015-08-21,4+1,258.31,761,106,0
2015-08-21,4+0,118.92,1653,209,0
2015-08-21,3+2,84.89,1654,216,0
2015-08-21,2+2,25.51,25318,3308,0
2015-08-21,3+1,18.46,33467,4329,0
2015-08-21,3+0,13.68,75930,10179,0
2015-08-21,1+2,13.07,139614,18228,0
2015-08-21,2+1,9.59,515122,69562,0
2015-08-21,2+0,4.23,1192195,169367,0
2015-08-25,5+2,30507122.00,1,0,0
2015-08-25,5+1,489052.34,2,0,0
2015-08-25,5+0,163017.44,2,0,0
2015-08-25,4+2,5094.29,32,10,0
2015-08-25,4+1,268.62,531,67,0
2015-08-25,4+0,133.55,1068,148,0
2015-08-25,3+2,63.59,1602,259,0
2015-08-25,2+2,17.51,26751,4643,0
2015-08-25,3+1,16.03,27962,4387,0
2015-08-25,3+0,14.48,52047,7845,0
2015-08-25,1+2,8.52,155305,28468,0
2015-08-25,2+1,8.20,437062,71804,0
2015-08-25,2+0,4.59,798272,120400,0
2015-08-28,5+2,15000000.00,1,0,0
2015-08-28,5+1,353872.68,4,1,0
2015-08-28,5+0,157276.74,3,0,0
2015-08-28,4+2,3521.12,67,4,0
2015-08-28,4+1,245.16,842,94,0
2015-08-28,4+0,132.74,1555,163,0
2015-08-28,3+2,50.30,2931,362,0
2015-08-28,2+2,15.39,44050,5183,0
2015-08-28,3+1,14.88,43582,5304,0
2015-08-28,3+0,13.54,80552,10341,0
2015-08-28,1+2,8.16,234686,28009,0
2015-08-28,2+1,7.88,657972,82610,0
2015-08-28,2+0,4.34,1221965,166123,0
2015-09-01,5+2,15000000.00,0,0,1
2015-09-01,5+1,303314.44,3,0,0
2015-09-01,5+0,75828.61,4,0,0
2015-09-01,4+2,3990.97,38,1,0
2015-09-01,4+1,180.29,736,99,0
2015-09-01,4+0,90.95,1459,183,0
2015-09-01,3+2,54.82,1729,254,0
2015-09-01,2+2,17.75,24564,3633,0
2015-09-01,3+1,13.18,31637,4756,0
2015-09-01,3+0,10.51,66699,9779,0
2015-09-01,1+2,10.00,123122,17904,0
2015-09-01,2+1,7.65,436055,67062,0
2015-09-01,2+0,3.73,913079,138683,0
2015-09-04,5+2,24335145.60,0,0,1
2015-09-04,5+1,466757.28,3,0,0
2015-09-04,5+0,51861.92,9,0,0
2015-09-04,4+2,5186.19,45,11,0
2015-09-04,4+1,233.37,875,144,0
2015-09-04,4+0,112.82,1810,328,0
2015-09-04,3+2,74.57,1956,314,0
2015-09-04,2+2,24.35,27553,4039,0
2015-09-04,3+1,15.49,41415,6883,0
2015-09-04,3+0,11.93,90468,15013,0
2015-09-04,1+2,12.80,148111,19915,0
2015-09-04,2+1,8.47,606107,94704,0
2015-09-04,2+0,3.93,1335364,210944,0
2015-09-08,5+2,30904640.00,1,0,0
2015-09-08,5+1,328474.68,3,2,0
2015-09-08,5+0,82118.67,4,1,0
2015-09-08,4+2,5474.57,30,3,0
2015-09-08,4+1,269.11,534,56,0
2015-09-08,4+0,126.17,1139,149,0
2015-09-08,3+2,78.23,1312,166,0
2015-09-08,2+2,23.58,20020,2633,0
2015-09-08,3+1,18.20,24812,3355,0
2015-09-08,3+0,14.63,51892,7556,0
2015-09-08,1+2,11.99,111252,14597,0
2015-09-08,2+1,9.40,384077,52935,0
2015-09-08,2+0,4.50,819515,125381,0
2015-09-11,5+2,15000000.00,0,0,1
2015-09-11,5+1,190674.56,7,3,0
2015-09-11,5+0,111226.83,4,1,0
2015-09-11,4+2,3133.15,71,11,0
2015-09-11,4+1,200.04,973,168,0
2015-09-11,4+0,101.22,1923,299,0
2015-09-11,3+2,48.12,2889,441,0
2015-09-11,2+2,15.90,40214,6141,0
2015-09-11,3+1,13.74,44496,6669,0
2015-09-11,3+0,11.45,89840,13641,0
2015-09-11,1+2,9.31,193953,27834,0
2015-09-11,2+1,7.65,639525,94085,0
2015-09-11,2+0,3.80,1316622,200564,0
2015-09-15,5+2,21398749.40,0,0,1
2015-09-15,5+1,159968.73,6,0,0
2015-09-15,5+0,39992.18,8,0,0
2015-09-15,4+2,3554.86,45,6,0
2015-09-15,4+1,205.53,681,84,0
2015-09-15,4+0,122.14,1146,129,0
2015-09-15,3+2,38.48,2598,396,0
2015-09-15,2+2,12.38,37129,6390,0
2015-09-15,3+1,13.28,33120,4662,0
2015-09-15,3+0,12.99,56952,6899,0
2015-09-15,1+2,6.94,187082,33622,0
2015-09-15,2+1,7.26,484230,70762,0
2015-09-15,2+0,4.23,850317,107006,0
2015-09-18,5+2,30788012.40,0,0,1
2015-09-18,5+1,704194.72,2,1,0
2015-09-18,5+0,78243.85,6,1,0
2015-09-18,4+2,6344.09,37,5,0
2015-09-18,4+1,244.80,839,101,0
2015-09-18,4+0,145.46,1412,159,0
2015-09-18,3+2,67.76,2165,304,0
2015-09-18,2+2,20.73,32544,4358,0
2015-09-18,3+1,14.47,44608,6576,0
2015-09-18,3+0,14.16,76655,10362,0
2015-09-18,1+2,10.90,174925,23604,0
2015-09-18,2+1,7.27,710040,104453,0
2015-09-18,2+0,4.45,1185018,163455,0
2015-09-22,5+2,37424463.30,0,0,1
2015-09-22,5+1,331822.54,3,0,0
2015-09-22,5+0,25524.81,13,0,0
2015-09-22,4+2,4608.64,36,2,0
2015-09-22,4+1,160.05,907,132,0
2015-09-22,4+0,79.32,1830,247,0
2015-09-22,3+2,55.30,1875,255,0
2015-09-22,2+2,21.76,21915,2711,0
2015-09-22,3+1,12.56,36324,5033,0
2015-09-22,3+0,10.22,75026,11471,0
2015-09-22,1+2,12.13,111094,13354,0
2015-09-22,2+1,7.47,488041,67243,0
2015-09-22,2+0,3.71,1004568,150988,0
2015-09-25,5+2,47772431.00,1,0,0
2015-09-25,5+1,388048.77,4,0,0
2015-09-25,5+0,86233.06,6,0,0
2015-09-25,4+2,2811.94,92,12,0
2015-09-25,4+1,194.80,1162,126,0
2015-09-25,4+0,98.89,2289,220,0
2015-09-25,3+2,42.92,3767,469,0
2015-09-25,2+2,14.16,52512,7062,0
2015-09-25,3+1,13.19,53922,6131,0
2015-09-25,3+0,11.18,106969,12426,0
2015-09-25,1+2,7.95,264106,37954,0
2015-09-25,2+1,7.38,771174,99024,0
2015-09-25,2+0,3.81,1524509,194460,0
2015-09-29,5+2,15000000.00,1,1,0
2015-09-29,5+1,198039.50,5,0,0
2015-09-29,5+0,36673.98,9,2,0
2015-09-29,4+2,2292.12,72,10,0
2015-09-29,4+1,160.09,902,124,0
2015-09-29,4+0,80.80,1787,264,0
2015-09-29,3+2,43.17,2389,331,0
2015-09-29,2+2,14.43,32880,4358,0
2015-09-29,3+1,12.47,36376,4816,0
2015-09-29,3+0,11.24,67897,9266,0
2015-09-29,1+2,8.09,165578,22338,0
2015-09-29,2+1,7.30,497321,65025,0
2015-09-29,2+0,4.05,914887,114307,0
2015-10-02,5+2,15000000.00,1,0,0
2015-10-02,5+1,104310.13,14,4,0
2015-10-02,5+0,34770.04,14,6,0
2015-10-02,4+2,4270.00,57,5,0
2015-10-02,4+1,163.06,1306,202,0
2015-10-02,4+0,70.84,3006,508,0
2015-10-02,3+2,69.11,2201,278,0
2015-10-02,2+2,23.33,29987,3394,0
2015-10-02,3+1,13.24,50531,7036,0
2015-10-02,3+0,9.50,118462,17561,0
2015-10-02,1+2,12.99,152159,16858,0
2015-10-02,2+1,8.27,646910,83341,0
2015-10-02,2+0,3.72,1468932,201007,0
2015-10-06,5+2,15000000.00,0,0,1
2015-10-06,5+1,309701.60,3,0,0
2015-10-06,5+0,30970.16,10,1,0
2015-10-06,4+2,5339.68,29,5,0
2015-10-06,4+1,193.56,700,122,0
2015-10-06,4+0,90.14,1503,268,0
2015-10-06,3+2,58.44,1656,207,0
2015-10-06,2+2,19.04,23382,2973,0
2015-10-06,3+1,13.43,31700,4865,0
2015-10-06,3+0,10.69,66943,10513,0
2015-10-06,1+2,10.55,119192,15702,0
2015-10-06,2+1,7.74,439724,63636,0
2015-10-06,2+0,3.79,917868,131440,0
2015-10-09,5+2,24386728.60,0,0,1
2015-10-09,5+1,1408009.29,1,0,0
2015-10-09,5+0,78222.73,6,0,0
2015-10-09,4+2,7822.27,30,4,0
2015-10-09,4+1,326.44,629,74,0
2015-10-09,4+0,151.87,1352,154,0
2015-10-09,3+2,89.81,1633,193,0
2015-10-09,2+2,27.74,24316,2998,0
2015-10-09,3+1,21.23,30395,3773,0
2015-10-09,3+0,17.15,63257,7873,0
2015-10-09,1+2,13.68,139376,17628,0
2015-10-09,2+1,10.68,483049,60121,0
2015-10-09,2+0,5.15,1024163,130599,0
2015-10-13,5+2,15439214.00,2,0,0
2015-10-13,5+1,973754.68,1,0,0
2015-10-13,5+0,36064.98,9,0,0
2015-10-13,4+2,4636.92,35,6,0
2015-10-13,4+1,185.14,767,118,0
2015-10-13,4+0,87.65,1620,241,0
2015-10-13,3+2,76.03,1334,179,0
2015-10-13,2+2,24.77,18836,2421,0
2015-10-13,3+1,14.12,31597,4638,0
2015-10-13,3+0,11.08,67695,9772,0
2015-10-13,1+2,13.38,98485,12775,0
2015-10-13,2+1,8.13,438890,62842,0
2015-10-13,2+0,3.88,938809,133435,0
2015-10-16,5+2,15000000.00,0,0,1
2015-10-16,5+1,672570.79,2,0,0
2015-10-16,5+0,448380.52,1,0,0
2015-10-16,4+2,5337.86,42,2,0
2015-10-16,4+1,268.72,730,84,0
2015-10-16,4+0,119.25,1645,178,0
2015-10-16,3+2,72.04,1945,198,0
2015-10-16,2+2,22.76,28313,3170,0
2015-10-16,3+1,16.28,37850,4287,0
2015-10-16,3+0,12.74,81344,9165,0
2015-10-16,1+2,11.93,152561,18338,0
2015-10-16,2+1,8.57,575082,71761,0
2015-10-16,2+0,4.04,1246368,153667,0
2015-10-20,5+2,21280289.60,0,0,1
2015-10-20,5+1,471021.72,2,0,0
2015-10-20,5+0,22429.60,14,1,0
2015-10-20,4+2,5607.40,28,3,0
2015-10-20,4+1,200.55,685,107,0
2015-10-20,4+0,91.95,1494,223,0
2015-10-20,3+2,65.15,1506,209,0
2015-10-20,2+2,22.14,20380,2731,0
2015-10-20,3+1,14.24,30320,4477,0
2015-10-20,3+0,10.72,67719,9836,0
2015-10-20,1+2,12.36,103167,13804,0
2015-10-20,2+1,8.25,418344,59621,0
2015-10-20,2+0,3.72,948557,136427,0
2015-10-23,5+2,30630411.80,0,0,1
2015-10-23,5+1,467506.11,3,0,0
2015-10-23,5+0,66786.58,7,1,0
2015-10-23,4+2,3246.57,72,5,0
2015-10-23,4+1,237.27,862,94,0
2015-10-23,4+0,111.22,1839,200,0
2015-10-23,3+2,48.42,3017,368,0
2015-10-23,2+2,15.40,43635,6144,0
2015-10-23,3+1,14.93,43039,5387,0
2015-10-23,3+0,12.46,86704,11041,0
2015-10-23,1+2,7.95,238767,36837,0
2015-10-23,2+1,7.98,644261,85920,0
2015-10-23,2+0,4.11,1277633,167015,0
2015-10-27,5+2,37252483.20,0,0,1
2015-10-27,5+1,0.00,0,0,0
2015-10-27,5+0,147157.14,9,0,0
2015-10-27,4+2,3850.04,43,1,0
2015-10-27,4+1,197.89,732,82,0
2015-10-27,4+0,105.65,1371,117,0
2015-10-27,3+2,52.79,1960,222,0
2015-10-27,2+2,16.79,28335,3553,0
2015-10-27,3+1,13.66,33313,3991,0
2015-10-27,3+0,11.80,64846,7860,0
2015-10-27,1+2,9.38,143347,19408,0
2015-10-27,2+1,7.51,484966,62723,0
2015-10-27,2+0,3.93,947171,124133,0
2015-10-30,5+2,47542339.20,0,0,1
2015-10-30,5+1,192934.80,8,0,0
2015-10-30,5+0,46772.07,11,4,0
2015-10-30,4+2,3572.86,72,7,0
2015-10-30,4+1,121.08,1859,391,0
2015-10-30,4+0,62.89,3579,730,0
2015-10-30,3+2,51.41,3127,497,0
2015-10-30,2+2,18.26,40500,5137,0
2015-10-30,3+1,9.96,70989,11463,0
2015-10-30,3+0,9.92,119843,20168,0
2015-10-30,1+2,10.45,199968,24293,0
2015-10-30,2+1,6.43,879197,124931,0
2015-10-30,2+0,3.78,1528544,222519,0
2015-11-03,5+2,55033448.00,0,0,1
2015-11-03,5+1,374555.44,3,0,0
2015-11-03,5+0,93638.86,4,0,0
2015-11-03,4+2,4355.29,43,5,0
2015-11-03,4+1,233.09,703,103,0
2015-11-03,4+0,120.04,1365,177,0
2015-11-03,3+2,61.60,1900,294,0
2015-11-03,2+2,19.30,27897,4068,0
2015-11-03,3+1,16.59,31026,4522,0
2015-11-03,3+0,13.66,63383,9456,0
2015-11-03,1+2,9.50,160055,24566,0
2015-11-03,2+1,8.89,462953,64329,0
2015-11-03,2+0,4.45,945595,137216,0
2015-11-06,5+2,100000000.00,0,0,1
2015-11-06,5+1,328233.57,8,1,0
2015-11-06,5+0,58352.63,15,2,0
2015-11-06,4+2,4420.65,99,10,0
2015-11-06,4+1,205.88,1860,312,0
2015-11-06,4+0,88.93,4306,932,0
2015-11-06,3+2,73.05,3744,446,0
2015-11-06,2+2,23.46,53611,5990,0
2015-11-06,3+1,15.64,76936,10798,0
2015-11-06,3+0,11.62,174064,29038,0
2015-11-06,1+2,12.68,280354,30629,0
2015-11-06,2+1,8.70,1106167,145789,0
2015-11-06,2+0,3.97,2480331,370945,0
2015-11-10,5+2,111997290.20,0,0,1
2015-11-10,5+1,449898.38,4,0,0
2015-11-10,5+0,66651.61,9,0,0
2015-11-10,4+2,4614.34,65,14,0
2015-11-10,4+1,201.72,1301,167,0
2015-11-10,4+0,105.60,2485,325,0
2015-11-10,3+2,46.67,4016,566,0
2015-11-10,2+2,15.26,56501,8188,0
2015-11-10,3+1,14.41,57202,7716,0
2015-11-10,3+0,12.23,113401,15517,0
2015-11-10,1+2,8.28,294157,45609,0
2015-11-10,2+1,7.92,833139,114070,0
2015-11-10,2+0,4.06,1661907,226608,0
2015-11-13,5+2,130868296.30,0,0,1
2015-11-13,5+1,566130.18,5,0,0
2015-11-13,5+0,52419.46,18,1,0
2015-11-13,4+2,2859.24,165,27,0
2015-11-13,4+1,192.53,2144,323,0
2015-11-13,4+0,98.21,4203,491,0
2015-11-13,3+2,45.09,6538,1052,0
2015-11-13,2+2,14.47,93702,15610,0
2015-11-13,3+1,13.89,93404,13603,0
2015-11-13,3+0,11.99,181843,24495,0
2015-11-13,1+2,7.94,482173,75711,0
2015-11-13,2+1,7.70,1347905,193704,0
2015-11-13,2+0,4.00,2651614,364221,0
2015-11-17,5+2,144587699.50,0,0,1
2015-11-17,5+1,1028955.24,2,0,0
2015-11-17,5+0,76218.90,9,0,0
2015-11-17,4+2,6351.57,54,5,0
2015-11-17,4+1,257.16,1167,124,0
2015-11-17,4+0,108.73,2760,368,0
2015-11-17,3+2,73.53,2915,350,0
2015-11-17,2+2,22.84,43168,5432,0
2015-11-17,3+1,17.04,55345,6378,0
2015-11-17,3+0,11.12,142610,17908,0
2015-11-17,1+2,12.12,229746,31158,0
2015-11-17,2+1,9.21,818871,97574,0
2015-11-17,2+0,3.64,2119579,288473,0
2015-11-20,5+2,163553041.00,1,1,0
2015-11-20,5+1,355600.14,8,0,0
2015-11-20,5+0,118533.38,8,1,0
2015-11-20,4+2,5782.11,82,10,0
2015-11-20,4+1,273.47,1517,184,0
2015-11-20,4+0,137.46,3018,367,0
2015-11-20,3+2,75.69,3915,486,0
2015-11-20,2+2,23.13,58928,7161,0
2015-11-20,3+1,17.00,76686,9746,0
2015-11-20,3+0,15.25,143708,17201,0
2015-11-20,1+2,11.28,341517,44152,0
2015-11-20,2+1,8.64,1206195,159203,0
2015-11-20,2+0,4.81,2214422,279398,0
2015-11-24,5+2,15000000.00,0,0,1
2015-11-24,5+1,360953.02,3,2,0
2015-11-24,5+0,32813.91,11,1,0
2015-11-24,4+2,6223.32,29,2,0
2015-11-24,4+1,236.04,669,79,0
2015-11-24,4+0,74.62,2116,314,0
2015-11-24,3+2,73.96,1525,236,0
2015-11-24,2+2,24.58,21105,3010,0
2015-11-24,3+1,17.02,29160,3861,0
2015-11-24,3+0,9.03,92421,15069,0
2015-11-24,1+2,13.14,111558,15357,0
2015-11-24,2+1,9.48,418681,53896,0
2015-11-24,2+0,3.29,1231587,188502,0
2015-11-27,5+2,26179692.10,0,0,1
2015-11-27,5+1,279492.30,6,2,0
2015-11-27,5+0,139746.15,4,0,0
2015-11-27,4+2,5480.24,51,4,0
2015-11-27,4+1,230.93,1059,147,0
2015-11-27,4+0,124.90,1958,226,0
2015-11-27,3+2,66.82,2614,315,0
2015-11-27,2+2,19.74,40704,5876,0
2015-11-27,3+1,16.24,47307,6342,0
2015-11-27,3+0,14.16,91267,11675,0
2015-11-27,1+2,10.13,224070,32459,0
2015-11-27,2+1,8.43,728793,100972,0
2015-11-27,2+0,4.47,1405667,188333,0
2015-12-01,5+2,33518353.20,0,0,1
2015-12-01,5+1,137599.89,8,4,0
2015-12-01,5+0,24462.20,15,8,0
2015-12-01,4+2,2184.12,84,24,0
2015-12-01,4+1,53.83,2982,743,0
2015-12-01,4+0,22.49,7136,1669,0
2015-12-01,3+2,71.71,1599,242,0
2015-12-01,2+2,23.99,21986,3327,0
2015-12-01,3+1,15.78,31970,5484,0
2015-12-01,3+0,11.88,71395,11988,0
2015-12-01,1+2,12.46,119550,16804,0
2015-12-01,2+1,9.12,442121,67825,0
2015-12-01,2+0,4.15,992606,150157,0
2015-12-04,5+2,44266152.90,0,0,1
2015-12-04,5+1,322433.99,5,3,0
2015-12-04,5+0,44782.49,12,3,0
2015-12-04,4+2,2770.05,97,17,0
2015-12-04,4+1,145.48,1616,280,0
2015-12-04,4+0,64.69,3634,649,0
2015-12-04,3+2,49.89,3366,457,0
2015-12-04,2+2,16.44,46973,6518,0
2015-12-04,3+1,11.70,63112,10359,0
2015-12-04,3+0,9.71,127874,22734,0
2015-12-04,1+2,9.81,222423,27814,0
2015-12-04,2+1,7.04,839364,125445,0
2015-12-04,2+0,3.71,1627033,260526,0
2015-12-08,5+2,51436264.30,0,0,1
2015-12-08,5+1,153645.24,7,2,0
2015-12-08,5+0,59750.92,6,1,0
2015-12-08,4+2,4979.24,36,1,0
2015-12-08,4+1,203.43,771,112,0
2015-12-08,4+0,92.75,1691,235,0
2015-12-08,3+2,72.23,1551,193,0
2015-12-08,2+2,23.35,22068,3110,0
2015-12-08,3+1,15.05,32738,4446,0
2015-12-08,3+0,11.43,72476,9884,0
2015-12-08,1+2,12.57,115827,16992,0
2015-12-08,2+1,8.44,466958,66130,0
2015-12-08,2+0,3.86,1042751,150708,0
2015-12-11,5+2,62650169.60,0,0,1
2015-12-11,5+1,841042.89,2,0,0
2015-12-11,5+0,56069.52,10,2,0
2015-12-11,4+2,7008.69,40,8,0
2015-12-11,4+1,250.05,981,125,0
2015-12-11,4+0,107.68,2278,358,0
2015-12-11,3+2,77.18,2270,260,0
2015-12-11,2+2,24.78,32520,3827,0
2015-12-11,3+1,16.64,46327,6738,0
2015-12-11,3+0,11.92,108715,17138,0
2015-12-11,1+2,13.13,173412,20517,0
2015-12-11,2+1,8.81,699462,101366,0
2015-12-11,2+0,3.86,1631715,251719,0
2015-12-15,5+2,71034372.40,0,0,1
2015-12-15,5+1,419210.14,3,0,0
2015-12-15,5+0,32246.93,13,3,0
2015-12-15,4+2,4192.10,50,14,0
2015-12-15,4+1,156.62,1171,221,0
2015-12-15,4+0,62.04,2956,593,0
2015-12-15,3+2,65.37,2004,326,0
2015-12-15,2+2,22.96,26245,3638,0
2015-12-15,3+1,12.58,45793,7215,0
2015-12-15,3+0,9.00,107675,18636,0
2015-12-15,1+2,12.98,131148,17235,0
2015-12-15,2+1,7.89,584027,83734,0
2015-12-15,2+0,3.47,1357462,213355,0
2015-12-18,5+2,83228800.00,1,0,0
2015-12-18,5+1,457291.02,4,1,0
2015-12-18,5+0,67746.81,9,2,0
2015-12-18,4+2,4550.15,67,13,0
2015-12-18,4+1,207.42,1286,199,0
2015-12-18,4+0,118.97,2242,288,0
2015-12-18,3+2,60.04,3173,460,0
2015-12-18,2+2,18.63,47033,6923,0
2015-12-18,3+1,13.53,61931,9259,0
2015-12-18,3+0,13.42,105026,13939,0
2015-12-18,1+2,10.29,240702,34971,0
2015-12-18,2+1,7.38,908022,139014,0
2015-12-18,2+0,4.36,1572255,211516,0
2015-12-22,5+2,15000000.00,0,0,1
2015-12-22,5+1,221867.16,5,1,0
2015-12-22,5+0,61629.76,6,2,0
2015-12-22,4+2,5964.17,31,6,0
2015-12-22,4+1,259.25,624,63,0
2015-12-22,4+0,134.59,1202,158,0
2015-12-22,3+2,85.03,1359,153,0
2015-12-22,2+2,24.11,22046,2764,0
2015-12-22,3+1,17.68,28753,3806,0
2015-12-22,3+0,14.30,59773,8320,0
2015-12-22,1+2,12.20,123084,15498,0
2015-12-22,2+1,8.81,461542,63444,0
2015-12-22,2+0,4.36,953657,139935,0
2015-12-25,5+2,24895055.30,0,0,1
2015-12-25,5+1,212036.90,7,0,0
2015-12-25,5+0,70678.96,7,2,0
2015-12-25,4+2,2631.66,94,17,0
2015-12-25,4+1,145.07,1492,261,0
2015-12-25,4+0,85.28,2538,399,0
2015-12-25,3+2,40.08,3857,595,0
2015-12-25,2+2,13.69,51941,7377,0
2015-12-25,3+1,11.69,58147,8527,0
2015-12-25,3+0,11.21,102024,14418,0
2015-12-25,1+2,8.00,251145,32840,0
2015-12-25,2+1,7.00,776749,104495,0
2015-12-25,2+0,3.92,1417161,183461,0
2015-12-29,5+2,32342225.20,0,0,1
2015-12-29,5+1,279268.87,4,0,0
2015-12-29,5+0,37235.84,10,0,0
2015-12-29,4+2,6005.78,31,7,0
2015-12-29,4+1,290.90,560,59,0
2015-12-29,4+0,144.29,1129,132,0
2015-12-29,3+2,77.36,1504,193,0
2015-12-29,2+2,22.05,24265,3303,0
2015-12-29,3+1,16.76,30546,4002,0
2015-12-29,3+0,15.02,57321,8052,0
2015-12-29,1+2,10.79,140078,19344,0
2015-12-29,2+1,8.30,493102,70130,0
2015-12-29,2+0,4.59,910781,133485,0
2016-01-01,5+2,42094520.00,0,0,1
2016-01-01,5+1,243807.36,6,0,0
2016-01-01,5+0,48761.47,10,0,0
2016-01-01,4+2,4780.53,51,6,0
2016-01-01,4+1,247.77,861,99,0
2016-01-01,4+0,120.52,1770,203,0
2016-01-01,3+2,55.25,2758,299,0
2016-01-01,2+2,16.85,41595,4981,0
2016-01-01,3+1,16.51,40591,4994,0
2016-01-01,3+0,12.88,87481,13009,0
2016-01-01,1+2,8.36,236672,28990,0
2016-01-01,2+1,8.77,611546,77566,0
2016-01-01,2+0,4.75,1154641,152711,0
2016-01-05,5+2,49900226.80,0,0,1
2016-01-05,5+1,585428.01,2,0,0
2016-01-05,5+0,195142.67,2,0,0
2016-01-05,4+2,3902.85,50,6,0
2016-01-05,4+1,274.51,622,73,0
2016-01-05,4+0,130.54,1308,171,0
2016-01-05,3+2,63.75,1913,275,0
2016-01-05,2+2,21.69,25865,3496,0
2016-01-05,3+1,17.29,31029,4295,0
2016-01-05,3+0,13.85,65145,9309,0
2016-01-05,1+2,12.67,125121,16244,0
2016-01-05,2+1,8.92,481036,67066,0
2016-01-05,2+0,4.30,1019021,145655,0
2016-01-08,5+2,61385481.92,0,0,1
2016-01-08,5+1,0.00,0,0,0
2016-01-08,5+0,382841.83,6,2,0
2016-01-08,4+2,5317.24,54,8,0
2016-01-08,4+1,237.01,1060,179,0
2016-01-08,4+0,124.68,2015,277,0
2016-01-08,3+2,54.99,3263,583,0
2016-01-08,2+2,16.85,48968,8072,0
2016-01-08,3+1,15.35,51438,8346,0
2016-01-08,3+0,13.93,95268,13614,0
2016-01-08,1+2,8.65,269589,41615,0
2016-01-08,2+1,8.11,778540,121557,0
2016-01-08,2+0,4.46,1445469,202395,0
2016-01-12,5+2,69720919.60,0,0,1
2016-01-12,5+1,0.00,0,0,0
2016-01-12,5+0,833543.77,2,0,0
2016-01-12,4+2,4433.74,47,6,0
2016-01-12,4+1,220.21,828,104,0
2016-01-12,4+0,116.21,1569,193,0
2016-01-12,3+2,59.47,2190,299,0
2016-01-12,2+2,19.22,31161,4183,0
2016-01-12,3+1,13.25,43218,6036,0
2016-01-12,3+0,12.39,77736,10218,0
2016-01-12,1+2,10.64,159083,21219,0
2016-01-12,2+1,7.72,593305,84367,0
2016-01-12,2+0,4.10,1141910,154793,0
2016-01-15,5+2,81942690.50,0,0,1
2016-01-15,5+1,458316.40,4,1,0
2016-01-15,5+0,67898.72,9,0,0
2016-01-15,4+2,5178.71,59,6,0
2016-01-15,4+1,293.14,912,110,0
2016-01-15,4+0,122.75,2178,276,0
2016-01-15,3+2,82.34,2319,249,0
2016-01-15,2+2,24.55,35779,3829,0
2016-01-15,3+1,18.85,44558,5349,0
2016-01-15,3+0,13.40,105438,13664,0
2016-01-15,1+2,12.10,205054,24446,0
2016-01-15,2+1,9.89,679503,82191,0
2016-01-15,2+0,4.18,1643761,221725,0
2016-01-19,5+2,91076033.60,0,0,1
2016-01-19,5+1,685000.72,2,0,0
2016-01-19,5+0,50740.79,9,2,0
2016-01-19,4+2,6342.59,36,5,0
2016-01-19,4+1,284.60,702,85,0
2016-01-19,4+0,147.88,1351,144,0
2016-01-19,3+2,64.22,2222,264,0
2016-01-19,2+2,17.97,36527,4397,0
2016-01-19,3+1,17.68,35497,4156,0
2016-01-19,3+0,15.17,69601,8551,0
2016-01-19,1+2,8.44,219676,26753,0
2016-01-19,2+1,9.11,551367,68060,0
2016-01-19,2+0,4.98,1031287,127659,0
2016-01-22,5+2,104897309.10,0,0,1
2016-01-22,5+1,259148.91,8,0,0
2016-01-22,5+0,53158.75,13,1,0
2016-01-22,4+2,4065.08,85,14,0
2016-01-22,4+1,176.29,1715,247,0
2016-01-22,4+0,91.53,3303,424,0
2016-01-22,3+2,64.10,3369,492,0
2016-01-22,2+2,20.28,48970,6983,0
2016-01-22,3+1,12.50,75976,10804,0
2016-01-22,3+0,11.23,142206,19399,0
2016-01-22,1+2,11.36,246945,34748,0
2016-01-22,2+1,7.12,1067097,157364,0
2016-01-22,2+0,3.91,1986302,278994,0
2016-01-26,5+2,116044883.20,0,0,1
2016-01-26,5+1,0.00,0,0,0
2016-01-26,5+0,139344.67,16,2,0
2016-01-26,4+2,5806.02,48,10,0
2016-01-26,4+1,254.27,959,139,0
2016-01-26,4+0,120.95,2016,290,0
2016-01-26,3+2,72.03,2418,337,0
2016-01-26,2+2,20.11,39834,5521,0
2016-01-26,3+1,16.16,47410,7224,0
2016-01-26,3+0,13.84,93067,13432,0
2016-01-26,1+2,10.22,221496,30161,0
2016-01-26,2+1,8.54,717630,105456,0
2016-01-26,2+0,4.45,1406007,202162,0
2016-01-29,5+2,66188316.00,2,0,0
2016-01-29,5+1,408293.68,6,1,0
2016-01-29,5+0,163317.47,5,0,0
2016-01-29,4+2,4209.21,97,12,0
2016-01-29,4+1,187.43,1906,268,0
2016-01-29,4+0,109.58,3260,395,0
2016-01-29,3+2,54.38,4692,586,0
2016-01-29,2+2,17.29,67867,8108,0
2016-01-29,3+1,12.96,86627,10880,0
2016-01-29,3+0,11.83,159592,20938,0
2016-01-29,1+2,9.77,339210,40326,0
2016-01-29,2+1,7.36,1219495,158930,0
2016-01-29,2+0,4.00,2294832,306158,0
2016-02-02,5+2,15000000.00,1,0,0
2016-02-02,5+1,224091.37,5,0,0
2016-02-02,5+0,53355.09,7,0,0
2016-02-02,4+2,3011.98,62,11,0
2016-02-02,4+1,165.55,987,147,0
2016-02-02,4+0,94.88,1722,248,0
2016-02-02,3+2,40.66,2870,529,0
2016-02-02,2+2,14.00,38338,6331,0
2016-02-02,3+1,11.63,44127,6672,0
2016-02-02,3+0,11.12,77614,11232,0
2016-02-02,1+2,8.45,179456,27390,0
2016-02-02,2+1,7.17,572734,82673,0
2016-02-02,2+0,3.88,1080519,155336,0
2016-02-05,5+2,15000000.00,0,0,1
2016-02-05,5+1,778378.24,2,0,0
2016-02-05,5+0,64864.85,8,0,0
2016-02-05,4+2,4324.32,60,8,0
2016-02-05,4+1,255.94,887,138,0
2016-02-05,4+0,136.59,1662,200,0
2016-02-05,3+2,67.42,2405,398,0
2016-02-05,2+2,19.46,38320,5571,0
2016-02-05,3+1,16.70,42708,6318,0
2016-02-05,3+0,14.51,82686,12386,0
2016-02-05,1+2,9.47,222426,30047,0
2016-02-05,2+1,8.96,636653,89283,0
2016-02-05,2+0,4.57,1275854,177973,0
2016-02-09,5+2,21863823.00,0,0,1
2016-02-09,5+1,514786.72,2,0,0
2016-02-09,5+0,21449.44,16,0,0
2016-02-09,4+2,3730.33,46,7,0
2016-02-09,4+1,140.70,1067,134,0
2016-02-09,4+0,79.31,1893,276,0
2016-02-09,3+2,49.24,2178,241,0
2016-02-09,2+2,17.10,28850,3611,0
2016-02-09,3+1,10.87,43410,6183,0
2016-02-09,3+0,10.23,77521,10657,0
2016-02-09,1+2,10.22,136291,16637,0
2016-02-09,2+1,6.67,565603,78806,0
2016-02-09,2+0,3.78,1018989,133717,0
2016-02-12,5+2,32002496.00,1,0,0
2016-02-12,5+1,760400.47,2,0,0
2016-02-12,5+0,33795.57,15,1,0
2016-02-12,4+2,3673.43,69,6,0
2016-02-12,4+1,206.88,1072,167,0
2016-02-12,4+0,117.03,1895,222,0
2016-02-12,3+2,53.93,2937,411,0
2016-02-12,2+2,16.42,44355,6721,0
2016-02-12,3+1,14.38,48456,6492,0
2016-02-12,3+0,13.35,87810,10538,0
2016-02-12,1+2,8.34,246653,39432,0
2016-02-12,2+1,7.74,719586,99874,0
2016-02-12,2+0,4.37,1302875,164149,0
2016-02-16,5+2,15000000.00,0,0,1
2016-02-16,5+1,323686.16,3,0,0
2016-02-16,5+0,40460.77,8,2,0
2016-02-16,4+2,4149.82,39,9,0
2016-02-16,4+1,217.19,652,89,0
2016-02-16,4+0,96.46,1468,185,0
2016-02-16,3+2,73.03,1385,174,0
2016-02-16,2+2,22.65,20540,2665,0
2016-02-16,3+1,15.25,29172,4220,0
2016-02-16,3+0,11.72,63836,9678,0
2016-02-16,1+2,12.30,106888,13999,0
2016-02-16,2+1,8.38,424632,60589,0
2016-02-16,2+0,3.82,952864,144188,0
2016-02-19,5+2,24499668.10,0,0,1
2016-02-19,5+1,1424950.22,1,0,0
2016-02-19,5+0,94996.68,5,1,0
2016-02-19,4+2,3958.19,60,9,0
2016-02-19,4+1,242.47,857,98,0
2016-02-19,4+0,127.40,1631,198,0
2016-02-19,3+2,51.71,2870,403,0
2016-02-19,2+2,14.88,45880,6978,0
2016-02-19,3+1,15.06,43364,5903,0
2016-02-19,3+0,13.26,82805,11072,0
2016-02-19,1+2,7.82,246637,37991,0
2016-02-19,2+1,7.69,678742,98700,0
2016-02-19,2+0,4.22,1265283,176303,0
2016-02-23,5+2,31340088.00,1,0,0
2016-02-23,5+1,1026062.92,1,0,0
2016-02-23,5+0,57003.49,6,0,0
2016-02-23,4+2,4886.01,35,4,0
2016-02-23,4+1,286.65,522,64,0
2016-02-23,4+0,104.49,1432,187,0
2016-02-23,3+2,78.87,1355,172,0
2016-02-23,2+2,22.55,21800,2675,0
2016-02-23,3+1,18.84,24956,3036,0
2016-02-23,3+0,12.38,63850,8462,0
2016-02-23,1+2,11.80,117666,15137,0
2016-02-23,2+1,9.77,385033,47698,0
2016-02-23,2+0,4.00,960766,127912,0
2016-02-26,5+2,15000000.00,1,0,0
2016-02-26,5+1,364156.33,4,0,0
2016-02-26,5+0,26974.54,18,2,0
2016-02-26,4+2,5277.62,46,5,0
2016-02-26,4+1,159.35,1333,236,0
2016-02-26,4+0,69.78,3044,527,0
2016-02-26,3+2,61.88,2452,364,0
2016-02-26,2+2,21.88,31898,4189,0
2016-02-26,3+1,12.84,51988,8126,0
2016-02-26,3+0,9.68,115878,18554,0
2016-02-26,1+2,12.63,156133,19052,0
2016-02-26,2+1,7.82,682446,94802,0
2016-02-26,2+0,3.55,1536951,225927,0
2016-03-01,5+2,15000000.00,0,0,1
2016-03-01,5+1,252849.76,4,0,0
2016-03-01,5+0,37459.22,9,2,0
2016-03-01,4+2,4435.96,38,5,0
2016-03-01,4+1,159.97,922,110,0
2016-03-01,4+0,52.65,2801,342,0
2016-03-01,3+2,68.72,1533,214,0
2016-03-01,2+2,22.66,21383,2878,0
2016-03-01,3+1,14.34,32322,3646,0
2016-03-01,3+0,7.72,100943,13562,0
2016-03-01,1+2,12.83,106733,14505,0
2016-03-01,2+1,8.87,417649,49376,0
2016-03-01,2+0,3.08,1228114,164713,0
2016-03-04,5+2,25106902.70,0,0,1
2016-03-04,5+1,379008.85,4,0,0
2016-03-04,5+0,168448.37,3,0,0
2016-03-04,4+2,3609.60,70,9,0
2016-03-04,4+1,179.45,1232,202,0
2016-03-04,4+0,93.16,2373,367,0
2016-03-04,3+2,54.06,2921,453,0
2016-03-04,2+2,17.99,40373,6055,0
2016-03-04,3+1,12.85,54065,8857,0
2016-03-04,3+0,11.39,102561,14807,0
2016-03-04,1+2,9.98,205617,28799,0
2016-03-04,2+1,7.42,748522,111636,0
2016-03-04,2+0,3.98,1424929,188822,0
2016-03-08,5+2,32079574.70,0,0,1
2016-03-08,5+1,149414.40,7,1,0
2016-03-08,5+0,58105.60,6,0,0
2016-03-08,4+2,2811.56,62,9,0
2016-03-08,4+1,119.06,1281,150,0
2016-03-08,4+0,72.80,2095,243,0
2016-03-08,3+2,40.05,2720,334,0
2016-03-08,2+2,14.80,33855,4272,0
2016-03-08,3+1,9.81,48841,6665,0
2016-03-08,3+0,9.73,82845,10838,0
2016-03-08,1+2,9.20,153832,18625,0
2016-03-08,2+1,6.64,577174,76431,0
2016-03-08,2+0,3.69,1060179,145489,0
2016-03-11,5+2,42155765.40,0,0,1
2016-03-11,5+1,503809.53,3,0,0
2016-03-11,5+0,100761.90,5,0,0
2016-03-11,4+2,6629.07,38,8,0
2016-03-11,4+1,269.78,817,108,0
2016-03-11,4+0,136.98,1609,187,0
2016-03-11,3+2,70.22,2242,324,0
2016-03-11,2+2,20.08,36063,4948,0
2016-03-11,3+1,17.20,40264,5534,0
2016-03-11,3+0,14.74,79039,11024,0
2016-03-11,1+2,9.96,205443,28250,0
2016-03-11,2+1,8.75,632914,88657,0
2016-03-11,2+0,4.52,1253417,179472,0
2016-03-15,5+2,49339785.90,0,0,1
2016-03-15,5+1,538801.53,2,0,0
2016-03-15,5+0,39911.22,9,1,0
2016-03-15,4+2,5282.36,34,3,0
2016-03-15,4+1,228.41,688,80,0
2016-03-15,4+0,103.59,1517,226,0
2016-03-15,3+2,66.06,1699,159,0
2016-03-15,2+2,20.88,24726,2640,0
2016-03-15,3+1,14.02,35211,4683,0
2016-03-15,3+0,10.89,76272,10762,0
2016-03-15,1+2,11.78,123793,13358,0
2016-03-15,2+1,7.71,511992,68118,0
2016-03-15,2+0,3.61,1119057,155868,0
2016-03-18,5+2,59687034.00,1,1,0
2016-03-18,5+1,388021.80,4,0,0
2016-03-18,5+0,51736.24,10,2,0
2016-03-18,4+2,4172.27,62,7,0
2016-03-18,4+1,215.97,1048,97,0
2016-03-18,4+0,100.64,2249,260,0
2016-03-18,3+2,69.68,2320,313,0
2016-03-18,2+2,21.86,34009,4757,0
2016-03-18,3+1,14.19,50124,6440,0
2016-03-18,3+0,11.52,103830,12741,0
2016-03-18,1+2,11.67,179955,26315,0
2016-03-18,2+1,7.86,723314,101099,0
2016-03-18,2+0,3.89,1495041,194325,0
2016-03-22,5+2,15000000.00,0,0,1
2016-03-22,5+1,927462.04,1,0,0
2016-03-22,5+0,38644.25,8,1,0
2016-03-22,4+2,3864.42,40,5,0
2016-03-22,4+1,210.02,644,79,0
2016-03-22,4+0,112.71,1200,145,0
2016-03-22,3+2,44.89,2152,289,0
2016-03-22,2+2,13.68,32483,5295,0
2016-03-22,3+1,14.30,29725,3861,0
2016-03-22,3+0,13.12,54468,6774,0
2016-03-22,1+2,7.33,171245,30229,0
2016-03-22,2+1,7.70,441393,62575,0
2016-03-22,2+0,4.35,798353,101744,0
2016-03-25,5+2,24008506.20,0,0,1
2016-03-25,5+1,450425.31,3,1,0
2016-03-25,5+0,75070.88,6,0,0
2016-03-25,4+2,3464.81,65,14,0
2016-03-25,4+1,209.41,941,99,0
2016-03-25,4+0,118.85,1658,194,0
2016-03-25,3+2,48.67,2892,402,0
2016-03-25,2+2,14.27,45365,6928,0
2016-03-25,3+1,15.14,40899,4898,0
2016-03-25,3+0,13.66,76237,8671,0
2016-03-25,1+2,7.60,240487,37879,0
2016-03-25,2+1,8.09,612183,77661,0
2016-03-25,2+0,4.49,1127804,130362,0
2016-03-29,5+2,30177600.90,0,0,1
2016-03-29,5+1,308454.73,3,0,0
2016-03-29,5+0,51409.12,6,0,0
2016-03-29,4+2,6426.14,24,2,0
2016-03-29,4+1,211.51,638,71,0
2016-03-29,4+0,90.93,1484,177,0
2016-03-29,3+2,79.20,1217,150,0
2016-03-29,2+2,25.25,17557,2193,0
2016-03-29,3+1,14.61,29014,4070,0
2016-03-29,3+0,11.23,63505,8467,0
2016-03-29,1+2,13.44,93192,12008,0
2016-03-29,2+1,8.12,417570,60534,0
2016-03-29,2+0,3.86,898416,123626,0
2016-04-01,5+2,39814044.40,0,0,1
2016-04-01,5+1,289093.30,5,0,0
2016-04-01,5+0,160607.39,3,0,0
2016-04-01,4+2,3885.66,62,5,0
2016-04-01,4+1,211.85,995,103,0
2016-04-01,4+0,107.93,1953,223,0
2016-04-01,3+2,61.43,2451,284,0
2016-04-01,2+2,18.04,38388,4804,0
2016-04-01,3+1,14.49,45694,5560,0
2016-04-01,3+0,12.38,89976,11225,0
2016-04-01,1+2,9.52,205481,28417,0
2016-04-01,2+1,7.97,664310,84735,0
2016-04-01,2+0,4.13,1312419,169563,0
2016-04-05,5+2,46881017.60,0,0,1
2016-04-05,5+1,265011.49,4,0,0
2016-04-05,5+0,35334.86,10,0,0
2016-04-05,4+2,2236.38,79,16,0
2016-04-05,4+1,115.97,1333,188,0
2016-04-05,4+0,77.60,1992,245,0
2016-04-05,3+2,35.09,3146,562,0
2016-04-05,2+2,12.96,39168,6597,0
2016-04-05,3+1,9.64,50357,7780,0
2016-04-05,3+0,9.90,82508,11431,0
2016-04-05,1+2,7.82,183397,30142,0
2016-04-05,2+1,6.39,607490,92755,0
2016-04-05,2+0,3.81,1043040,141238,0
2016-04-08,5+2,57250088.00,0,0,1
2016-04-08,5+1,777680.28,2,0,0
2016-04-08,5+0,74064.78,7,1,0
2016-04-08,4+2,5082.87,51,6,0
2016-04-08,4+1,250.91,904,102,0
2016-04-08,4+0,125.04,1814,213,0
2016-04-08,3+2,76.02,2131,270,0
2016-04-08,2+2,23.19,32132,3881,0
2016-04-08,3+1,16.67,42751,5123,0
2016-04-08,3+0,13.42,89288,11085,0
2016-04-08,1+2,12.41,169589,20817,0
2016-04-08,2+1,8.89,640864,82000,0
2016-04-08,2+0,4.17,1396081,186702,0
2016-04-12,5+2,65001096.00,1,0,0
2016-04-12,5+1,290662.78,4,0,0
2016-04-12,5+0,32295.86,12,3,0
2016-04-12,4+2,5237.16,37,6,0
2016-04-12,4+1,169.38,1001,173,0
2016-04-12,4+0,72.95,2324,363,0
2016-04-12,3+2,63.94,1894,232,0
2016-04-12,2+2,21.77,25589,2834,0
2016-04-12,3+1,13.06,40798,5714,0
2016-04-12,3+0,9.36,95663,14630,0
2016-04-12,1+2,12.05,130635,14607,0
2016-04-12,2+1,8.01,531598,72520,0
2016-04-12,2+0,3.59,1212998,173137,0
2016-04-15,5+2,15000000.00,0,0,1
2016-04-15,5+1,1340631.98,1,0,0
2016-04-15,5+0,89375.46,5,0,0
2016-04-15,4+2,5078.15,44,4,0
2016-04-15,4+1,267.08,732,77,0
2016-04-15,4+0,133.54,1464,146,0
2016-04-15,3+2,66.78,2091,214,0
2016-04-15,2+2,19.41,33093,3943,0
2016-04-15,3+1,16.35,37564,4523,0
2016-04-15,3+0,14.23,72605,8783,0
2016-04-15,1+2,9.67,187673,23317,0
2016-04-15,2+1,8.28,593179,76015,0
2016-04-15,2+0,4.45,1127415,148725,0
2016-04-19,5+2,21367276.40,0,0,1
2016-04-19,5+1,955091.47,1,0,0
2016-04-19,5+0,63672.76,5,2,0
2016-04-19,4+2,2697.99,59,12,0
2016-04-19,4+1,174.98,796,137,0
2016-04-19,4+0,93.73,1486,243,0
2016-04-19,3+2,35.67,2789,466,0
2016-04-19,2+2,12.36,37022,5086,0
2016-04-19,3+1,11.64,37602,5768,0
2016-04-19,3+0,11.07,66465,10386,0
2016-04-19,1+2,7.39,174853,23361,0
2016-04-19,2+1,6.76,517349,76254,0
2016-04-19,2+0,3.88,921075,138895,0
2016-04-22,5+2,30597279.00,0,0,1
2016-04-22,5+1,346125.09,4,0,0
2016-04-22,5+0,92300.02,5,0,0
2016-04-22,4+2,5016.30,46,5,0
2016-04-22,4+1,224.58,899,125,0
2016-04-22,4+0,95.50,2114,278,0
2016-04-22,3+2,71.92,2005,208,0
2016-04-22,2+2,23.98,27657,3065,0
2016-04-22,3+1,16.33,38836,5106,0
2016-04-22,3+0,12.14,87857,12399,0
2016-04-22,1+2,12.73,147238,16729,0
2016-04-22,2+1,9.24,549160,75378,0
2016-04-22,2+0,4.21,1230855,177680,0
2016-04-26,5+2,37322166.40,0,0,1
2016-04-26,5+1,252183.27,4,0,0
2016-04-26,5+0,112081.45,3,0,0
2016-04-26,4+2,5423.29,31,3,0
2016-04-26,4+1,222.21,662,85,0
2016-04-26,4+0,129.15,1139,130,0
2016-04-26,3+2,51.43,2043,294,0
2016-04-26,2+2,15.79,30605,4569,0
2016-04-26,3+1,14.51,31854,4291,0
2016-04-26,3+0,13.49,57617,6884,0
2016-04-26,1+2,8.22,165985,26068,0
2016-04-26,2+1,7.65,483456,67788,0
2016-04-26,2+0,4.38,862971,107307,0
2016-04-29,5+2,47533437.40,0,0,1
2016-04-29,5+1,191461.33,8,2,0
2016-04-29,5+0,72937.65,7,0,0
2016-04-29,4+2,5431.52,47,3,0
2016-04-29,4+1,243.58,917,86,0
2016-04-29,4+0,103.94,2149,214,0
2016-04-29,3+2,79.41,2009,230,0
2016-04-29,2+2,23.84,30776,3225,0
2016-04-29,3+1,16.15,43451,5009,0
2016-04-29,3+0,11.52,102486,12149,0
2016-04-29,1+2,12.86,161195,17291,0
2016-04-29,2+1,8.49,660939,79954,0
2016-04-29,2+0,3.69,1553921,200786,0
2016-05-03,5+2,54692518.40,0,0,1
2016-05-03,5+1,1073862.14,1,0,0
2016-05-03,5+0,51136.29,7,0,0
2016-05-03,4+2,2520.80,71,19,0
2016-05-03,4+1,186.87,838,119,0
2016-05-03,4+0,104.89,1493,243,0
2016-05-03,3+2,38.57,2900,512,0
2016-05-03,2+2,12.07,42604,6422,0
2016-05-03,3+1,13.49,36484,5326,0
2016-05-03,3+0,12.33,67095,10019,0
2016-05-03,1+2,6.53,222486,33421,0
2016-05-03,2+1,7.48,525897,71579,0
2016-05-03,2+0,4.17,964243,134821,0
2016-05-06,5+2,64875522.20,0,0,1
2016-05-06,5+1,381862.64,4,2,0
2016-05-06,5+0,50915.01,10,2,0
2016-05-06,4+2,6209.14,41,5,0
2016-05-06,4+1,269.35,827,97,0
2016-05-06,4+0,133.86,1664,249,0
2016-05-06,3+2,94.53,1683,175,0
2016-05-06,2+2,28.14,26001,2929,0
2016-05-06,3+1,19.93,35124,4307,0
2016-05-06,3+0,14.98,78567,11150,0
2016-05-06,1+2,14.52,142403,16092,0
2016-05-06,2+1,10.55,530426,68468,0
2016-05-06,2+0,4.68,1222213,178310,0
2016-05-10,5+2,73002277.00,1,1,0
2016-05-10,5+1,1219013.18,1,0,0
2016-05-10,5+0,67722.95,6,0,0
2016-05-10,4+2,4955.33,41,8,0
2016-05-10,4+1,279.07,637,113,0
2016-05-10,4+0,129.95,1368,199,0
2016-05-10,3+2,71.94,1765,300,0
2016-05-10,2+2,21.15,27613,4256,0
2016-05-10,3+1,17.17,32530,4996,0
2016-05-10,3+0,14.20,66142,9589,0
2016-05-10,1+2,10.94,150844,23003,0
2016-05-10,2+1,8.72,512239,77765,0
2016-05-10,2+0,4.38,1042147,147403,0
2016-05-13,5+2,15000000.00,0,0,1
2016-05-13,5+1,258521.80,6,0,0
2016-05-13,5+0,25852.18,20,3,0
2016-05-13,4+2,4039.40,64,8,0
2016-05-13,4+1,195.68,1156,143,0
2016-05-13,4+0,66.16,3419,494,0
2016-05-13,3+2,79.12,2042,231,0
2016-05-13,2+2,25.25,29431,3800,0
2016-05-13,3+1,16.25,43727,4912,0
2016-05-13,3+0,9.28,128707,16914,0
2016-05-13,1+2,13.31,157728,20666,0
2016-05-13,2+1,9.60,592167,67443,0
2016-05-13,2+0,3.45,1682415,222259,0
2016-05-17,5+2,21222201.20,0,0,1
2016-05-17,5+1,311110.06,3,0,0
2016-05-17,5+0,51851.67,6,0,0
2016-05-17,4+2,4575.14,34,2,0
2016-05-17,4+1,249.28,546,83,0
2016-05-17,4+0,110.21,1235,274,0
2016-05-17,3+2,75.71,1284,178,0
2016-05-17,2+2,23.45,19066,2559,0
2016-05-17,3+1,16.39,26089,4509,0
2016-05-17,3+0,12.72,56541,10310,0
2016-05-17,1+2,12.38,102016,13596,0
2016-05-17,2+1,8.89,384775,59609,0
2016-05-17,2+0,4.24,824629,132113,0
2016-05-20,5+2,30459054.00,0,0,1
2016-05-20,5+1,0.00,0,0,0
2016-05-20,5+0,923685.28,2,0,0
2016-05-20,4+2,3848.68,60,7,0
2016-05-20,4+1,239.40,844,129,0
2016-05-20,4+0,123.12,1641,228,0
2016-05-20,3+2,53.91,2677,385,0
2016-05-20,2+2,16.01,41450,6122,0
2016-05-20,3+1,15.89,39944,5526,0
2016-05-20,3+0,14.02,76130,10697,0
2016-05-20,1+2,8.63,217358,30828,0
2016-05-20,2+1,8.28,612954,86434,0
2016-05-20,2+0,4.41,1177185,171803,0
2016-05-24,5+2,37111644.10,0,0,1
2016-05-24,5+1,199577.70,5,0,0
2016-05-24,5+0,66525.90,5,0,0
2016-05-24,4+2,3138.01,53,4,0
2016-05-24,4+1,198.26,734,75,0
2016-05-24,4+0,101.62,1432,175,0
2016-05-24,3+2,53.99,1925,252,0
2016-05-24,2+2,17.39,27494,3979,0
2016-05-24,3+1,14.03,32595,4316,0
2016-05-24,3+0,12.01,64024,8593,0
2016-05-24,1+2,9.65,139929,20511,0
2016-05-24,2+1,7.86,465310,66204,0
2016-05-24,2+0,4.04,924835,134344,0
2016-05-27,5+2,47024760.90,0,0,1
2016-05-27,5+1,185870.94,8,1,0
2016-05-27,5+0,33043.72,15,1,0
2016-05-27,4+2,3540.39,70,7,0
2016-05-27,4+1,208.91,1038,94,0
2016-05-27,4+0,102.23,2121,177,0
2016-05-27,3+2,54.32,2851,350,0
2016-05-27,2+2,16.74,42546,5604,0
2016-05-27,3+1,14.31,47605,5658,0
2016-05-27,3+0,11.73,97634,12087,0
2016-05-27,1+2,9.02,223210,29209,0
2016-05-27,2+1,7.99,682322,87889,0
2016-05-27,2+0,4.02,1385056,180896,0
2016-05-31,5+2,54237614.70,0,0,1
2016-05-31,5+1,90160.67,12,2,0
2016-05-31,5+0,40071.40,9,2,0
2016-05-31,4+2,3467.71,52,5,0
2016-05-31,4+1,156.84,1006,133,0
2016-05-31,4+0,89.39,1765,196,0
2016-05-31,3+2,52.44,2149,276,0
2016-05-31,2+2,18.20,28482,3530,0
2016-05-31,3+1,11.81,41960,5451,0
2016-05-31,3+0,11.89,70092,9397,0
2016-05-31,1+2,10.53,139128,17549,0
2016-05-31,2+1,7.19,551311,72570,0
2016-05-31,2+0,4.25,952524,130341,0
2016-06-03,5+2,64670537.90,0,0,1
2016-06-03,5+1,260823.08,6,0,0
2016-06-03,5+0,34776.41,15,3,0
2016-06-03,4+2,3726.04,70,4,0
2016-06-03,4+1,182.86,1248,149,0
2016-06-03,4+0,76.02,3002,323,0
2016-06-03,3+2,66.80,2440,259,0
2016-06-03,2+2,21.91,34219,4007,0
2016-06-03,3+1,14.82,48370,5775,0
2016-06-03,3+0,10.43,115612,15196,0
2016-06-03,1+2,12.25,172915,20041,0
2016-06-03,2+1,8.49,675793,83228,0
2016-06-03,2+0,3.69,1589903,216532,0
2016-06-07,5+2,73037323.80,0,0,1
2016-06-07,5+1,1255017.88,1,0,0
2016-06-07,5+0,104584.82,4,0,0
2016-06-07,4+2,3873.51,54,9,0
2016-06-07,4+1,242.41,755,111,0
2016-06-07,4+0,127.36,1437,173,0
2016-06-07,3+2,56.32,2321,378,0
2016-06-07,2+2,17.18,34991,5207,0
2016-06-07,3+1,15.79,36408,5101,0
2016-06-07,3+0,14.18,68217,8399,0
2016-06-07,1+2,8.46,200771,30108,0
2016-06-07,2+1,8.20,561022,78228,0
2016-06-07,2+0,4.61,1018814,127626,0
2016-06-10,5+2,85076371.00,1,0,0
2016-06-10,5+1,601952.33,3,1,0
2016-06-10,5+0,85993.19,7,1,0
2016-06-10,4+2,1980.10,152,24,0
2016-06-10,4+1,127.53,2065,212,0
2016-06-10,4+0,91.00,2894,351,0
2016-06-10,3+2,52.15,3607,404,0
2016-06-10,2+2,18.04,47941,5332,0
2016-06-10,3+1,13.59,60870,7092,0
2016-06-10,3+0,13.10,106247,11950,0
2016-06-10,1+2,9.26,263910,28018,0
2016-06-10,2+1,8.05,822435,92863,0
2016-06-10,2+0,4.57,1480448,166495,0
2016-06-14,5+2,15000000.00,0,0,1
2016-06-14,5+1,929476.89,1,0,0
2016-06-14,5+0,61965.12,5,0,0
2016-06-14,4+2,5341.82,29,6,0
2016-06-14,4+1,256.23,529,60,0
2016-06-14,4+0,125.74,1078,161,0
2016-06-14,3+2,72.90,1328,219,0
2016-06-14,2+2,22.97,19382,3093,0
2016-06-14,3+1,16.16,26356,4015,0
2016-06-14,3+0,13.06,54820,8135,0
2016-06-14,1+2,12.67,99310,14457,0
2016-06-14,2+1,8.98,379126,57550,0
2016-06-14,2+0,4.34,802799,119457,0
2016-06-17,5+2,23930261.10,0,0,1
2016-06-17,5+1,446513.05,3,0,0
2016-06-17,5+0,40592.09,11,2,0
2016-06-17,4+2,2937.58,76,6,0
2016-06-17,4+1,154.91,1261,134,0
2016-06-17,4+0,72.97,2677,339,0
2016-06-17,3+2,45.94,3037,393,0
2016-06-17,2+2,15.57,41215,5516,0
2016-06-17,3+1,12.30,49895,6273,0
2016-06-17,3+0,9.87,104564,14248,0
2016-06-17,1+2,8.89,203885,27832,0
2016-06-17,2+1,7.48,656067,87270,0
2016-06-17,2+0,3.68,1362394,186724,0
2016-06-21,5+2,30372880.60,0,0,1
2016-06-21,5+1,483196.46,2,0,0
2016-06-21,5+0,35792.33,9,1,0
2016-06-21,4+2,3287.05,49,3,0
2016-06-21,4+1,183.74,767,95,0
2016-06-21,4+0,100.88,1397,151,0
2016-06-21,3+2,60.78,1656,235,0
2016-06-21,2+2,18.69,24775,3806,0
2016-06-21,3+1,14.10,31392,4560,0
2016-06-21,3+0,12.79,58204,7389,0
2016-06-21,1+2,10.09,129583,18706,0
2016-06-21,2+1,7.75,456867,66937,0
2016-06-21,2+0,4.35,832650,109856,0
2016-06-24,5+2,39675953.00,1,0,0
2016-06-24,5+1,348865.21,4,0,0
2016-06-24,5+0,51683.73,9,1,0
2016-06-24,4+2,4080.29,57,9,0
2016-06-24,4+1,161.63,1259,178,0
2016-06-24,4+0,72.73,2798,392,0
2016-06-24,3+2,58.63,2479,264,0
2016-06-24,2+2,19.65,34015,4366,0
2016-06-24,3+1,12.36,51738,7071,0
2016-06-24,3+0,9.55,112550,15953,0
2016-06-24,1+2,11.35,166438,19787,0
2016-06-24,2+1,7.56,676508,93170,0
2016-06-24,2+0,3.57,1465740,202516,0
2016-06-28,5+2,15000000.00,0,0,1
2016-06-28,5+1,110915.94,8,3,0
2016-06-28,5+0,73943.96,4,2,0
2016-06-28,4+2,6722.17,22,1,0
2016-06-28,4+1,197.86,654,84,0
2016-06-28,4+0,108.28,1195,130,0
2016-06-28,3+2,76.64,1206,115,0
2016-06-28,2+2,23.81,17853,2072,0
2016-06-28,3+1,16.65,24421,2823,0
2016-06-28,3+0,14.48,47233,5414,0
2016-06-28,1+2,11.66,102983,12825,0
2016-06-28,2+1,8.91,365099,46643,0
2016-06-28,2+0,4.91,677669,81960,0
2016-07-01,5+2,23845060.00,1,0,0
2016-07-01,5+1,442252.99,3,0,0
2016-07-01,5+0,55281.62,8,2,0
2016-07-01,4+2,4512.78,49,7,0
2016-07-01,4+1,246.47,785,118,0
2016-07-01,4+0,99.22,1950,380,0
2016-07-01,3+2,81.05,1705,252,0
2016-07-01,2+2,24.54,25899,3320,0
2016-07-01,3+1,16.27,37370,5713,0
2016-07-01,3+0,11.68,87491,14450,0
2016-07-01,1+2,13.74,130711,14994,0
2016-07-01,2+1,8.76,555254,78785,0
2016-07-01,2+0,3.78,1315084,199224,0
2016-07-05,5+2,15000000.00,0,0,1
2016-07-05,5+1,446081.04,2,0,0
2016-07-05,5+0,74346.84,4,1,0
2016-07-05,4+2,4018.74,37,7,0
2016-07-05,4+1,230.27,565,83,0
2016-07-05,4+0,115.75,1124,156,0
2016-07-05,3+2,78.62,1182,154,0
2016-07-05,2+2,22.77,18771,2421,0
2016-07-05,3+1,15.79,25884,3455,0
2016-07-05,3+0,13.34,51524,7459,0
2016-07-05,1+2,11.50,104997,13531,0
2016-07-05,2+1,8.29,394597,54867,0
2016-07-05,2+0,4.34,770402,109891,0
2016-07-08,5+2,23725445.40,0,0,1
2016-07-08,5+1,186973.83,7,0,0
2016-07-08,5+0,48474.69,9,1,0
2016-07-08,4+2,2726.70,80,4,0
2016-07-08,4+1,144.48,1321,163,0
2016-07-08,4+0,84.75,2252,265,0
2016-07-08,3+2,36.91,3693,483,0
2016-07-08,2+2,13.70,45744,6219,0
2016-07-08,3+1,12.00,49957,6384,0
2016-07-08,3+0,10.86,92889,11761,0
2016-07-08,1+2,8.56,206879,29294,0
2016-07-08,2+1,7.23,663655,89065,0
2016-07-08,2+0,3.89,1260603,165901,0
2016-07-12,5+2,30023216.30,0,0,1
2016-07-12,5+1,314888.54,3,1,0
2016-07-12,5+0,39361.06,8,1,0
2016-07-12,4+2,3748.67,42,6,0
2016-07-12,4+1,218.67,630,60,0
2016-07-12,4+0,94.35,1460,183,0
2016-07-12,3+2,66.89,1471,171,0
2016-07-12,2+2,22.21,20377,2295,0
2016-07-12,3+1,14.84,29171,3883,0
2016-07-12,3+0,10.62,68552,9888,0
2016-07-12,1+2,11.98,106761,12416,0
2016-07-12,2+1,8.31,416470,58433,0
2016-07-12,2+0,3.70,956974,139171,0
2016-07-15,5+2,38892369.60,0,0,1
2016-07-15,5+1,133037.29,10,0,0
2016-07-15,5+0,24636.53,18,1,0
2016-07-15,4+2,2671.43,83,5,0
2016-07-15,4+1,141.40,1372,235,0
2016-07-15,4+0,68.67,2825,467,0
2016-07-15,3+2,50.33,2753,405,0
2016-07-15,2+2,17.53,36350,5117,0
2016-07-15,3+1,10.96,55624,8829,0
2016-07-15,3+0,8.92,114885,17486,0
2016-07-15,1+2,10.48,171840,22962,0
2016-07-15,2+1,6.95,701192,104890,0
2016-07-15,2+0,3.42,1458141,214471,0
2016-07-19,5+2,45336959.60,0,0,1
2016-07-19,5+1,966688.51,1,0,0
2016-07-19,5+0,161114.75,2,0,0
2016-07-19,4+2,4354.45,37,6,0
2016-07-19,4+1,225.92,624,74,0
2016-07-19,4+0,119.97,1175,174,0
2016-07-19,3+2,54.02,1864,258,0
2016-07-19,2+2,16.78,27600,3895,0
2016-07-19,3+1,14.39,30782,3980,0
2016-07-19,3+0,12.74,58469,7363,0
2016-07-19,1+2,8.97,145933,20835,0
2016-07-19,2+1,7.92,447065,61077,0
2016-07-19,2+0,4.30,842113,111918,0
2016-07-22,5+2,54603405.10,0,0,1
2016-07-22,5+1,198566.68,7,0,0
2016-07-22,5+0,38610.18,12,1,0
2016-07-22,4+2,3309.44,70,7,0
2016-07-22,4+1,187.68,1080,156,0
2016-07-22,4+0,109.86,1845,220,0
2016-07-22,3+2,48.76,2969,462,0
2016-07-22,2+2,15.33,43443,6902,0
2016-07-22,3+1,14.00,45488,6233,0
2016-07-22,3+0,13.03,82217,10487,0
2016-07-22,1+2,8.03,234234,40156,0
2016-07-22,2+1,7.54,675188,98800,0
2016-07-22,2+0,4.29,1214847,163433,0
2016-07-26,5+2,61762145.60,0,0,1
2016-07-26,5+1,536905.53,2,0,0
2016-07-26,5+0,119312.34,3,1,0
2016-07-26,4+2,4474.21,40,5,0
2016-07-26,4+1,214.22,731,92,0
2016-07-26,4+0,97.44,1607,215,0
2016-07-26,3+2,72.82,1536,186,0
2016-07-26,2+2,23.05,22316,2876,0
2016-07-26,3+1,15.37,32020,4641,0
2016-07-26,3+0,11.11,74485,11133,0
2016-07-26,1+2,12.48,116448,15262,0
2016-07-26,2+1,8.25,476923,68862,0
2016-07-26,2+0,3.73,1077540,159188,0
2016-07-29,5+2,72413419.00,1,0,0
2016-07-29,5+1,798845.44,2,1,0
2016-07-29,5+0,53256.36,10,2,0
2016-07-29,4+2,4365.27,61,16,0
2016-07-29,4+1,214.54,1086,185,0
2016-07-29,4+0,94.71,2460,556,0
2016-07-29,3+2,66.78,2492,404,0
2016-07-29,2+2,21.00,36448,5659,0
2016-07-29,3+1,15.94,45921,7742,0
2016-07-29,3+0,12.72,96787,17574,0
2016-07-29,1+2,10.67,202705,29233,0
2016-07-29,2+1,8.52,687264,105619,0
2016-07-29,2+0,4.25,1408157,232128,0
2016-08-02,5+2,15000000.00,0,0,1
2016-08-02,5+1,296716.89,3,1,0
2016-08-02,5+0,59343.37,5,0,0
2016-08-02,4+2,4636.20,32,7,0
2016-08-02,4+1,184.13,705,121,0
2016-08-02,4+0,105.62,1229,207,0
2016-08-02,3+2,48.49,1912,345,0
2016-08-02,2+2,16.47,25896,4387,0
2016-08-02,3+1,14.10,28925,4672,0
2016-08-02,3+0,12.88,53240,8552,0
2016-08-02,1+2,8.80,136918,22696,0
2016-08-02,2+1,7.98,408629,62620,0
2016-08-02,2+0,4.28,778310,120861,0
2016-08-05,5+2,23739150.40,0,0,1
2016-08-05,5+1,436957.52,3,0,0
2016-08-05,5+0,48550.83,9,3,0
2016-08-05,4+2,3703.02,59,9,0
2016-08-05,4+1,220.49,867,132,0
2016-08-05,4+0,121.68,1571,206,0
2016-08-05,3+2,48.76,2800,380,0
2016-08-05,2+2,15.60,40241,5127,0
2016-08-05,3+1,14.74,40745,5617,0
2016-08-05,3+0,13.48,74921,10655,0
2016-08-05,1+2,7.99,221908,29635,0
2016-08-05,2+1,7.88,609472,84263,0
2016-08-05,2+0,4.44,1106375,155322,0
2016-08-09,5+2,30094448.00,0,0,1
2016-08-09,5+1,190658.92,5,0,0
2016-08-09,5+0,63552.97,5,0,0
2016-08-09,4+2,5674.37,28,1,0
2016-08-09,4+1,243.89,570,76,0
2016-08-09,4+0,125.92,1104,115,0
2016-08-09,3+2,71.38,1391,173,0
2016-08-09,2+2,21.24,21497,3133,0
2016-08-09,3+1,16.05,27212,3507,0
2016-08-09,3+0,13.29,55256,6711,0
2016-08-09,1+2,10.78,119674,18433,0
2016-08-09,2+1,8.38,416632,57421,0
2016-08-09,2+0,4.26,837701,107488,0
2016-08-12,5+2,39134895.30,0,0,1
2016-08-12,5+1,452022.36,3,0,0
2016-08-12,5+0,37668.53,12,0,0
2016-08-12,4+2,4264.36,53,10,0
2016-08-12,4+1,213.10,928,127,0
2016-08-12,4+0,105.86,1868,252,0
2016-08-12,3+2,68.07,2075,336,0
2016-08-12,2+2,23.14,28070,3912,0
2016-08-12,3+1,15.95,38950,6081,0
2016-08-12,3+0,13.10,79765,12083,0
2016-08-12,1+2,12.75,143935,19378,0
2016-08-12,2+1,8.73,568992,86777,0
2016-08-12,2+0,4.27,1188221,178978,0
2016-08-16,5+2,45434118.70,0,0,1
2016-08-16,5+1,472441.75,2,1,0
2016-08-16,5+0,78740.29,4,0,0
2016-08-16,4+2,5624.30,28,7,0
2016-08-16,4+1,278.93,494,75,0
2016-08-16,4+0,130.61,1055,170,0
2016-08-16,3+2,64.03,1537,257,0
2016-08-16,2+2,19.47,23246,3406,0
2016-08-16,3+1,17.77,24369,3518,0
2016-08-16,3+0,15.22,47846,7131,0
2016-08-16,1+2,9.50,134632,19921,0
2016-08-16,2+1,9.21,375941,54496,0
2016-08-16,2+0,4.78,740356,106681,0
2016-08-19,5+2,54894441.00,1,0,0
2016-08-19,5+1,157672.03,9,0,0
2016-08-19,5+0,78836.01,6,1,0
2016-08-19,4+2,3071.53,77,11,0
2016-08-19,4+1,191.08,1083,198,0
2016-08-19,4+0,112.28,1843,257,0
2016-08-19,3+2,35.49,4164,725,0
2016-08-19,2+2,11.29,60222,10203,0
2016-08-19,3+1,12.04,54007,8597,0
2016-08-19,3+0,12.36,88430,12975,0
2016-08-19,1+2,6.67,287782,48575,0
2016-08-19,2+1,6.74,771820,122284,0
2016-08-19,2+0,4.17,1275113,185697,0
2016-08-23,5+2,15000000.00,0,0,1
2016-08-23,5+1,293780.62,3,0,0
2016-08-23,5+0,48963.43,6,0,0
2016-08-23,4+2,5246.08,28,4,0
2016-08-23,4+1,247.64,519,57,0
2016-08-23,4+0,122.05,1053,137,0
2016-08-23,3+2,60.47,1518,215,0
2016-08-23,2+2,17.76,23770,3636,0
2016-08-23,3+1,16.67,24230,3364,0
2016-08-23,3+0,13.80,49208,6644,0
2016-08-23,1+2,9.31,128143,19410,0
2016-08-23,2+1,8.77,368072,52487,0
2016-08-23,2+0,4.40,750100,106729,0
2016-08-26,5+2,23748324.80,0,0,1
2016-08-26,5+1,218708.12,6,1,0
2016-08-26,5+0,48601.80,9,1,0
2016-08-26,4+2,4463.43,49,2,0
2016-08-26,4+1,198.92,962,116,0
2016-08-26,4+0,111.45,1717,233,0
2016-08-26,3+2,71.26,1918,244,0
2016-08-26,2+2,20.99,29949,3857,0
2016-08-26,3+1,13.75,43710,6131,0
2016-08-26,3+0,12.69,79654,11523,0
2016-08-26,1+2,11.21,158445,21095,0
2016-08-26,2+1,7.44,646104,90886,0
2016-08-26,2+0,4.24,1158861,164131,0
2016-08-30,5+2,30018585.90,0,0,1
2016-08-30,5+1,156756.52,6,0,0
2016-08-30,5+0,62702.61,5,0,0
2016-08-30,4+2,4019.39,39,4,0
2016-08-30,4+1,187.89,730,99,0
2016-08-30,4+0,101.52,1351,174,0
2016-08-30,3+2,57.42,1706,225,0
2016-08-30,2+2,18.22,24722,3898,0
2016-08-30,3+1,14.42,29884,4170,0
2016-08-30,3+0,12.54,57774,7833,0
2016-08-30,1+2,9.95,127940,20605,0
2016-08-30,2+1,7.97,432657,64718,0
2016-08-30,2+0,4.18,842183,122391,0
2016-09-02,5+2,7840860.00,5,1,0
2016-09-02,5+1,153095.16,9,1,0
2016-09-02,5+0,21870.73,21,5,0
2016-09-02,4+2,3703.91,62,11,0
2016-09-02,4+1,151.19,1329,252,0
2016-09-02,4+0,61.76,3253,579,0
2016-09-02,3+2,74.05,1938,307,0
2016-09-02,2+2,24.42,27036,3666,0
2016-09-02,3+1,16.08,39257,6688,0
2016-09-02,3+0,12.62,84130,14306,0
2016-09-02,1+2,12.80,145769,18317,0
2016-09-02,2+1,9.03,559203,83639,0
2016-09-02,2+0,4.29,1202683,181588,0
2016-09-06,5+2,15000000.00,0,0,1
2016-09-06,5+1,0.00,0,0,0
2016-09-06,5+0,397404.92,3,0,0
2016-09-06,4+2,8279.26,18,3,0
2016-09-06,4+1,218.42,597,74,0
2016-09-06,4+0,112.02,1164,148,0
2016-09-06,3+2,72.20,1290,176,0
2016-09-06,2+2,23.28,18403,2190,0
2016-09-06,3+1,14.94,27416,3546,0
2016-09-06,3+0,12.24,56294,7813,0
2016-09-06,1+2,12.38,97750,11742,0
2016-09-06,2+1,8.34,393013,51290,0
2016-09-06,2+0,4.16,805392,112345,0
2016-09-09,5+2,23906431.00,0,0,1
2016-09-09,5+1,267192.93,5,0,0
2016-09-09,5+0,20241.88,22,1,0
2016-09-09,4+2,2589.07,86,7,0
2016-09-09,4+1,121.69,1601,264,0
2016-09-09,4+0,62.42,3121,483,0
2016-09-09,3+2,41.64,3342,468,0
2016-09-09,2+2,15.20,42091,5752,0
2016-09-09,3+1,10.32,59311,8990,0
2016-09-09,3+0,8.87,116032,17696,0
2016-09-09,1+2,9.90,182659,25389,0
2016-09-09,2+1,6.74,726434,105931,0
2016-09-09,2+0,3.54,1414011,204453,0
2016-09-13,5+2,30386701.40,0,0,1
2016-09-13,5+1,486020.28,2,0,0
2016-09-13,5+0,54002.25,6,0,0
2016-09-13,4+2,4909.29,33,4,0
2016-09-13,4+1,196.61,721,103,0
2016-09-13,4+0,93.75,1512,270,0
2016-09-13,3+2,65.62,1543,193,0
2016-09-13,2+2,20.17,23088,3197,0
2016-09-13,3+1,14.47,30788,4554,0
2016-09-13,3+0,11.87,63123,9066,0
2016-09-13,1+2,10.53,125001,17513,0
2016-09-13,2+1,7.79,457369,65533,0
2016-09-13,2+0,3.95,921219,130217,0
2016-09-16,5+2,39758892.00,1,0,0
2016-09-16,5+1,281165.69,5,2,0
2016-09-16,5+0,26033.86,18,6,0
2016-09-16,4+2,4420.84,53,7,0
2016-09-16,4+1,157.82,1299,274,0
2016-09-16,4+0,71.03,2886,619,0
2016-09-16,3+2,65.49,2236,293,0
2016-09-16,2+2,21.24,31711,4110,0
2016-09-16,3+1,12.72,50649,7754,0
2016-09-16,3+0,9.35,115845,18177,0
2016-09-16,1+2,12.44,152928,18082,0
2016-09-16,2+1,7.80,660389,88838,0
2016-09-16,2+0,3.56,1478993,206205,0
2016-09-20,5+2,15000000.00,0,0,1
2016-09-20,5+1,446188.17,2,0,0
2016-09-20,5+0,59491.75,5,0,0
2016-09-20,4+2,5720.36,26,6,0
2016-09-20,4+1,267.77,486,77,0
2016-09-20,4+0,121.28,1073,158,0
2016-09-20,3+2,69.16,1344,193,0
2016-09-20,2+2,19.07,22413,3263,0
2016-09-20,3+1,16.70,24488,3409,0
2016-09-20,3+0,13.59,50609,7364,0
2016-09-20,1+2,9.63,125378,18152,0
2016-09-20,2+1,8.44,387604,56359,0
2016-09-20,2+0,4.28,780334,116643,0
2016-09-23,5+2,23850387.00,1,0,0
2016-09-23,5+1,221259.65,6,1,0
2016-09-23,5+0,40229.02,11,1,0
2016-09-23,4+2,5268.08,42,4,0
2016-09-23,4+1,232.97,831,107,0
2016-09-23,4+0,123.07,1573,173,0
2016-09-23,3+2,56.83,2433,319,0
2016-09-23,2+2,17.01,37391,5581,0
2016-09-23,3+1,16.21,37525,5036,0
2016-09-23,3+0,14.41,70992,9425,0
2016-09-23,1+2,8.71,206354,30836,0
2016-09-23,2+1,8.52,570692,82021,0
2016-09-23,2+0,4.59,1084325,149983,0
2016-09-27,5+2,17000000.00,0,0,1
2016-09-27,5+1,293260.30,3,0,0
2016-09-27,5+0,29272.99,7,1,0
2016-09-27,4+2,4772.77,21,2,0
2016-09-27,4+1,199.45,536,69,0
2016-09-27,3+2,170.15,877,99,0
2016-09-27,4+0,54.46,1554,245,0
2016-09-27,2+2,28.41,13715,1516,0
2016-09-27,3+1,16.22,25400,3411,0
2016-09-27,3+0,10.80,72147,10333,0
2016-09-27,1+2,15.59,70688,7691,0
2016-09-27,2+1,8.96,368993,48614,0
2016-09-27,2+0,3.99,1018716,140761,0
2016-09-30,5+2,130000000.00,0,0,1
2016-09-30,5+1,404891.93,6,1,0
2016-09-30,5+0,37721.57,15,1,0
2016-09-30,4+2,3294.78,84,2,0
2016-09-30,4+1,194.73,1516,93,0
2016-09-30,3+2,117.96,3493,231,0
2016-09-30,4+0,67.62,3456,253,0
2016-09-30,2+2,21.00,51239,3410,0
2016-09-30,3+1,15.93,71403,5265,0
2016-09-30,3+0,12.73,169033,13733,0
2016-09-30,1+2,11.30,269403,18262,0
2016-09-30,2+1,8.85,1031101,81830,0
2016-09-30,2+0,4.62,2427770,203469,0
2016-10-04,5+2,140796507.10,0,0,1
2016-10-04,5+1,225641.28,7,1,0
2016-10-04,5+0,33443.72,11,2,0
2016-10-04,4+2,3213.24,56,5,0
2016-10-04,4+1,142.70,1345,155,0
2016-10-04,3+2,107.89,2483,230,0
2016-10-04,4+0,54.48,2789,300,0
2016-10-04,2+2,20.43,34247,3218,0
2016-10-04,3+1,12.54,58969,6190,0
2016-10-04,3+0,11.02,126962,13814,0
2016-10-04,1+2,11.45,172852,15462,0
2016-10-04,2+1,7.76,764835,74051,0
2016-10-04,2+0,4.12,1770619,183675,0
2016-10-07,5+2,155533572.00,0,0,1
2016-10-07,5+1,195998.00,11,0,0
2016-10-07,5+0,26429.04,19,1,0
2016-10-07,4+2,3364.62,73,12,0
2016-10-07,4+1,134.01,1955,186,0
2016-10-07,3+2,110.58,3307,357,0
2016-10-07,4+0,39.01,5316,570,0
2016-10-07,2+2,21.94,43532,4129,0
2016-10-07,3+1,13.00,77663,7833,0
2016-10-07,3+0,9.80,194837,20760,0
2016-10-07,1+2,12.07,223669,22297,0
2016-10-07,2+1,7.87,1029488,105474,0
2016-10-07,2+0,3.95,2520927,270509,0
2016-10-11,5+2,168085323.00,1,0,0
2016-10-11,5+1,183627.46,10,2,0
2016-10-11,5+0,35640.77,12,0,0
2016-10-11,4+2,3122.32,67,2,0
2016-10-11,4+1,143.22,1558,103,0
2016-10-11,3+2,110.33,2823,217,0
2016-10-11,4+0,46.09,3832,329,0
2016-10-11,2+2,21.24,38295,3162,0
2016-10-11,3+1,13.51,63646,5102,0
2016-10-11,3+0,10.39,156594,13799,0
2016-10-11,1+2,11.68,196862,16549,0
2016-10-11,2+1,8.01,861521,75057,0
2016-10-11,2+0,4.03,2102915,198166,0
2016-10-14,5+2,17000000.00,0,0,1
2016-10-14,5+1,258506.36,5,0,0
2016-10-14,5+0,21503.24,14,0,0
2016-10-14,4+2,2454.17,60,10,0
2016-10-14,4+1,130.99,1199,188,0
2016-10-14,3+2,103.65,2115,287,0
2016-10-14,4+0,34.42,3612,546,0
2016-10-14,2+2,20.89,27405,3452,0
2016-10-14,3+1,13.06,46352,6163,0
2016-10-14,3+0,8.78,130326,18069,0
2016-10-14,1+2,11.95,135541,17793,0
2016-10-14,2+1,8.01,606634,82193,0
2016-10-14,2+0,3.60,1654340,231095,0
2016-10-18,5+2,26452819.00,0,0,1
2016-10-18,5+1,0.00,0,0,0
2016-10-18,5+0,177605.04,6,1,0
2016-10-18,4+2,1893.59,52,7,0
2016-10-18,4+1,124.44,844,109,0
2016-10-18,3+2,76.87,1907,272,0
2016-10-18,4+0,44.87,1853,275,0
2016-10-18,2+2,14.80,25866,3586,0
2016-10-18,3+1,11.95,33852,4798,0
2016-10-18,3+0,10.37,73828,10571,0
2016-10-18,1+2,8.48,127668,17179,0
2016-10-18,2+1,6.99,464657,64999,0
2016-10-18,2+0,4.00,996771,144503,0
2016-10-21,5+2,39871819.30,0,0,1
2016-10-21,5+1,408989.59,3,0,0
2016-10-21,5+0,28577.50,10,3,0
2016-10-21,4+2,3882.81,36,5,0
2016-10-21,4+1,176.24,846,156,0
2016-10-21,3+2,130.81,1591,209,0
2016-10-21,4+0,65.35,1806,289,0
2016-10-21,2+2,21.79,24943,3534,0
2016-10-21,3+1,15.99,35930,5813,0
2016-10-21,3+0,12.72,85437,13657,0
2016-10-21,1+2,11.99,128187,19188,0
2016-10-21,2+1,8.47,544209,83359,0
2016-10-21,2+0,4.39,1289660,193363,0
2016-10-25,5+2,50108729.00,1,0,0
2016-10-25,5+1,156002.27,6,0,0
2016-10-25,5+0,24223.13,9,0,0
2016-10-25,4+2,2132.68,50,8,0
2016-10-25,4+1,117.74,966,133,0
2016-10-25,3+2,75.31,2108,314,0
2016-10-25,4+0,47.24,1906,243,0
2016-10-25,2+2,15.65,26486,4033,0
2016-10-25,3+1,11.04,39698,5909,0
2016-10-25,3+0,10.52,78814,10061,0
2016-10-25,1+2,9.34,125501,18478,0
2016-10-25,2+1,6.79,517974,77225,0
2016-10-25,2+0,4.14,1042087,135368,0
2016-10-28,5+2,17375733.00,1,1,0
2016-10-28,5+1,317750.66,5,1,0
2016-10-28,5+0,46254.84,8,4,0
2016-10-28,4+2,1616.04,112,21,0
2016-10-28,4+1,144.94,1332,148,0
2016-10-28,3+2,64.36,4187,598,0
2016-10-28,4+0,53.70,2846,332,0
2016-10-28,2+2,12.61,55816,8071,0
2016-10-28,3+1,12.43,59837,7476,0
2016-10-28,3+0,11.04,127410,15123,0
2016-10-28,1+2,7.27,273843,40987,0
2016-10-28,2+1,7.15,834733,106936,0
2016-10-28,2+0,4.17,1759886,215388,0
2016-11-01,5+2,17000000.00,0,0,1
2016-11-01,5+1,245644.50,3,1,0
2016-11-01,5+0,19071.13,9,1,0
2016-11-01,4+2,2209.32,38,10,0
2016-11-01,4+1,144.20,621,101,0
2016-11-01,3+2,85.32,1465,211,0
2016-11-01,4+0,48.35,1466,255,0
2016-11-01,2+2,16.62,19634,2974,0
2016-11-01,3+1,13.33,25885,4031,0
2016-11-01,3+0,11.13,58634,9795,0
2016-11-01,1+2,9.43,97842,14260,0
2016-11-01,2+1,7.73,358325,53840,0
2016-11-01,2+0,4.21,808136,125168,0
2016-11-04,5+2,30088611.30,0,0,1
2016-11-04,5+1,299189.90,4,1,0
2016-11-04,5+0,39819.84,7,1,0
2016-11-04,4+2,2034.92,67,7,0
2016-11-04,4+1,161.22,902,118,0
2016-11-04,3+2,54.83,3702,482,0
2016-11-04,4+0,72.59,1586,200,0
2016-11-04,2+2,8.87,59755,9221,0
2016-11-04,3+1,12.32,45474,5488,0
2016-11-04,3+0,12.99,81630,10299,0
2016-11-04,1+2,5.08,295176,48379,0
2016-11-04,2+1,6.57,683958,92351,0
2016-11-04,2+0,4.40,1254788,168772,0
2016-11-08,5+2,39336342.00,1,0,0
2016-11-08,5+1,845567.89,1,0,0
2016-11-08,5+0,65647.46,3,0,0
2016-11-08,4+2,4013.77,24,8,0
2016-11-08,4+1,177.77,578,93,0
2016-11-08,3+2,97.50,1471,282,0
2016-11-08,4+0,68.01,1196,167,0
2016-11-08,2+2,20.01,18718,2841,0
2016-11-08,3+1,14.40,27485,4324,0
2016-11-08,3+0,13.55,55266,8015,0
2016-11-08,1+2,11.08,95626,13470,0
2016-11-08,2+1,7.70,412673,61357,0
2016-11-08,2+0,4.74,823632,114429,0
2016-11-11,5+2,17000000.00,0,0,1
2016-11-11,5+1,180024.74,6,0,0
2016-11-11,5+0,35939.84,7,0,0
2016-11-11,4+2,3155.25,39,6,0
2016-11-11,4+1,163.25,804,111,0
2016-11-11,3+2,93.76,1954,296,0
2016-11-11,4+0,63.71,1631,228,0
2016-11-11,2+2,16.35,29267,4177,0
2016-11-11,3+1,13.97,36204,5038,0
2016-11-11,3+0,12.93,73994,10217,0
2016-11-11,1+2,8.79,153956,23171,0
2016-11-11,2+1,7.49,542075,83071,0
2016-11-11,2+0,4.50,1106799,166398,0
2016-11-15,5+2,25643916.50,0,0,1
2016-11-15,5+1,395179.05,2,0,0
2016-11-15,5+0,61361.13,3,1,0
2016-11-15,4+2,1637.10,55,4,0
2016-11-15,4+1,165.30,581,61,0
2016-11-15,3+2,63.59,2108,284,0
2016-11-15,4+0,65.15,1167,136,0
2016-11-15,2+2,10.84,32284,4806,0
2016-11-15,3+1,14.23,25998,3242,0
2016-11-15,3+0,14.27,49068,6226,0
2016-11-15,1+2,5.55,178354,28232,0
2016-11-15,2+1,7.75,383252,50334,0
2016-11-15,2+0,4.98,731957,96694,0
2016-11-18,5+2,38149039.20,0,0,1
2016-11-18,5+1,571704.10,2,1,0
2016-11-18,5+0,16644.54,16,2,0
2016-11-18,4+2,2894.70,45,6,0
2016-11-18,4+1,148.12,938,134,0
2016-11-18,3+2,91.39,2122,314,0
2016-11-18,4+0,54.88,2004,283,0
2016-11-18,2+2,16.51,30680,4900,0
2016-11-18,3+1,13.14,40754,5863,0
2016-11-18,3+0,11.74,86263,12084,0
2016-11-18,1+2,9.00,159108,26362,0
2016-11-18,2+1,7.43,578129,84733,0
2016-11-18,2+0,4.33,1219769,175361,0
2016-11-22,5+2,47367562.80,0,0,1
2016-11-22,5+1,842897.41,1,0,0
2016-11-22,5+0,65440.13,3,0,0
2016-11-22,4+2,4364.83,22,4,0
2016-11-22,4+1,204.85,500,76,0
2016-11-22,3+2,124.75,1146,153,0
2016-11-22,4+0,74.39,1090,140,0
2016-11-22,2+2,21.31,17520,2154,0
2016-11-22,3+1,16.79,23499,3152,0
2016-11-22,3+0,13.59,54944,7437,0
2016-11-22,1+2,11.05,95576,10882,0
2016-11-22,2+1,8.63,367122,50080,0
2016-11-22,2+0,4.50,864045,119277,0
2016-11-25,5+2,30570889.00,2,0,0
2016-11-25,5+1,209907.97,6,0,0
2016-11-25,5+0,8889.08,33,6,0
2016-11-25,4+2,2928.19,49,12,0
2016-11-25,4+1,112.28,1363,184,0
2016-11-25,3+2,112.19,1904,241,0
2016-11-25,4+0,25.28,4792,796,0
2016-11-25,2+2,22.38,24927,3377,0
2016-11-25,3+1,12.69,46467,5712,0
2016-11-25,3+0,7.41,150408,20632,0
2016-11-25,1+2,12.99,121420,16398,0
2016-11-25,2+1,8.21,576536,71558,0
2016-11-25,2+0,3.28,1769289,250255,0
2016-11-29,5+2,17000000.00,0,0,1
2016-11-29,5+1,189176.27,4,1,0
2016-11-29,5+0,58748.41,3,0,0
2016-11-29,4+2,3918.49,22,4,0
2016-11-29,4+1,211.38,435,61,0
2016-11-29,3+2,127.46,1007,117,0
2016-11-29,4+0,73.83,986,133,0
2016-11-29,2+2,22.38,14978,2140,0
2016-11-29,3+1,16.61,21331,2966,0
2016-11-29,3+0,13.07,51277,7676,0
2016-11-29,1+2,11.70,81038,11570,0
2016-11-29,2+1,8.35,340644,48722,0
2016-11-29,2+0,4.25,821109,123062,0
2016-12-02,5+2,29377167.00,1,0,0
2016-12-02,5+1,565854.23,2,1,0
2016-12-02,5+0,65896.94,4,1,0
2016-12-02,4+2,6446.44,20,2,0
2016-12-02,4+1,194.24,708,106,0
2016-12-02,3+2,164.06,1170,146,0
2016-12-02,4+0,53.52,2034,273,0
2016-12-02,2+2,28.86,17370,2078,0
2016-12-02,3+1,15.26,34713,4732,0
2016-12-02,3+0,10.27,97572,13850,0
2016-12-02,1+2,15.67,90478,11042,0
2016-12-02,2+1,8.70,488804,66806,0
2016-12-02,2+0,3.85,1354982,194123,0
2016-12-06,5+2,17000000.00,0,0,1
2016-12-06,5+1,184977.15,4,0,0
2016-12-06,5+0,21541.64,8,2,0
2016-12-06,4+2,1960.31,43,4,0
2016-12-06,4+1,118.46,759,100,0
2016-12-06,3+2,64.59,1943,242,0
2016-12-06,4+0,39.56,1799,262,0
2016-12-06,2+2,13.09,25031,3210,0
2016-12-06,3+1,10.89,31796,4423,0
2016-12-06,3+0,9.27,70700,10886,0
2016-12-06,1+2,7.81,118640,16017,0
2016-12-06,2+1,6.73,413285,57494,0
2016-12-06,2+0,3.80,898252,134059,0
2016-12-09,5+2,29101354.30,0,0,1
2016-12-09,5+1,138311.19,8,2,0
2016-12-09,5+0,42952.33,6,0,0
2016-12-09,4+2,2471.68,51,5,0
2016-12-09,4+1,157.63,853,112,0
2016-12-09,3+2,102.00,1840,243,0
2016-12-09,4+0,56.44,1886,203,0
2016-12-09,2+2,17.71,27676,4060,0
2016-12-09,3+1,13.80,37539,5406,0
2016-12-09,3+0,12.04,81417,10727,0
2016-12-09,1+2,9.23,150188,22942,0
2016-12-09,2+1,7.65,543595,80294,0
2016-12-09,2+0,4.45,1146616,154610,0
2016-12-13,5+2,38164326.90,0,0,1
2016-12-13,5+1,276224.85,3,0,0
2016-12-13,5+0,96503.87,2,0,0
2016-12-13,4+2,2950.18,32,2,0
2016-12-13,4+1,199.40,505,68,0
2016-12-13,3+2,85.13,1651,242,0
2016-12-13,4+0,76.21,1046,142,0
2016-12-13,2+2,14.45,25401,4045,0
2016-12-13,3+1,15.83,24510,3577,0
2016-12-13,3+0,14.07,52181,7280,0
2016-12-13,1+2,7.35,141240,22063,0
2016-12-13,2+1,8.19,380023,54166,0
2016-12-13,2+0,4.76,803844,108441,0
2016-12-16,5+2,51365464.60,0,0,1
2016-12-16,5+1,201174.74,6,1,0
2016-12-16,5+0,28113.53,10,2,0
2016-12-16,4+2,4435.86,31,9,0
2016-12-16,4+1,178.00,824,119,0
2016-12-16,3+2,141.39,1448,201,0
2016-12-16,4+0,59.15,1963,324,0
2016-12-16,2+2,24.87,21497,2753,0
2016-12-16,3+1,16.84,33566,4826,0
2016-12-16,3+0,12.76,83757,13070,0
2016-12-16,1+2,12.80,118116,14889,0
2016-12-16,2+1,9.10,498493,68387,0
2016-12-16,2+0,4.46,1249755,188947,0
2016-12-20,5+2,61653352.00,1,1,0
2016-12-20,5+1,67191.05,14,6,0
2016-12-20,5+0,14606.25,15,3,0
2016-12-20,4+2,1599.48,67,11,0
2016-12-20,4+1,72.21,1583,281,0
2016-12-20,3+2,77.94,2047,312,0
2016-12-20,4+0,35.58,2543,387,0
2016-12-20,2+2,17.31,24069,3253,0
2016-12-20,3+1,8.66,50852,8173,0
2016-12-20,3+0,9.19,90651,13339,0
2016-12-20,1+2,10.84,108723,14108,0
2016-12-20,2+1,5.82,607464,88374,0
2016-12-20,2+0,3.88,1117419,150595,0
2016-12-23,5+2,17000000.00,0,0,1
2016-12-23,5+1,603821.60,2,1,0
2016-12-23,5+0,40181.98,7,2,0
2016-12-23,4+2,2807.74,49,8,0
2016-12-23,4+1,148.38,989,182,0
2016-12-23,3+2,89.17,2297,487,0
2016-12-23,4+0,59.21,1962,304,0
2016-12-23,2+2,16.13,33162,6270,0
2016-12-23,3+1,14.28,39591,6955,0
2016-12-23,3+0,13.23,80841,11756,0
2016-12-23,1+2,8.24,183528,32583,0
2016-12-23,2+1,7.94,571233,92013,0
2016-12-23,2+0,4.91,1134414,157076,0
2016-12-27,5+2,25251858.00,1,0,0
2016-12-27,5+1,251503.35,3,0,0
2016-12-27,5+0,87866.99,2,0,0
2016-12-27,4+2,6139.77,14,3,0
2016-12-27,4+1,184.48,497,61,0
2016-12-27,3+2,160.98,795,102,0
2016-12-27,4+0,59.59,1218,166,0
2016-12-27,2+2,28.31,11807,1474,0
2016-12-27,3+1,15.88,22240,2979,0
2016-12-27,3+0,12.16,54968,8006,0
2016-12-27,1+2,15.35,61594,7724,0
2016-12-27,2+1,8.68,326595,45285,0
2016-12-27,2+0,4.29,811831,122685,0
2016-12-30,5+2,17000000.00,0,0,1
2016-12-30,5+1,379409.65,3,1,0
2016-12-30,5+0,37872.35,7,0,0
2016-12-30,4+2,3087.42,42,8,0
2016-12-30,4+1,154.54,895,115,0
2016-12-30,3+2,96.38,2003,273,0
2016-12-30,4+0,58.12,1884,263,0
2016-12-30,2+2,18.34,27490,4000,0
2016-12-30,3+1,13.03,40900,6035,0
2016-12-30,3+0,11.36,88780,13417,0
2016-12-30,1+2,10.15,140437,21463,0
2016-12-30,2+1,7.53,568132,85586,0
2016-12-30,2+0,4.25,1235236,190511,0
2017-01-03,5+2,25365761.50,0,0,1
2017-01-03,5+1,0.00,0,0,0
2017-01-03,5+0,134726.38,7,0,0
2017-01-03,4+2,2904.77,30,3,0
2017-01-03,4+1,162.50,572,67,0
2017-01-03,3+2,118.70,1093,121,0
2017-01-03,4+0,49.42,1489,179,0
2017-01-03,2+2,21.73,15593,2060,0
2017-01-03,3+1,15.20,23554,2991,0
2017-01-03,3+0,10.37,65312,8840,0
2017-01-03,1+2,12.07,79367,10595,0
2017-01-03,2+1,8.77,327904,44150,0
2017-01-03,2+0,3.96,891999,127050,0
2017-01-06,5+2,37152275.40,0,0,1
2017-01-06,5+1,215540.41,5,2,0
2017-01-06,5+0,27889.89,9,2,0
2017-01-06,4+2,6138.80,20,3,0
2017-01-06,4+1,173.68,754,120,0
2017-01-06,3+2,130.10,1405,209,0
2017-01-06,4+0,57.95,1789,239,0
2017-01-06,2+2,22.62,21100,3055,0
2017-01-06,3+1,14.25,35407,5044,0
2017-01-06,3+0,11.04,86431,12778,0
2017-01-06,1+2,12.13,111273,16204,0
2017-01-06,2+1,8.03,504296,73527,0
2017-01-06,2+0,4.06,1225401,185487,0
2017-01-10,5+2,46366060.30,0,0,1
2017-01-10,5+1,280821.37,3,0,0
2017-01-10,5+0,39243.89,5,1,0
2017-01-10,4+2,1919.53,50,5,0
2017-01-10,4+1,136.50,750,95,0
2017-01-10,3+2,88.15,1621,220,0
2017-01-10,4+0,53.49,1515,196,0
2017-01-10,2+2,15.53,24029,3101,0
2017-01-10,3+1,14.41,27375,3622,0
2017-01-10,3+0,11.98,62277,8624,0
2017-01-10,1+2,8.24,128094,16743,0
2017-01-10,2+1,7.99,396092,50553,0
2017-01-10,2+0,4.47,869294,116025,0
2017-01-13,5+2,61704972.60,0,0,1
2017-01-13,5+1,175314.53,8,2,0
2017-01-13,5+0,36295.78,9,1,0
2017-01-13,4+2,2577.10,62,13,0
2017-01-13,4+1,123.59,1379,198,0
2017-01-13,3+2,73.69,3228,405,0
2017-01-13,4+0,54.71,2466,374,0
2017-01-13,2+2,13.26,46858,5265,0
2017-01-13,3+1,11.46,57280,7819,0
2017-01-13,3+0,11.38,109202,15651,0
2017-01-13,1+2,7.35,238914,25909,0
2017-01-13,2+1,6.77,778041,99045,0
2017-01-13,2+0,4.27,1517238,205150,0
2017-01-17,5+2,72166973.50,0,0,1
2017-01-17,5+1,239148.74,4,0,0
2017-01-17,5+0,27850.23,8,1,0
2017-01-17,4+2,3757.90,29,3,0
2017-01-17,4+1,184.51,630,62,0
2017-01-17,3+2,123.01,1319,136,0
2017-01-17,4+0,66.97,1374,151,0
2017-01-17,2+2,21.91,19340,1852,0
2017-01-17,3+1,16.67,26865,2878,0
2017-01-17,3+0,13.00,65156,7243,0
2017-01-17,1+2,11.37,105357,10654,0
2017-01-17,2+1,8.95,401661,44600,0
2017-01-17,2+0,4.65,950064,108333,0
2017-01-20,5+2,81343945.90,0,0,1
2017-01-20,5+1,447519.02,3,0,0
2017-01-20,5+0,19543.55,16,3,0
2017-01-20,4+2,1593.22,96,17,0
2017-01-20,4+1,132.10,1235,165,0
2017-01-20,3+2,63.23,3601,659,0
2017-01-20,4+0,56.69,2278,239,0
2017-01-20,2+2,12.61,47153,8444,0
2017-01-20,3+1,11.82,53184,7495,0
2017-01-20,3+0,11.64,102166,11967,0
2017-01-20,1+2,7.12,236179,41853,0
2017-01-20,2+1,6.85,736643,102504,0
2017-01-20,2+0,4.39,1411722,167203,0
2017-01-24,5+2,88587275.00,1,0,0
2017-01-24,5+1,96333.83,11,0,0
2017-01-24,5+0,9872.38,25,0,0
2017-01-24,4+2,1172.05,103,14,0
2017-01-24,4+1,79.29,1624,237,0
2017-01-24,3+2,54.91,3273,408,0
2017-01-24,4+0,26.88,3792,465,0
2017-01-24,2+2,12.25,38294,5009,0
2017-01-24,3+1,8.55,58023,7216,0
2017-01-24,3+0,7.73,121326,14141,0
2017-01-24,1+2,7.75,171338,22517,0
2017-01-24,2+1,6.03,659707,81019,0
2017-01-24,2+0,3.63,1345199,150842,0
2017-01-27,5+2,17000000.00,0,0,1
2017-01-27,5+1,538931.34,2,0,0
2017-01-27,5+0,25104.65,10,2,0
2017-01-27,4+2,2361.43,52,5,0
2017-01-27,4+1,176.76,741,103,0
2017-01-27,3+2,82.54,2215,373,0
2017-01-27,4+0,70.73,1466,167,0
2017-01-27,2+2,14.59,32734,5786,0
2017-01-27,3+1,13.95,36192,5436,0
2017-01-27,3+0,13.60,70246,9131,0
2017-01-27,1+2,7.60,177760,30782,0
2017-01-27,2+1,7.66,529133,78946,0
2017-01-27,2+0,4.81,1036365,135043,0
2017-01-31,5+2,25880509.00,1,0,0
2017-01-31,5+1,270663.63,3,0,0
2017-01-31,5+0,63040.64,3,0,0
2017-01-31,4+2,2010.98,46,2,0
2017-01-31,4+1,136.28,724,81,0
2017-01-31,3+2,76.17,1808,225,0
2017-01-31,4+0,45.57,1714,207,0
2017-01-31,2+2,14.65,24548,2968,0
2017-01-31,3+1,11.50,33053,3960,0
2017-01-31,3+0,9.85,73036,9205,0
2017-01-31,1+2,8.49,119818,14998,0
2017-01-31,2+1,6.78,449761,56360,0
2017-01-31,2+0,3.84,975867,126372,0
2017-02-03,5+2,17000000.00,0,0,1
2017-02-03,5+1,369790.53,3,0,0
2017-02-03,5+0,51677.05,5,1,0
2017-02-03,4+2,4212.80,30,2,0
2017-02-03,4+1,192.58,700,96,0
2017-02-03,3+2,99.45,1892,307,0
2017-02-03,4+0,77.95,1369,193,0
2017-02-03,2+2,15.12,32498,5570,0
2017-02-03,3+1,15.61,33285,4984,0
2017-02-03,3+0,14.60,67286,9015,0
2017-02-03,1+2,7.60,182855,30991,0
2017-02-03,2+1,7.68,542868,82054,0
2017-02-03,2+0,4.76,1075437,142392,0
2017-02-07,5+2,25508738.20,0,0,1
2017-02-07,5+1,0.00,0,0,0
2017-02-07,5+0,319734.22,3,1,0
2017-02-07,4+2,3692.02,24,3,0
2017-02-07,4+1,157.83,599,83,0
2017-02-07,3+2,104.23,1266,178,0
2017-02-07,4+0,63.69,1175,154,0
2017-02-07,2+2,21.03,16383,2094,0
2017-02-07,3+1,13.70,26590,3586,0
2017-02-07,3+0,12.26,56225,7147,0
2017-02-07,1+2,12.05,80874,10195,0
2017-02-07,2+1,8.33,350916,45693,0
2017-02-07,2+0,4.42,812462,102710,0
2017-02-10,5+2,37780527.80,0,0,1
2017-02-10,5+1,280518.31,4,0,0
2017-02-10,5+0,43557.27,6,2,0
2017-02-10,4+2,2061.79,62,10,0
2017-02-10,4+1,137.73,990,143,0
2017-02-10,3+2,86.43,2202,299,0
2017-02-10,4+0,52.24,2066,331,0
2017-02-10,2+2,16.27,30549,3810,0
2017-02-10,3+1,12.44,42233,6267,0
2017-02-10,3+0,11.47,86623,12554,0
2017-02-10,1+2,8.79,159849,20229,0
2017-02-10,2+1,7.45,565625,78973,0
2017-02-10,2+0,4.47,1158318,157501,0
2017-02-14,5+2,23570709.00,2,0,0
2017-02-14,5+1,855914.64,1,0,0
2017-02-14,5+0,33225.37,6,1,0
2017-02-14,4+2,3611.45,27,6,0
2017-02-14,4+1,177.79,585,72,0
2017-02-14,3+2,107.38,1352,178,0
2017-02-14,4+0,62.28,1322,203,0
2017-02-14,2+2,20.26,18710,2200,0
2017-02-14,3+1,15.15,26447,3405,0
2017-02-14,3+0,12.34,61439,8250,0
2017-02-14,1+2,11.08,96739,10804,0
2017-02-14,2+1,8.18,392902,49439,0
2017-02-14,2+0,4.33,912910,113858,0
2017-02-17,5+2,17000000.00,1,0,0
2017-02-17,5+1,347002.95,3,0,0
2017-02-17,5+0,30307.85,8,1,0
2017-02-17,4+2,3593.81,33,4,0
2017-02-17,4+1,177.92,711,82,0
2017-02-17,3+2,111.05,1590,188,0
2017-02-17,4+0,66.67,1502,155,0
2017-02-17,2+2,18.06,25531,2912,0
2017-02-17,3+1,15.64,31155,3621,0
2017-02-17,3+0,13.96,66061,7696,0
2017-02-17,1+2,9.02,144487,18097,0
2017-02-17,2+1,8.30,471329,59424,0
2017-02-17,2+0,4.87,986394,122350,0
2017-02-21,5+2,17000000.00,0,0,1
2017-02-21,5+1,364667.68,2,0,0
2017-02-21,5+0,56623.50,3,1,0
2017-02-21,4+2,6924.06,12,0,0
2017-02-21,4+1,188.97,469,57,0
2017-02-21,3+2,130.77,946,101,0
2017-02-21,4+0,75.60,928,98,0
2017-02-21,2+2,22.52,14342,1692,0
2017-02-21,3+1,15.21,22453,2848,0
2017-02-21,3+0,13.85,46637,6004,0
2017-02-21,1+2,11.27,81058,9625,0
2017-02-21,2+1,7.84,349450,44961,0
2017-02-21,2+0,4.74,710356,90554,0
2017-02-24,5+2,28811184.80,0,0,1
2017-02-24,5+1,154279.69,7,0,0
2017-02-24,5+0,25153.44,10,2,0
2017-02-24,4+2,3844.78,32,6,0
2017-02-24,4+1,126.43,1038,118,0
2017-02-24,3+2,115.35,1588,204,0
2017-02-24,4+0,47.16,2203,224,0
2017-02-24,2+2,20.47,23372,2942,0
2017-02-24,3+1,11.62,43523,5366,0
2017-02-24,3+0,10.79,88645,10627,0
2017-02-24,1+2,11.24,120351,15518,0
2017-02-24,2+1,6.91,587214,76374,0
2017-02-24,2+0,4.17,1193938,148388,0
2017-02-28,5+2,37350465.60,0,0,1
2017-02-28,5+1,0.00,0,0,0
2017-02-28,5+0,240661.44,4,0,0
2017-02-28,4+2,5232.40,17,1,0
2017-02-28,4+1,231.41,410,59,0
2017-02-28,3+2,174.26,760,95,0
2017-02-28,4+0,60.28,1246,160,0
2017-02-28,2+2,30.33,11402,1176,0
2017-02-28,3+1,17.94,20373,2647,0
2017-02-28,3+0,12.69,54502,6995,0
2017-02-28,1+2,16.15,60555,5895,0
2017-02-28,2+1,9.53,308000,36448,0
2017-02-28,2+0,4.39,821467,102508,0
2017-03-03,5+2,50129162.90,0,0,1
2017-03-03,5+1,233684.51,5,0,0
2017-03-03,5+0,45356.48,6,0,0
2017-03-03,4+2,5787.45,23,5,0
2017-03-03,4+1,212.87,667,78,0
2017-03-03,3+2,154.83,1280,125,0
2017-03-03,4+0,51.11,2199,288,0
2017-03-03,2+2,28.13,18400,1862,0
2017-03-03,3+1,18.00,30390,3362,0
2017-03-03,3+0,11.16,92728,11547,0
2017-03-03,1+2,14.82,98747,9994,0
2017-03-03,2+1,10.00,438894,47593,0
2017-03-03,2+0,4.09,1319018,162157,0
2017-03-07,5+2,59887734.20,0,0,1
2017-03-07,5+1,0.00,0,0,0
2017-03-07,5+0,275024.54,4,1,0
2017-03-07,4+2,4419.64,23,3,0
2017-03-07,4+1,240.95,450,49,0
2017-03-07,3+2,146.79,1031,124,0
2017-03-07,4+0,85.83,1000,82,0
2017-03-07,2+2,23.88,16551,1728,0
2017-03-07,3+1,18.05,23140,2798,0
2017-03-07,3+0,15.86,49846,5876,0
2017-03-07,1+2,11.15,100253,10832,0
2017-03-07,2+1,9.10,368378,43656,0
2017-03-07,2+0,5.30,777159,88449,0
2017-03-10,5+2,73878559.30,0,0,1
2017-03-10,5+1,1279253.68,1,0,0
2017-03-10,5+0,74488.18,4,2,0
2017-03-10,4+2,4701.21,31,4,0
2017-03-10,4+1,231.67,671,73,0
2017-03-10,3+2,145.33,1493,164,0
2017-03-10,4+0,76.15,1616,174,0
2017-03-10,2+2,25.05,22625,2534,0
2017-03-10,3+1,18.99,31548,3450,0
2017-03-10,3+0,16.08,70465,7409,0
2017-03-10,1+2,12.93,123981,15037,0
2017-03-10,2+1,9.84,488735,56397,0
2017-03-10,2+0,5.30,1114364,122376,0
2017-03-14,5+2,80571199.00,1,1,0
2017-03-14,5+1,244777.07,4,1,0
2017-03-14,5+0,32577.92,7,1,0
2017-03-14,4+2,3598.19,31,3,0
2017-03-14,4+1,171.68,693,86,0
2017-03-14,3+2,85.29,1947,237,0
2017-03-14,4+0,65.27,1443,192,0
2017-03-14,2+2,14.82,29265,3610,0
2017-03-14,3+1,13.47,34032,3906,0
2017-03-14,3+0,12.96,66907,7374,0
2017-03-14,1+2,8.13,150788,18267,0
2017-03-14,2+1,7.27,506197,59488,0
2017-03-14,2+0,4.50,1004145,111841,0
2017-03-17,5+2,17000000.00,0,0,1
2017-03-17,5+1,518886.33,2,0,0
2017-03-17,5+0,21973.55,11,0,0
2017-03-17,4+2,1407.46,84,19,0
2017-03-17,4+1,123.75,1019,152,0
2017-03-17,3+2,63.54,2770,411,0
2017-03-17,4+0,52.35,1907,268,0
2017-03-17,2+2,12.64,36355,5471,0
2017-03-17,3+1,11.63,41785,6094,0
2017-03-17,3+0,11.30,81326,10961,0
2017-03-17,1+2,7.28,178397,26304,0
2017-03-17,2+1,6.91,564357,82273,0
2017-03-17,2+0,4.34,1103923,147672,0
2017-03-21,5+2,25165271.70,0,0,1
2017-03-21,5+1,373296.56,2,0,0
2017-03-21,5+0,34778.00,5,0,0
2017-03-21,4+2,4050.23,21,1,0
2017-03-21,4+1,220.74,411,47,0
2017-03-21,3+2,131.23,965,149,0
2017-03-21,4+0,73.81,973,129,0
2017-03-21,2+2,22.98,14392,1834,0
2017-03-21,3+1,17.50,19970,2437,0
2017-03-21,3+0,13.69,48313,6013,0
2017-03-21,1+2,12.33,75836,9144,0
2017-03-21,2+1,9.00,311529,38178,0
2017-03-21,2+0,4.47,770119,102376,0
2017-03-24,5+2,36870612.00,0,0,1
2017-03-24,5+1,152897.13,7,2,0
2017-03-24,5+0,49856.07,5,1,0
2017-03-24,4+2,1486.95,82,14,0
2017-03-24,4+1,111.35,1168,235,0
2017-03-24,3+2,62.75,2893,606,0
2017-03-24,4+0,50.99,2019,282,0
2017-03-24,2+2,12.48,37976,7227,0
2017-03-24,3+1,11.32,44252,7286,0
2017-03-24,3+0,11.09,85489,12157,0
2017-03-24,1+2,7.23,185338,32651,0
2017-03-24,2+1,6.70,600419,94524,0
2017-03-24,2+0,4.28,1154547,156813,0
2017-03-28,5+2,45620295.60,0,0,1
2017-03-28,5+1,266676.31,3,0,0
2017-03-28,5+0,14333.52,13,1,0
2017-03-28,4+2,2940.08,31,6,0
2017-03-28,4+1,163.66,594,74,0
2017-03-28,3+2,116.98,1160,144,0
2017-03-28,4+0,55.89,1377,173,0
2017-03-28,2+2,21.48,16499,1889,0
2017-03-28,3+1,14.86,25210,3057,0
2017-03-28,3+0,11.53,61436,8175,0
2017-03-28,1+2,11.66,85940,9942,0
2017-03-28,2+1,8.37,359331,42117,0
2017-03-28,2+0,4.17,885792,114994,0
2017-03-31,5+2,58432785.80,0,0,1
2017-03-31,5+1,585756.20,2,1,0
2017-03-31,5+0,19489.89,14,1,0
2017-03-31,4+2,5802.75,23,1,0
2017-03-31,4+1,197.44,721,70,0
2017-03-31,3+2,166.28,1195,121,0
2017-03-31,4+0,53.77,2096,294,0
2017-03-31,2+2,28.92,17946,1861,0
2017-03-31,3+1,16.39,33464,3911,0
2017-03-31,3+0,10.87,95479,13440,0
2017-03-31,1+2,15.46,94913,9418,0
2017-03-31,2+1,9.15,480911,55817,0
2017-03-31,2+0,3.96,1364410,186191,0
2017-04-04,5+2,68205609.80,0,0,1
2017-04-04,5+1,297859.98,3,0,0
2017-04-04,5+0,52031.23,4,3,0
2017-04-04,4+2,3181.25,32,4,0
2017-04-04,4+1,188.84,575,70,0
2017-04-04,3+2,92.47,1639,223,0
2017-04-04,4+0,73.16,1175,131,0
2017-04-04,2+2,15.93,24843,3373,0
2017-04-04,3+1,14.98,27920,3296,0
2017-04-04,3+0,13.18,60062,7000,0
2017-04-04,1+2,8.42,132897,17219,0
2017-04-04,2+1,7.88,426256,50047,0
2017-04-04,2+0,4.52,911875,107588,0
2017-04-07,5+2,76652439.50,0,0,1
2017-04-07,5+1,617869.94,2,0,0
2017-04-07,5+0,26165.26,11,3,0
2017-04-07,4+2,2995.32,47,8,0
2017-04-07,4+1,167.03,899,134,0
2017-04-07,3+2,106.18,1974,240,0
2017-04-07,4+0,59.02,2014,306,0
2017-04-07,2+2,18.85,29033,3315,0
2017-04-07,3+1,13.28,43568,5888,0
2017-04-07,3+0,12.32,88858,12571,0
2017-04-07,1+2,9.99,154973,17980,0
2017-04-07,2+1,7.29,636764,82505,0
2017-04-07,2+0,4.46,1277867,176505,0
2017-04-11,5+2,83397527.00,1,0,0
2017-04-11,5+1,986781.30,1,0,0
2017-04-11,5+0,45966.52,5,0,0
2017-04-11,4+2,3306.41,34,2,0
2017-04-11,4+1,176.60,679,80,0
2017-04-11,3+2,84.49,1981,241,0
2017-04-11,4+0,71.32,1331,146,0
2017-04-11,2+2,14.46,30230,3952,0
2017-04-11,3+1,14.51,31833,3516,0
2017-04-11,3+0,12.60,69370,7486,0
2017-04-11,1+2,7.55,163646,22174,0
2017-04-11,2+1,7.74,479239,55955,0
2017-04-11,2+0,4.42,1029199,114763,0
2017-04-14,5+2,17000000.00,0,0,1
2017-04-14,5+1,325832.50,3,2,0
2017-04-14,5+0,45534.06,5,1,0
2017-04-14,4+2,2420.87,46,8,0
2017-04-14,4+1,139.41,852,144,0
2017-04-14,3+2,112.48,1474,223,0
2017-04-14,4+0,43.75,2149,431,0
2017-04-14,2+2,20.81,20801,2661,0
2017-04-14,3+1,13.44,34054,4822,0
2017-04-14,3+0,9.82,88122,14141,0
2017-04-14,1+2,11.82,103554,12806,0
2017-04-14,2+1,7.98,459998,60556,0
2017-04-14,2+0,3.80,1185499,171419,0
2017-04-18,5+2,24655351.20,0,0,1
2017-04-18,5+1,699968.46,1,0,0
2017-04-18,5+0,54343.54,3,0,0
2017-04-18,4+2,5695.94,14,3,0
2017-04-18,4+1,199.67,426,53,0
2017-04-18,3+2,170.83,695,83,0
2017-04-18,4+0,60.66,1110,140,0
2017-04-18,2+2,30.10,10301,1298,0
2017-04-18,3+1,16.46,19911,2761,0
2017-04-18,3+0,12.66,48987,6069,0
2017-04-18,1+2,15.80,55483,7176,0
2017-04-18,2+1,9.00,292336,41700,0
2017-04-18,2+0,4.42,730439,94868,0
2017-04-21,5+2,36047523.80,0,0,1
2017-04-21,5+1,347215.13,3,0,0
2017-04-21,5+0,40435.18,6,0,0
2017-04-21,4+2,3042.78,39,8,0
2017-04-21,4+1,142.54,888,98,0
2017-04-21,3+2,99.03,1784,194,0
2017-04-21,4+0,53.84,1861,232,0
2017-04-21,2+2,18.57,24839,3014,0
2017-04-21,3+1,12.00,40647,5060,0
2017-04-21,3+0,11.43,80735,9532,0
2017-04-21,1+2,10.10,129174,16638,0
2017-04-21,2+1,6.88,568872,77889,0
2017-04-21,2+0,4.34,1108135,139697,0
2017-04-25,5+2,44628596.50,0,0,1
2017-04-25,5+1,87179.10,9,0,0
2017-04-25,5+0,26106.43,7,1,0
2017-04-25,4+2,1787.72,50,5,0
2017-04-25,4+1,125.78,758,72,0
2017-04-25,3+2,61.04,2180,257,0
2017-04-25,4+0,53.80,1403,135,0
2017-04-25,2+2,11.77,29523,3710,0
2017-04-25,3+1,11.64,31559,3378,0
2017-04-25,3+0,11.88,58499,5964,0
2017-04-25,1+2,6.95,141385,18139,0
2017-04-25,2+1,6.83,431628,50869,0
2017-04-25,2+0,4.42,820118,89247,0
2017-04-28,5+2,57367995.70,0,0,1
2017-04-28,5+1,582414.66,2,1,0
2017-04-28,5+0,67825.50,4,3,0
2017-04-28,4+2,2106.38,63,9,0
2017-04-28,4+1,162.32,872,115,0
2017-04-28,3+2,75.41,2620,414,0
2017-04-28,4+0,62.46,1794,189,0
2017-04-28,2+2,13.92,37060,5762,0
2017-04-28,3+1,14.07,38755,5387,0
2017-04-28,3+0,12.66,81489,10349,0
2017-04-28,1+2,7.43,196312,30015,0
2017-04-28,2+1,7.85,557444,74094,0
2017-04-28,2+0,4.55,1180984,147975,0
2017-05-02,5+2,66014926.40,0,0,1
2017-05-02,5+1,395316.85,2,1,0
2017-05-02,5+0,14165.19,13,1,0
2017-05-02,4+2,4503.60,20,1,0
2017-05-02,4+1,167.67,573,68,0
2017-05-02,3+2,165.97,808,88,0
2017-05-02,4+0,32.50,2340,258,0
2017-05-02,2+2,30.10,11636,1211,0
2017-05-02,3+1,16.58,22325,2560,0
2017-05-02,3+0,7.98,87738,10937,0
2017-05-02,1+2,16.32,60687,6440,0
2017-05-02,2+1,9.90,300043,34082,0
2017-05-02,2+0,3.30,1103995,142051,0
2017-05-05,5+2,74483969.30,0,0,1
2017-05-05,5+1,309747.40,4,0,0
2017-05-05,5+0,144287.39,2,0,0
2017-05-05,4+2,3442.70,41,6,0
2017-05-05,4+1,163.12,923,115,0
2017-05-05,3+2,111.37,1887,207,0
2017-05-05,4+0,70.19,1698,196,0
2017-05-05,2+2,17.53,31310,4081,0
2017-05-05,3+1,13.39,43330,5257,0
2017-05-05,3+0,12.93,84899,9659,0
2017-05-05,1+2,9.88,157020,20526,0
2017-05-05,2+1,7.31,636510,79691,0
2017-05-05,2+0,4.47,1278175,150511,0
2017-05-09,5+2,81075587.60,0,0,1
2017-05-09,5+1,96432.93,10,1,0
2017-05-09,5+0,17277.17,13,4,0
2017-05-09,4+2,2112.69,52,10,0
2017-05-09,4+1,92.78,1263,189,0
2017-05-09,3+2,78.37,2087,244,0
2017-05-09,4+0,41.58,2231,311,0
2017-05-09,2+2,14.84,28776,3121,0
2017-05-09,3+1,9.86,45771,5588,0
2017-05-09,3+0,10.24,83417,10608,0
2017-05-09,1+2,9.45,127810,13124,0
2017-05-09,2+1,6.24,580491,66373,0
2017-05-09,2+0,4.13,1076334,128737,0
2017-05-12,5+2,90507120.50,0,0,1
2017-05-12,5+1,0.00,0,0,0
2017-05-12,5+0,170116.90,10,0,0
2017-05-12,4+2,2858.04,55,10,0
2017-05-12,4+1,181.65,923,120,0
2017-05-12,3+2,88.58,2642,370,0
2017-05-12,4+0,64.34,2063,260,0
2017-05-12,2+2,15.19,40239,5024,0
2017-05-12,3+1,14.29,45203,5692,0
2017-05-12,3+0,12.89,94832,11738,0
2017-05-12,1+2,7.75,223008,29291,0
2017-05-12,2+1,7.69,673987,84851,0
2017-05-12,2+0,4.55,1398397,168298,0
2017-05-16,5+2,98136932.00,0,0,1
2017-05-16,5+1,372071.05,3,1,0
2017-05-16,5+0,15292.86,17,0,0
2017-05-16,4+2,1550.77,82,10,0
2017-05-16,4+1,99.37,1365,162,0
2017-05-16,3+2,63.15,2998,381,0
2017-05-16,4+0,43.17,2487,302,0
2017-05-16,2+2,13.31,37148,4931,0
2017-05-16,3+1,10.35,50466,6430,0
2017-05-16,3+0,10.33,95673,10986,0
2017-05-16,1+2,8.08,173088,23485,0
2017-05-16,2+1,6.78,618881,77610,0
2017-05-16,2+0,4.19,1229049,140217,0
2017-05-19,5+2,109192063.50,0,0,1
2017-05-19,5+1,269554.13,6,0,0
2017-05-19,5+0,25112.89,15,2,0
2017-05-19,4+2,1588.38,116,14,0
2017-05-19,4+1,91.19,2155,265,0
2017-05-19,3+2,58.05,4725,522,0
2017-05-19,4+0,38.91,3998,499,0
2017-05-19,2+2,12.15,58946,7308,0
2017-05-19,3+1,9.70,78073,9402,0
2017-05-19,3+0,9.34,153428,18736,0
2017-05-19,1+2,7.69,263339,33416,0
2017-05-19,2+1,6.48,937524,115651,0
2017-05-19,2+0,3.85,1938752,244945,0
2017-05-23,5+2,118337309.10,0,0,1
2017-05-23,5+1,334478.89,4,1,0
2017-05-23,5+0,38951.97,8,0,0
2017-05-23,4+2,2988.64,51,8,0
2017-05-23,4+1,152.51,1066,135,0
2017-05-23,3+2,107.19,2117,265,0
2017-05-23,4+0,49.84,2582,344,0
2017-05-23,2+2,20.53,28867,3390,0
2017-05-23,3+1,13.32,47039,5654,0
2017-05-23,3+0,10.81,109569,14305,0
2017-05-23,1+2,11.19,149808,17153,0
2017-05-23,2+1,7.83,642045,75936,0
2017-05-23,2+0,4.10,1505250,194418,0
2017-05-26,5+2,130028601.30,0,0,1
2017-05-26,5+1,427598.18,4,0,0
2017-05-26,5+0,44263.32,9,0,0
2017-05-26,4+2,3542.81,55,4,0
2017-05-26,4+1,168.97,1230,159,0
2017-05-26,3+2,112.79,2572,274,0
2017-05-26,4+0,60.60,2715,415,0
2017-05-26,2+2,20.05,37779,4317,0
2017-05-26,3+1,15.23,52565,7246,0
2017-05-26,3+0,11.90,127337,18688,0
2017-05-26,1+2,10.91,196462,22725,0
2017-05-26,2+1,8.16,787862,107083,0
2017-05-26,2+0,4.16,1895568,270550,0
2017-05-30,5+2,139962741.60,0,0,1
2017-05-30,5+1,484442.64,3,1,0
2017-05-30,5+0,19911.56,17,4,0
2017-05-30,4+2,3066.09,54,6,0
2017-05-30,4+1,139.49,1266,140,0
2017-05-30,3+2,82.66,2982,378,0
2017-05-30,4+0,48.78,2866,331,0
2017-05-30,2+2,15.73,40909,5013,0
2017-05-30,3+1,12.72,53492,6384,0
2017-05-30,3+0,11.10,115921,14000,0
2017-05-30,1+2,8.82,206300,26889,0
2017-05-30,2+1,7.30,747463,92552,0
2017-05-30,2+0,4.18,1604043,202778,0
2017-06-02,5+2,153873716.00,1,0,0
2017-06-02,5+1,290732.00,7,2,0
2017-06-02,5+0,20608.85,23,2,0
2017-06-02,4+2,2088.73,111,15,0
2017-06-02,4+1,135.36,1827,301,0
2017-06-02,3+2,78.68,4387,665,0
2017-06-02,4+0,49.15,3983,601,0
2017-06-02,2+2,14.60,61745,9401,0
2017-06-02,3+1,12.77,74589,11040,0
2017-06-02,3+0,11.41,158010,22469,0
2017-06-02,1+2,7.74,329474,51250,0
2017-06-02,2+1,7.45,1025852,153125,0
2017-06-02,2+0,4.35,2159425,309113,0
2017-06-06,5+2,17000000.00,0,0,1
2017-06-06,5+1,0.00,0,0,0
2017-06-06,5+0,318587.20,3,0,0
2017-06-06,4+2,2848.86,31,1,0
2017-06-06,4+1,183.27,514,58,0
2017-06-06,3+2,79.35,1657,227,0
2017-06-06,4+0,70.15,1063,126,0
2017-06-06,2+2,12.36,27783,4270,0
2017-06-06,3+1,15.81,22954,3052,0
2017-06-06,3+0,14.49,47389,6342,0
2017-06-06,1+2,5.99,162020,25328,0
2017-06-06,2+1,7.92,367668,49253,0
2017-06-06,2+0,4.88,733727,101087,0
2017-06-09,5+2,29190553.10,0,0,1
2017-06-09,5+1,1114645.48,1,0,0
2017-06-09,5+0,23601.23,11,2,0
2017-06-09,4+2,7469.70,17,1,0
2017-06-09,4+1,193.77,699,116,0
2017-06-09,3+2,139.94,1351,183,0
2017-06-09,4+0,49.71,2157,324,0
2017-06-09,2+2,26.46,18657,2480,0
2017-06-09,3+1,16.77,31122,4221,0
2017-06-09,3+0,10.91,90499,14435,0
2017-06-09,1+2,13.76,101443,13996,0
2017-06-09,2+1,9.70,431977,56858,0
2017-06-09,2+0,4.03,1276750,195313,0
2017-06-13,5+2,38110538.00,0,0,1
2017-06-13,5+1,407800.23,2,1,0
2017-06-13,5+0,15830.22,12,0,0
2017-06-13,4+2,3573.71,26,0,0
2017-06-13,4+1,162.21,611,58,0
2017-06-13,3+2,108.16,1279,150,0
2017-06-13,4+0,45.22,1735,192,0
2017-06-13,2+2,21.40,16878,1796,0
2017-06-13,3+1,13.57,28149,3105,0
2017-06-13,3+0,9.73,74209,9129,0
2017-06-13,1+2,12.11,84363,9505,0
2017-06-13,2+1,7.93,386576,44091,0
2017-06-13,2+0,3.77,997580,125515,0
2017-06-16,5+2,50405630.00,0,0,1
2017-06-16,5+1,140525.50,8,1,0
2017-06-16,5+0,20141.53,13,0,0
2017-06-16,4+2,6403.69,20,2,0
2017-06-16,4+1,209.20,653,62,0
2017-06-16,3+2,178.21,1070,115,0
2017-06-16,4+0,64.22,1684,194,0
2017-06-16,2+2,31.16,15981,1817,0
2017-06-16,3+1,17.86,29474,3813,0
2017-06-16,3+0,13.21,75357,10676,0
2017-06-16,1+2,16.42,85775,9425,0
2017-06-16,2+1,9.54,442692,58242,0
2017-06-16,2+0,4.47,1159464,161918,0
2017-06-20,5+2,59644334.40,0,0,1
2017-06-20,5+1,281580.88,3,0,0
2017-06-20,5+0,49187.54,4,1,0
2017-06-20,4+2,4009.85,24,6,0
2017-06-20,4+1,192.59,533,61,0
2017-06-20,3+2,126.80,1130,160,0
2017-06-20,4+0,63.73,1275,124,0
2017-06-20,2+2,22.24,16821,1879,0
2017-06-20,3+1,15.49,25527,2924,0
2017-06-20,3+0,12.38,60458,6652,0
2017-06-20,1+2,12.08,87600,10213,0
2017-06-20,2+1,8.37,379200,45074,0
2017-06-20,2+0,4.34,897423,104096,0
2017-06-23,5+2,72762689.40,0,0,1
2017-06-23,5+1,299869.80,4,1,0
2017-06-23,5+0,69843.09,4,1,0
2017-06-23,4+2,3036.65,45,7,0
2017-06-23,4+1,201.04,725,87,0
2017-06-23,3+2,61.17,3326,538,0
2017-06-23,4+0,74.11,1557,163,0
2017-06-23,2+2,9.87,53795,8830,0
2017-06-23,3+1,13.70,41003,5554,0
2017-06-23,3+0,13.67,77727,10023,0
2017-06-23,1+2,5.52,271863,43219,0
2017-06-23,2+1,7.07,637300,87957,0
2017-06-23,2+0,4.62,1198651,159787,0
2017-06-27,5+2,79203977.00,0,0,1
2017-06-27,5+1,134619.50,7,1,0
2017-06-27,5+0,31354.41,7,2,0
2017-06-27,4+2,2147.09,50,8,0
2017-06-27,4+1,112.48,1018,177,0
2017-06-27,3+2,97.16,1645,236,0
2017-06-27,4+0,44.39,2042,358,0
2017-06-27,2+2,17.94,23269,3210,0
2017-06-27,3+1,11.49,38384,5664,0
2017-06-27,3+0,10.17,82034,12610,0
2017-06-27,1+2,10.05,117443,16116,0
2017-06-27,2+1,7.12,497070,70551,0
2017-06-27,2+0,4.06,1070350,151096,0
2017-06-30,5+2,100000000.00,1,0,0
2017-06-30,5+1,312627.53,6,0,0
2017-06-30,5+0,62412.44,7,1,0
2017-06-30,4+2,4190.09,51,10,0
2017-06-30,4+1,199.07,1145,200,0
2017-06-30,3+2,112.86,2819,566,0
2017-06-30,4+0,67.83,2660,394,0
2017-06-30,2+2,19.38,42873,6318,0
2017-06-30,3+1,16.08,54632,7783,0
2017-06-30,3+0,13.81,120296,16730,0
2017-06-30,1+2,9.81,239603,32297,0
2017-06-30,2+1,8.60,819304,107085,0
2017-06-30,2+0,4.88,1773960,221927,0
2017-07-04,5+2,17000000.00,0,0,1
2017-07-04,5+1,379863.34,2,0,0
2017-07-04,5+0,44237.24,4,0,0
2017-07-04,4+2,2111.00,41,5,0
2017-07-04,4+1,160.27,576,63,0
2017-07-04,3+2,68.72,1875,291,0
2017-07-04,4+0,59.51,1228,157,0
2017-07-04,2+2,12.79,26316,4236,0
2017-07-04,3+1,13.43,26491,3345,0
2017-07-04,3+0,12.58,53474,6211,0
2017-07-04,1+2,6.84,139075,23338,0
2017-07-04,2+1,7.43,384356,51923,0
2017-07-04,2+0,4.60,761876,89637,0
2017-07-07,5+2,28975630.00,1,0,0
2017-07-07,5+1,218998.78,5,0,0
2017-07-07,5+0,25503.65,10,5,0
2017-07-07,4+2,4024.06,31,7,0
2017-07-07,4+1,162.07,821,192,0
2017-07-07,3+2,110.42,1682,274,0
2017-07-07,4+0,65.92,1598,337,0
2017-07-07,2+2,17.97,26983,3729,0
2017-07-07,3+1,15.81,32427,5350,0
2017-07-07,3+0,14.29,67850,10814,0
2017-07-07,1+2,8.70,157645,21916,0
2017-07-07,2+1,8.36,491840,73224,0
2017-07-07,2+0,4.94,1022080,145751,0
2017-07-11,5+2,17000000.00,1,1,0
2017-07-11,5+1,369210.29,2,1,0
2017-07-11,5+0,34397.31,5,1,0
2017-07-11,4+2,2900.82,29,3,0
2017-07-11,4+1,202.55,443,63,0
2017-07-11,3+2,131.15,955,112,0
2017-07-11,4+0,66.26,1072,154,0
2017-07-11,2+2,23.05,14187,1899,0
2017-07-11,3+1,16.20,21345,3119,0
2017-07-11,3+0,12.84,50952,7154,0
2017-07-11,1+2,12.30,75221,9982,0
2017-07-11,2+1,8.69,319253,45794,0
2017-07-11,2+0,4.47,762345,106750,0
2017-07-14,5+2,17000000.00,0,0,1
2017-07-14,5+1,1004016.96,1,0,0
2017-07-14,5+0,77948.99,3,0,0
2017-07-14,4+2,3010.04,38,4,0
2017-07-14,4+1,172.08,709,85,0
2017-07-14,3+2,117.77,1446,161,0
2017-07-14,4+0,63.04,1532,213,0
2017-07-14,2+2,21.07,21105,2511,0
2017-07-14,3+1,13.72,34252,4695,0
2017-07-14,3+0,11.80,75388,11019,0
2017-07-14,1+2,11.61,108366,13134,0
2017-07-14,2+1,7.53,500930,70542,0
2017-07-14,2+0,4.18,1108450,170664,0
2017-07-18,5+2,25104935.64,0,0,1
2017-07-18,5+1,148215.25,5,0,0
2017-07-18,5+0,86302.55,2,0,0
2017-07-18,4+2,4020.30,21,2,0
2017-07-18,4+1,189.98,474,72,0
2017-07-18,3+2,83.85,1499,264,0
2017-07-18,4+0,79.03,902,103,0
2017-07-18,2+2,12.63,25984,4271,0
2017-07-18,3+1,15.28,22709,3366,0
2017-07-18,3+0,15.35,42754,5809,0
2017-07-18,1+2,6.47,143431,23183,0
2017-07-18,2+1,7.59,366785,55147,0
2017-07-18,2+0,5.07,675226,92741,0
2017-07-21,5+2,36567350.31,0,0,1
2017-07-21,5+1,524034.00,2,0,0
2017-07-21,5+0,81368.99,3,0,0
2017-07-21,4+2,2296.15,52,6,0
2017-07-21,4+1,142.30,895,136,0
2017-07-21,3+2,74.13,2398,396,0
2017-07-21,4+0,58.75,1716,204,0
2017-07-21,2+2,13.20,35167,6524,0
2017-07-21,3+1,11.96,41037,6042,0
2017-07-21,3+0,12.19,76145,10253,0
2017-07-21,1+2,7.17,182995,34004,0
2017-07-21,2+1,6.97,564974,88066,0
2017-07-21,2+0,4.52,1069100,147906,0
2017-07-25,5+2,45205505.02,0,0,1
2017-07-25,5+1,789831.27,1,1,0
2017-07-25,5+0,61320.23,3,0,0
2017-07-25,4+2,3912.20,23,0,0
2017-07-25,4+1,255.26,376,48,0
2017-07-25,3+2,140.28,955,117,0
2017-07-25,4+0,81.61,931,108,0
2017-07-25,2+2,22.44,15590,1738,0
2017-07-25,3+1,18.13,20402,2433,0
2017-07-25,3+0,14.94,46814,5290,0
2017-07-25,1+2,11.14,88833,10679,0
2017-07-25,2+1,9.06,327437,39115,0
2017-07-25,2+0,4.72,772642,93511,0
2017-07-28,5+2,57871110.00,1,0,0
2017-07-28,5+1,386027.31,3,1,0
2017-07-28,5+0,38532.92,7,0,0
2017-07-28,4+2,2314.62,57,5,0
2017-07-28,4+1,171.83,819,107,0
2017-07-28,3+2,99.00,1984,268,0
2017-07-28,4+0,60.22,1850,324,0
2017-07-28,2+2,18.08,28366,3888,0
2017-07-28,3+1,14.13,38374,5401,0
2017-07-28,3+0,12.23,83876,12557,0
2017-07-28,1+2,9.78,148371,20400,0
2017-07-28,2+1,7.63,570357,77757,0
2017-07-28,2+0,4.38,1218959,172280,0
2017-08-01,5+2,17000000.00,0,0,1
2017-08-01,5+1,178435.65,4,1,0
2017-08-01,5+0,13853.23,12,4,0
2017-08-01,4+2,3252.49,25,2,0
2017-08-01,4+1,149.79,579,84,0
2017-08-01,3+2,110.46,1096,122,0
2017-08-01,4+0,46.90,1464,200,0
2017-08-01,2+2,21.90,14436,1960,0
2017-08-01,3+1,14.10,23699,3377,0
2017-08-01,3+0,10.73,58934,8280,0
2017-08-01,1+2,11.94,74867,10492,0
2017-08-01,2+1,8.11,330638,48265,0
2017-08-01,2+0,4.06,810694,117178,0
2017-08-04,5+2,28246596.89,0,0,1
2017-08-04,5+1,257083.66,4,1,0
2017-08-04,5+0,47902.17,5,0,0
2017-08-04,4+2,4686.08,25,3,0
2017-08-04,4+1,240.77,519,78,0
2017-08-04,3+2,145.71,1197,159,0
2017-08-04,4+0,91.94,1076,134,0
2017-08-04,2+2,20.07,22690,3381,0
2017-08-04,3+1,19.32,24919,3400,0
2017-08-04,3+0,17.33,52567,6801,0
2017-08-04,1+2,9.37,137455,20244,0
2017-08-04,2+1,9.20,420217,65711,0
2017-08-04,2+0,5.39,879894,129235,0
2017-08-08,5+2,36563144.00,1,1,0
2017-08-08,5+1,190106.24,4,0,0
2017-08-08,5+0,35422.32,5,1,0
2017-08-08,4+2,3609.61,24,2,0
2017-08-08,4+1,190.52,485,85,0
2017-08-08,3+2,110.14,1171,174,0
2017-08-08,4+0,75.03,975,123,0
2017-08-08,2+2,19.56,17221,2356,0
2017-08-08,3+1,14.85,23975,4345,0
2017-08-08,3+0,14.80,45521,6839,0
2017-08-08,1+2,10.53,90484,12047,0
2017-08-08,2+1,7.73,369504,61156,0
2017-08-08,2+0,4.97,705906,102437,0
2017-08-11,5+2,17000000.00,0,0,1
2017-08-11,5+1,331152.74,3,0,0
2017-08-11,5+0,46277.54,5,1,0
2017-08-11,4+2,3429.66,33,5,0
2017-08-11,4+1,186.87,646,105,0
2017-08-11,3+2,164.08,1027,150,0
2017-08-11,4+0,62.22,1536,206,0
2017-08-11,2+2,29.69,14822,2074,0
2017-08-11,3+1,17.23,27002,3989,0
2017-08-11,3+0,13.25,66401,9135,0
2017-08-11,1+2,15.71,79233,11147,0
2017-08-11,2+1,9.72,384165,57075,0
2017-08-11,2+0,4.89,938643,129352,0
2017-08-15,5+2,24238048.71,0,0,1
2017-08-15,5+1,0.00,0,0,0
2017-08-15,5+0,203988.98,4,0,0
2017-08-15,4+2,4188.68,18,1,0
2017-08-15,4+1,202.57,397,50,0
2017-08-15,3+2,141.02,796,93,0
2017-08-15,4+0,68.46,930,141,0
2017-08-15,2+2,24.02,12204,1561,0
2017-08-15,3+1,17.11,18107,2682,0
2017-08-15,3+0,13.58,43179,6947,0
2017-08-15,1+2,12.87,64398,7632,0
2017-08-15,2+1,8.96,277649,40323,0
2017-08-15,2+0,4.58,667406,105129,0
2017-08-18,5+2,35595610.50,0,0,1
2017-08-18,5+1,346160.25,3,0,0
2017-08-18,5+0,48374.80,5,0,0
2017-08-18,4+2,3286.33,36,6,0
2017-08-18,4+1,194.14,650,88,0
2017-08-18,3+2,87.33,2017,324,0
2017-08-18,4+0,75.80,1318,153,0
2017-08-18,2+2,14.94,30792,5032,0
2017-08-18,3+1,16.12,30161,4145,0
2017-08-18,3+0,14.74,62411,7948,0
2017-08-18,1+2,7.48,173919,29103,0
2017-08-18,2+1,8.56,455753,64410,0
2017-08-18,2+0,5.07,946271,124115,0
2017-08-22,5+2,44105265.00,1,0,0
2017-08-22,5+1,64840.15,12,2,0
2017-08-22,5+0,22653.01,8,1,0
2017-08-22,4+2,703.50,126,23,0
2017-08-22,4+1,61.39,1540,230,0
2017-08-22,3+2,35.41,3727,866,0
2017-08-22,4+0,33.31,2247,304,0
2017-08-22,2+2,9.35,36864,7269,0
2017-08-22,3+1,7.48,48664,7857,0
2017-08-22,3+0,8.68,79413,10006,0
2017-08-22,1+2,6.53,149279,27684,0
2017-08-22,2+1,5.50,531479,81020,0
2017-08-22,2+0,3.86,930622,120057,0
2017-08-25,5+2,17000000.00,1,0,0
2017-08-25,5+1,495917.13,2,0,0
2017-08-25,5+0,16500.67,14,0,0
2017-08-25,4+2,4708.07,24,5,0
2017-08-25,4+1,143.31,841,98,0
2017-08-25,3+2,159.61,1054,115,0
2017-08-25,4+0,41.41,2304,303,0
2017-08-25,2+2,29.82,14733,1841,0
2017-08-25,3+1,13.82,33589,4549,0
2017-08-25,3+0,8.91,98628,14362,0
2017-08-25,1+2,16.57,74972,8848,0
2017-08-25,2+1,8.30,449128,60343,0
2017-08-25,2+0,3.65,1254375,179186,0
2017-08-29,5+2,17000000.00,0,0,1
2017-08-29,5+1,695443.62,1,0,0
2017-08-29,5+0,40494.18,4,1,0
2017-08-29,4+2,2731.99,29,7,0
2017-08-29,4+1,149.04,567,65,0
2017-08-29,3+2,102.13,1155,168,0
2017-08-29,4+0,56.69,1180,157,0
2017-08-29,2+2,17.78,17328,2537,0
2017-08-29,3+1,13.59,23963,3596,0
2017-08-29,3+0,12.01,51303,7274,0
2017-08-29,1+2,9.50,91726,13695,0
2017-08-29,2+1,7.45,350582,52769,0
2017-08-29,2+0,4.38,732569,98999,0
2017-09-01,5+2,28287321.00,1,0,0
2017-09-01,5+1,344019.40,3,1,0
2017-09-01,5+0,48075.62,5,0,0
2017-09-01,4+2,2672.18,44,2,0
2017-09-01,4+1,131.32,955,119,0
2017-09-01,3+2,63.68,2749,417,0
2017-09-01,4+0,54.25,1830,204,0
2017-09-01,2+2,11.07,41270,6617,0
2017-09-01,3+1,11.21,43119,5484,0
2017-09-01,3+0,10.68,85550,9810,0
2017-09-01,1+2,6.31,204738,37030,0
2017-09-01,2+1,6.52,595082,82709,0
2017-09-01,2+0,4.04,1179926,142434,0
2017-09-05,5+2,17000000.00,0,0,1
2017-09-05,5+1,142799.21,5,1,0
2017-09-05,5+0,13858.15,12,1,0
2017-09-05,4+2,1427.04,57,7,0
2017-09-05,4+1,95.76,906,113,0
2017-09-05,3+2,72.60,1668,219,0
2017-09-05,4+0,42.84,1603,183,0
2017-09-05,2+2,14.52,21772,3135,0
2017-09-05,3+1,10.77,31037,4254,0
2017-09-05,3+0,9.71,65089,8784,0
2017-09-05,1+2,9.12,98087,13092,0
2017-09-05,2+1,6.84,391894,52923,0
2017-09-05,2+0,3.93,838812,113101,0
2017-09-08,5+2,28504963.13,0,0,1
2017-09-08,5+1,1051958.43,1,0,0
2017-09-08,5+0,61253.27,4,1,0
2017-09-08,4+2,4993.47,24,1,0
2017-09-08,4+1,220.40,580,67,0
2017-09-08,3+2,121.71,1466,174,0
2017-09-08,4+0,75.18,1346,148,0
2017-09-08,2+2,20.48,22753,2793,0
2017-09-08,3+1,16.69,29517,3489,0
2017-09-08,3+0,14.20,65617,7584,0
2017-09-08,1+2,10.09,130535,18025,0
2017-09-08,2+1,8.53,463292,60298,0
2017-09-08,2+0,4.84,1003813,120377,0
2017-09-12,5+2,37430146.24,0,0,1
2017-09-12,5+1,408037.88,2,1,0
2017-09-12,5+0,38014.66,5,0,0
2017-09-12,4+2,3575.79,26,6,0
2017-09-12,4+1,142.27,697,108,0
2017-09-12,3+2,110.29,1255,172,0
2017-09-12,4+0,45.11,1740,379,0
2017-09-12,2+2,20.86,17329,2191,0
2017-09-12,3+1,13.18,28998,4280,0
2017-09-12,3+0,9.21,78450,13505,0
2017-09-12,1+2,11.85,86249,10845,0
2017-09-12,2+1,7.91,387697,53264,0
2017-09-12,2+0,3.81,989179,155218,0
2017-09-15,5+2,130000000.00,0,0,1
2017-09-15,5+1,354592.00,6,1,0
2017-09-15,5+0,26080.58,19,1,0
2017-09-15,4+2,5770.93,42,6,0
2017-09-15,4+1,182.32,1418,121,0
2017-09-15,3+2,142.46,2533,198,0
2017-09-15,4+0,59.68,3429,271,0
2017-09-15,2+2,26.00,36245,3116,0
2017-09-15,3+1,15.44,64513,5784,0
2017-09-15,3+0,11.84,159188,14352,0
2017-09-15,1+2,13.96,190862,16912,0
2017-09-15,2+1,8.69,919842,88170,0
2017-09-15,2+0,4.30,2283940,226335,0
2017-09-19,5+2,139531727.62,0,0,1
2017-09-19,5+1,174307.05,8,0,0
2017-09-19,5+0,29525.89,11,3,0
2017-09-19,4+2,3874.68,41,6,0
2017-09-19,4+1,161.53,1049,132,0
2017-09-19,3+2,113.11,2091,204,0
2017-09-19,4+0,60.70,2210,258,0
2017-09-19,2+2,20.41,30268,3391,0
2017-09-19,3+1,13.74,47511,5801,0
2017-09-19,3+0,12.72,97136,11110,0
2017-09-19,1+2,11.09,157465,17907,0
2017-09-19,2+1,7.52,696585,84314,0
2017-09-19,2+0,4.58,1405122,159422,0
2017-09-22,5+2,152701510.70,0,0,1
2017-09-22,5+1,963345.24,2,0,0
2017-09-22,5+0,49860.90,9,0,0
2017-09-22,4+2,3429.63,64,7,0
2017-09-22,4+1,184.93,1266,125,0
2017-09-22,3+2,122.35,2671,302,0
2017-09-22,4+0,67.22,2757,263,0
2017-09-22,2+2,19.87,42947,4937,0
2017-09-22,3+1,15.22,59276,6717,0
2017-09-22,3+0,12.85,132787,14769,0
2017-09-22,1+2,10.44,231066,27568,0
2017-09-22,2+1,8.15,888030,104409,0
2017-09-22,2+0,4.53,1963331,226638,0
2017-09-26,5+2,163620565.71,0,0,1
2017-09-26,5+1,199677.16,8,2,0
2017-09-26,5+0,53150.95,7,0,0
2017-09-26,4+2,4332.95,42,3,0
2017-09-26,4+1,242.64,800,80,0
2017-09-26,3+2,154.65,1752,136,0
2017-09-26,4+0,80.20,1916,160,0
2017-09-26,2+2,26.53,26674,2494,0
2017-09-26,3+1,19.77,37830,3971,0
2017-09-26,3+0,15.01,94285,10760,0
2017-09-26,1+2,13.43,148962,13213,0
2017-09-26,2+1,10.05,596975,65302,0
2017-09-26,2+0,4.95,1488156,175806,0
2017-09-29,5+2,178941891.93,0,0,1
2017-09-29,5+1,320207.61,7,0,0
2017-09-29,5+0,26103.00,20,0,0
2017-09-29,4+2,2059.31,124,7,0
2017-09-29,4+1,134.24,2029,148,0
2017-09-29,3+2,59.89,6348,723,0
2017-09-29,4+0,55.17,3908,321,0
2017-09-29,2+2,10.91,91021,11722,0
2017-09-29,3+1,12.55,83594,7866,0
2017-09-29,3+0,12.18,162999,15155,0
2017-09-29,1+2,6.18,453867,62203,0
2017-09-29,2+1,7.07,1191188,125275,0
2017-09-29,2+0,4.50,2300570,237450,0
2017-10-03,5+2,190000000.00,0,0,1
2017-10-03,5+1,1504612.31,4,0,0
2017-10-03,5+0,29859.22,17,3,0
2017-10-03,4+2,3546.94,70,5,0
2017-10-03,4+1,180.28,1469,185,0
2017-10-03,3+2,123.26,2999,282,0
2017-10-03,4+0,59.95,3497,412,0
2017-10-03,2+2,20.89,46207,5087,0
2017-10-03,3+1,15.52,65740,7867,0
2017-10-03,3+0,13.12,147110,16381,0
2017-10-03,1+2,10.41,262334,30022,0
2017-10-03,2+1,8.60,952354,107483,0
2017-10-03,2+0,4.77,2107578,219923,0
2017-10-06,5+2,190000000.00,1,0,0
2017-10-06,5+1,1291056.08,16,2,0
2017-10-06,5+0,27910.62,22,5,0
2017-10-06,4+2,1865.48,161,15,0
2017-10-06,4+1,102.71,3119,371,0
2017-10-06,3+2,70.25,6365,674,0
2017-10-06,4+0,44.74,5668,648,0
2017-10-06,2+2,14.67,79614,8413,0
2017-10-06,3+1,10.61,116308,13668,0
2017-10-06,3+0,10.54,221456,24467,0
2017-10-06,1+2,9.07,363925,35639,0
2017-10-06,2+1,6.88,1438780,161024,0
2017-10-06,2+0,4.14,2939995,330512,0
2017-10-10,5+2,17000000.00,0,0,1
2017-10-10,5+1,841908.44,1,0,0
2017-10-10,5+0,49022.51,4,1,0
2017-10-10,4+2,3688.98,26,6,0
2017-10-10,4+1,219.54,466,61,0
2017-10-10,3+2,104.92,1361,194,0
2017-10-10,4+0,81.89,989,140,0
2017-10-10,2+2,17.58,21211,2852,0
2017-10-10,3+1,16.56,23807,3208,0
2017-10-10,3+0,15.10,49395,6503,0
2017-10-10,1+2,8.65,121922,16532,0
2017-10-10,2+1,8.58,368630,49178,0
2017-10-10,2+0,5.09,763924,99162,0
2017-10-13,5+2,33140111.00,0,0,1
2017-10-13,5+1,737887.01,2,0,0
2017-10-13,5+0,38191.62,9,2,0
2017-10-13,4+2,3736.13,45,2,0
2017-10-13,4+1,200.82,893,97,0
2017-10-13,3+2,117.30,2134,248,0
2017-10-13,4+0,69.32,2048,219,0
2017-10-13,2+2,21.47,30447,4196,0
2017-10-13,3+1,15.82,43671,5214,0
2017-10-13,3+0,13.51,96775,10440,0
2017-10-13,1+2,11.24,164479,22194,0
2017-10-13,2+1,8.69,637728,79819,0
2017-10-13,2+0,4.80,1420204,160241,0
2017-10-17,5+2,42395360.00,0,0,1
2017-10-17,5+1,0.00,0,0,0
2017-10-17,5+0,130419.74,8,2,0
2017-10-17,4+2,3213.62,30,2,0
2017-10-17,4+1,131.33,783,144,0
2017-10-17,3+2,96.85,1482,205,0
2017-10-17,4+0,53.80,1513,187,0
2017-10-17,2+2,19.12,19604,2530,0
2017-10-17,3+1,10.93,36243,5522,0
2017-10-17,3+0,11.22,66783,9188,0
2017-10-17,1+2,10.90,97256,12210,0
2017-10-17,2+1,6.34,501781,71291,0
2017-10-17,2+0,4.18,933246,122818,0
2017-10-20,5+2,55649983.00,0,0,1
2017-10-20,5+1,151492.36,8,1,0
2017-10-20,5+0,18818.29,15,3,0
2017-10-20,4+2,1643.67,84,11,0
2017-10-20,4+1,96.57,1525,253,0
2017-10-20,3+2,60.44,3401,556,0
2017-10-20,4+0,40.58,2873,363,0
2017-10-20,2+2,12.29,43688,7654,0
2017-10-20,3+1,9.96,56967,8696,0
2017-10-20,3+0,9.73,110324,15110,0
2017-10-20,1+2,7.56,200749,33592,0
2017-10-20,2+1,6.39,712640,109184,0
2017-10-20,2+0,3.98,1403739,189530,0
2017-10-24,5+2,65407072.00,1,0,0
2017-10-24,5+1,148690.18,6,1,0
2017-10-24,5+0,18889.98,11,1,0
2017-10-24,4+2,1882.15,54,8,0
2017-10-24,4+1,84.89,1277,214,0
2017-10-24,3+2,83.28,1817,187,0
2017-10-24,4+0,32.32,2655,402,0
2017-10-24,2+2,17.78,22229,2436,0
2017-10-24,3+1,9.46,44165,6192,0
2017-10-24,3+0,8.26,95656,14519,0
2017-10-24,1+2,10.76,103819,11400,0
2017-10-24,2+1,6.40,523928,67600,0
2017-10-24,2+0,3.58,1148829,163867,0
2017-10-27,5+2,17000000.00,1,0,0
2017-10-27,5+1,356433.16,3,0,0
2017-10-27,5+0,15565.75,16,6,0
2017-10-27,4+2,3205.76,38,1,0
2017-10-27,4+1,136.34,953,124,0
2017-10-27,3+2,116.04,1563,191,0
2017-10-27,4+0,44.70,2301,364,0
2017-10-27,2+2,21.30,22235,2777,0
2017-10-27,3+1,14.19,35272,4952,0
2017-10-27,3+0,10.94,86571,13886,0
2017-10-27,1+2,11.44,117047,14684,0
2017-10-27,2+1,8.04,499948,67109,0
2017-10-27,2+0,4.21,1171498,176699,0
2017-10-31,5+2,17000000.00,0,0,1
2017-10-31,5+1,0.00,0,0,0
2017-10-31,5+0,317035.68,3,0,0
2017-10-31,4+2,5169.68,17,5,0
2017-10-31,4+1,266.31,352,45,0
2017-10-31,3+2,119.38,1096,138,0
2017-10-31,4+0,90.50,820,100,0
2017-10-31,2+2,17.46,19570,2971,0
2017-10-31,3+1,17.91,20167,2443,0
2017-10-31,3+0,16.21,42156,4906,0
2017-10-31,1+2,7.75,124637,21015,0
2017-10-31,2+1,8.66,334761,42765,0
2017-10-31,2+0,5.27,675122,78796,0
2017-11-03,5+2,28709464.00,1,0,0
2017-11-03,5+1,356885.65,3,0,0
2017-11-03,5+0,17812.01,14,2,0
2017-11-03,4+2,1670.87,73,11,0
2017-11-03,4+1,120.13,1083,180,0
2017-11-03,3+2,65.96,2753,363,0
2017-11-03,4+0,44.76,2301,328,0
2017-11-03,2+2,13.49,35152,4513,0
2017-11-03,3+1,12.35,40572,5139,0
2017-11-03,3+0,10.60,89458,11984,0
2017-11-03,1+2,7.71,173864,22663,0
2017-11-03,2+1,7.32,549552,69925,0
2017-11-03,2+0,4.12,1198104,161155,0
2017-11-07,5+2,17000000.00,0,0,1
2017-11-07,5+1,0.00,0,0,0
2017-11-07,5+0,486971.76,2,0,0
2017-11-07,4+2,4090.67,22,2,0
2017-11-07,4+1,215.23,446,51,0
2017-11-07,3+2,156.16,858,93,0
2017-11-07,4+0,62.80,1210,138,0
2017-11-07,2+2,28.70,12194,1183,0
2017-11-07,3+1,17.02,21728,2395,0
2017-11-07,3+0,11.52,60738,7166,0
2017-11-07,1+2,15.31,64618,6568,0
2017-11-07,2+1,8.93,332500,37664,0
2017-11-07,2+0,4.01,907965,110739,0
2017-11-10,5+2,29800638.00,0,0,1
2017-11-10,5+1,0.00,0,0,0
2017-11-10,5+0,180379.35,8,1,0
2017-11-10,4+2,2515.84,53,6,0
2017-11-10,4+1,134.55,1057,79,0
2017-11-10,3+2,94.53,2100,247,0
2017-11-10,4+0,43.94,2562,182,0
2017-11-10,2+2,17.90,28957,3464,0
2017-11-10,3+1,13.86,39528,4275,0
2017-11-10,3+0,11.45,90530,9820,0
2017-11-10,1+2,9.52,153944,19432,0
2017-11-10,2+1,8.00,549490,65687,0
2017-11-10,2+0,4.35,1241136,150810,0
2017-11-14,5+2,38477171.00,0,0,1
2017-11-14,5+1,264446.79,3,0,0
2017-11-14,5+0,184778.01,1,1,0
2017-11-14,4+2,6952.35,13,2,0
2017-11-14,4+1,228.99,421,68,0
2017-11-14,3+2,145.95,922,135,0
2017-11-14,4+0,77.79,981,161,0
2017-11-14,2+2,24.52,14331,2118,0
2017-11-14,3+1,18.38,20209,3250,0
2017-11-14,3+0,14.90,47162,7299,0
2017-11-14,1+2,12.39,80222,11789,0
2017-11-14,2+1,9.52,313177,50786,0
2017-11-14,2+0,4.95,740469,116447,0
2017-11-17,5+2,51634094.00,0,0,1
2017-11-17,5+1,0.00,0,0,0
2017-11-17,5+0,296639.88,5,1,0
2017-11-17,4+2,7613.96,18,3,0
2017-11-17,4+1,221.16,661,111,0
2017-11-17,3+2,170.18,1199,201,0
2017-11-17,4+0,77.05,1502,275,0
2017-11-17,2+2,29.04,18349,3478,0
2017-11-17,3+1,19.12,29453,5265,0
2017-11-17,3+0,15.03,70888,11705,0
2017-11-17,1+2,14.93,100915,18431,0
2017-11-17,2+1,9.63,469372,92797,0
2017-11-17,2+0,4.89,1134395,204899,0
2017-11-21,5+2,61046362.00,0,0,1
2017-11-21,5+1,215153.12,4,1,0
2017-11-21,5+0,33407.74,6,2,0
2017-11-21,4+2,1256.98,78,11,0
2017-11-21,4+1,95.33,1097,148,0
2017-11-21,3+2,54.57,2675,445,0
2017-11-21,4+0,40.07,2066,262,0
2017-11-21,2+2,11.25,33869,4976,0
2017-11-21,3+1,10.26,39261,5367,0
2017-11-21,3+0,10.44,72995,9427,0
2017-11-21,1+2,6.61,163151,24209,0
2017-11-21,2+1,6.59,490855,66331,0
2017-11-21,2+0,4.38,906994,113562,0
2017-11-24,5+2,74515266.00,0,0,1
2017-11-24,5+1,0.00,0,0,0
2017-11-24,5+0,253061.58,6,1,0
2017-11-24,4+2,2863.28,49,6,0
2017-11-24,4+1,188.00,796,105,0
2017-11-24,3+2,112.67,1854,214,0
2017-11-24,4+0,62.95,1882,244,0
2017-11-24,2+2,20.24,26950,3401,0
2017-11-24,3+1,15.02,38381,5186,0
2017-11-24,3+0,12.37,88186,11433,0
2017-11-24,1+2,10.99,140410,16802,0
2017-11-24,2+1,8.01,577668,80807,0
2017-11-24,2+0,4.26,1335049,182365,0
2017-11-28,5+2,80976656.04,0,0,1
2017-11-28,5+1,157546.23,6,0,0
2017-11-28,5+0,36694.31,6,0,0
2017-11-28,4+2,2291.27,47,2,0
2017-11-28,4+1,129.35,888,100,0
2017-11-28,3+2,66.55,2409,227,0
2017-11-28,4+0,50.10,1815,220,0
2017-11-28,2+2,13.25,31595,3151,0
2017-11-28,3+1,11.76,37638,4465,0
2017-11-28,3+0,11.16,74992,9073,0
2017-11-28,1+2,7.44,159087,17200,0
2017-11-28,2+1,7.03,505364,57364,0
2017-11-28,2+0,4.36,1000302,116459,0
2017-12-01,5+2,90060314.00,0,0,1
2017-12-01,5+1,442968.49,3,2,0
2017-12-01,5+0,61903.44,5,0,0
2017-12-01,4+2,5406.93,28,3,0
2017-12-01,4+1,242.83,665,74,0
2017-12-01,3+2,179.32,1257,121,0
2017-12-01,4+0,69.82,1831,200,0
2017-12-01,2+2,30.06,19583,2053,0
2017-12-01,3+1,20.10,30961,3441,0
2017-12-01,3+0,13.09,89894,10809,0
2017-12-01,1+2,15.45,107739,11488,0
2017-12-01,2+1,10.80,462590,50749,0
2017-12-01,2+0,4.30,1425495,181961,0
2017-12-05,5+2,97420825.00,0,0,1
2017-12-05,5+1,538407.76,2,0,0
2017-12-05,5+0,31350.32,8,2,0
2017-12-05,4+2,4543.52,27,2,0
2017-12-05,4+1,243.22,538,50,0
2017-12-05,3+2,105.45,1732,132,0
2017-12-05,4+0,79.50,1303,124,0
2017-12-05,2+2,17.24,27668,2634,0
2017-12-05,3+1,17.16,29385,2972,0
2017-12-05,3+0,15.15,62963,6392,0
2017-12-05,1+2,8.12,166184,17143,0
2017-12-05,2+1,8.74,463148,47006,0
2017-12-05,2+0,5.12,970404,101794,0
2017-12-08,5+2,107213098.76,0,0,1
2017-12-08,5+1,477524.46,3,0,0
2017-12-08,5+0,66732.53,5,2,0
2017-12-08,4+2,3400.09,48,8,0
2017-12-08,4+1,187.59,928,126,0
2017-12-08,3+2,112.23,2165,266,0
2017-12-08,4+0,70.67,1950,251,0
2017-12-08,2+2,19.83,31992,3743,0
2017-12-08,3+1,14.37,46679,5907,0
2017-12-08,3+0,13.80,91931,11451,0
2017-12-08,1+2,10.75,166876,19776,0
2017-12-08,2+1,7.62,706341,87995,0
2017-12-08,2+0,4.77,1384859,169046,0
2017-12-12,5+2,115458908.00,0,0,1
2017-12-12,5+1,402110.45,3,0,0
2017-12-12,5+0,56193.66,5,2,0
2017-12-12,4+2,3926.57,35,6,0
2017-12-12,4+1,216.85,676,83,0
2017-12-12,3+2,110.06,1859,223,0
2017-12-12,4+0,80.47,1442,171,0
2017-12-12,2+2,19.44,27480,3352,0
2017-12-12,3+1,15.55,36313,4623,0
2017-12-12,3+0,14.43,74052,8280,0
2017-12-12,1+2,9.43,160237,18992,0
2017-12-12,2+1,8.81,514269,60545,0
2017-12-12,2+0,4.97,1120517,127863,0
2017-12-15,5+2,126429055.00,0,0,1
2017-12-15,5+1,0.00,0,0,0
2017-12-15,5+0,395737.88,5,1,0
2017-12-15,4+2,4353.23,42,4,0
2017-12-15,4+1,230.79,845,81,0
2017-12-15,3+2,131.95,2063,249,0
2017-12-15,4+0,75.31,2050,225,0
2017-12-15,2+2,22.76,31232,3680,0
2017-12-15,3+1,17.65,42586,5044,0
2017-12-15,3+0,14.22,99990,12109,0
2017-12-15,1+2,11.71,171626,20128,0
2017-12-15,2+1,9.14,659729,79909,0
2017-12-15,2+0,4.70,1574363,196179,0
2017-12-19,5+2,135346147.00,1,0,0
2017-12-19,5+1,434845.80,3,0,0
2017-12-19,5+0,43405.94,7,1,0
2017-12-19,4+2,2359.01,63,8,0
2017-12-19,4+1,165.64,957,139,0
2017-12-19,3+2,92.97,2380,275,0
2017-12-19,4+0,57.88,2168,264,0
2017-12-19,2+2,16.71,34567,3578,0
2017-12-19,3+1,14.72,41492,4829,0
2017-12-19,3+0,12.09,95559,11892,0
2017-12-19,1+2,8.44,193533,19906,0
2017-12-19,2+1,8.11,604183,68496,0
2017-12-19,2+0,4.68,1287357,153872,0
2017-12-22,5+2,17000000.00,0,0,1
2017-12-22,5+1,391378.48,3,0,0
2017-12-22,5+0,39067.07,7,0,0
2017-12-22,4+2,2907.87,46,4,0
2017-12-22,4+1,170.87,835,82,0
2017-12-22,3+2,91.44,2178,227,0
2017-12-22,4+0,63.20,1787,153,0
2017-12-22,2+2,15.94,32634,4094,0
2017-12-22,3+1,14.41,38154,4172,0
2017-12-22,3+0,13.23,78611,8629,0
2017-12-22,1+2,8.32,176731,23652,0
2017-12-22,2+1,7.81,564949,70755,0
2017-12-22,2+0,4.68,1157067,140905,0
2017-12-26,5+2,24717288.00,0,0,1
2017-12-26,5+1,235210.54,3,0,0
2017-12-26,5+0,18261.07,9,0,0
2017-12-26,4+2,2977.34,27,4,0
2017-12-26,4+1,173.93,493,42,0
2017-12-26,3+2,113.66,1053,113,0
2017-12-26,4+0,59.65,1138,132,0
2017-12-26,2+2,21.48,14551,1587,0
2017-12-26,3+1,15.60,21175,2595,0
2017-12-26,3+0,12.27,50947,6348,0
2017-12-26,1+2,11.73,75333,8571,0
2017-12-26,2+1,8.53,310777,39978,0
2017-12-26,2+0,4.32,754009,98560,0
2017-12-29,5+2,38906715.00,1,0,0
2017-12-29,5+1,0.00,0,0,0
2017-12-29,5+0,159959.51,10,1,0
2017-12-29,4+2,4767.95,31,4,0
2017-12-29,4+1,197.07,800,82,0
2017-12-29,3+2,138.66,1587,182,0
2017-12-29,4+0,53.36,2339,256,0
2017-12-29,2+2,25.08,22915,2479,0
2017-12-29,3+1,16.73,36308,3980,0
2017-12-29,3+0,10.30,111558,13549,0
2017-12-29,1+2,13.49,120488,13166,0
2017-12-29,2+1,9.40,518891,58364,0
2017-12-29,2+0,3.82,1568634,201802,0
2018-01-02,5+2,17000000.00,0,0,1
2018-01-02,5+1,237898.10,3,0,0
2018-01-02,5+0,166227.53,1,0,0
2018-01-02,4+2,3695.77,22,3,0
2018-01-02,4+1,161.80,536,81,0
2018-01-02,3+2,100.04,1210,165,0
2018-01-02,4+0,60.49,1135,147,0
2018-01-02,2+2,17.95,17609,2403,0
2018-01-02,3+1,13.89,24060,3509,0
2018-01-02,3+0,11.92,53024,7244,0
2018-01-02,1+2,10.22,87475,11541,0
2018-01-02,2+1,7.56,354721,50818,0
2018-01-02,2+0,4.23,778317,106299,0
2018-01-05,5+2,28911186.00,0,0,1
2018-01-05,5+1,155585.93,7,2,0
2018-01-05,5+0,28184.90,9,2,0
2018-01-05,4+2,2954.16,42,9,0
2018-01-05,4+1,203.61,650,104,0
2018-01-05,3+2,103.20,1790,261,0
2018-01-05,4+0,68.79,1523,237,0
2018-01-05,2+2,17.13,28155,4082,0
2018-01-05,3+1,15.76,32348,4627,0
2018-01-05,3+0,13.52,71335,10022,0
2018-01-05,1+2,8.69,156933,22185,0
2018-01-05,2+1,8.34,490695,68332,0
2018-01-05,2+0,4.64,1082488,146481,0
2018-01-09,5+2,37933940.00,0,0,1
2018-01-09,5+1,274999.04,3,0,0
2018-01-09,5+0,38430.24,5,1,0
2018-01-09,4+2,3356.67,28,2,0
2018-01-09,4+1,171.66,584,56,0
2018-01-09,3+2,94.93,1474,145,0
2018-01-09,4+0,64.36,1233,127,0
2018-01-09,2+2,16.28,22441,2601,0
2018-01-09,3+1,13.65,28300,3472,0
2018-01-09,3+0,12.76,57271,6839,0
2018-01-09,1+2,8.64,119632,14222,0
2018-01-09,2+1,7.45,415934,50639,0
2018-01-09,2+0,4.55,837537,99289,0
2018-01-12,5+2,51154443.00,0,0,1
2018-01-12,5+1,402939.71,3,1,0
2018-01-12,5+0,35193.46,8,4,0
2018-01-12,4+2,2221.18,62,7,0
2018-01-12,4+1,142.06,1034,124,0
2018-01-12,3+2,79.93,2565,332,0
2018-01-12,4+0,53.83,2160,312,0
2018-01-12,2+2,14.92,35886,4387,0
2018-01-12,3+1,12.78,44300,5664,0
2018-01-12,3+0,10.75,99615,13677,0
2018-01-12,1+2,8.49,178250,22084,0
2018-01-12,2+1,7.37,616246,76949,0
2018-01-12,2+0,4.07,1372220,186549,0
2018-01-16,5+2,61162041.00,0,0,1
2018-01-16,5+1,228761.63,4,0,0
2018-01-16,5+0,42624.95,5,0,0
2018-01-16,4+2,5486.62,19,4,0
2018-01-16,4+1,200.71,554,63,0
2018-01-16,3+2,154.13,1007,93,0
2018-01-16,4+0,67.87,1297,170,0
2018-01-16,2+2,29.61,13688,1244,0
2018-01-16,3+1,17.55,24410,2761,0
2018-01-16,3+0,13.29,60992,7433,0
2018-01-16,1+2,15.34,74728,6815,0
2018-01-16,2+1,9.49,362340,41304,0
2018-01-16,2+0,4.66,907204,106119,0
2018-01-19,5+2,75062595.67,0,0,1
2018-01-19,5+1,317749.95,4,1,0
2018-01-19,5+0,32892.26,9,0,0
2018-01-19,4+2,2262.46,64,4,0
2018-01-19,4+1,149.66,1032,145,0
2018-01-19,3+2,77.32,2788,346,0
2018-01-19,4+0,54.44,2246,290,0
2018-01-19,2+2,13.48,41751,4937,0
2018-01-19,3+1,12.76,46628,5997,0
2018-01-19,3+0,11.84,95116,12385,0
2018-01-19,1+2,7.27,218796,25812,0
2018-01-19,2+1,7.05,677323,85430,0
2018-01-19,2+0,4.33,1353402,173174,0
2018-01-23,5+2,81794527.00,0,0,1
2018-01-23,5+1,246214.16,4,0,0
2018-01-23,5+0,28673.04,8,0,0
2018-01-23,4+2,2243.97,50,8,0
2018-01-23,4+1,88.51,1352,157,0
2018-01-23,3+2,82.90,2015,228,0
2018-01-23,4+0,41.88,2262,240,0
2018-01-23,2+2,16.18,26961,2939,0
2018-01-23,3+1,9.26,49803,5827,0
2018-01-23,3+0,9.91,88016,10131,0
2018-01-23,1+2,10.00,123402,13235,0
2018-01-23,2+1,5.85,632007,75491,0
2018-01-23,2+0,3.93,1157590,132443,0
2018-01-26,5+2,91021687.00,0,0,1
2018-01-26,5+1,1349899.34,1,0,0
2018-01-26,5+0,22457.63,14,0,0
2018-01-26,4+2,2166.00,71,9,0
2018-01-26,4+1,147.91,1109,130,0
2018-01-26,3+2,79.64,2875,343,0
2018-01-26,4+0,56.26,2308,295,0
2018-01-26,2+2,14.82,40328,4546,0
2018-01-26,3+1,13.52,46745,5294,0
2018-01-26,3+0,11.77,101544,12434,0
2018-01-26,1+2,8.12,208277,23567,0
2018-01-26,2+1,7.79,650928,73577,0
2018-01-26,2+0,4.44,1404360,165273,0
2018-01-30,5+2,98248326.00,0,0,1
2018-01-30,5+1,211446.10,5,0,0
2018-01-30,5+0,30780.12,8,2,0
2018-01-30,4+2,1942.64,62,10,0
2018-01-30,4+1,117.86,1090,187,0
2018-01-30,3+2,90.84,1974,266,0
2018-01-30,4+0,51.57,1972,276,0
2018-01-30,2+2,17.53,26715,3076,0
2018-01-30,3+1,10.81,45781,7090,0
2018-01-30,3+0,11.16,83903,10810,0
2018-01-30,1+2,10.12,130826,14129,0
2018-01-30,2+1,6.59,602610,81409,0
2018-01-30,2+0,4.26,1144898,131546,0
2018-02-02,5+2,108738581.00,0,0,1
2018-02-02,5+1,511561.79,3,1,0
2018-02-02,5+0,39716.18,9,1,0
2018-02-02,4+2,4264.33,41,6,0
2018-02-02,4+1,193.25,965,107,0
2018-02-02,3+2,143.18,1818,208,0
2018-02-02,4+0,75.55,1954,240,0
2018-02-02,2+2,24.22,28065,3165,0
2018-02-02,3+1,16.04,44803,5039,0
2018-02-02,3+0,14.79,91932,10178,0
2018-02-02,1+2,11.94,161018,18155,0
2018-02-02,2+1,8.61,669394,79804,0
2018-02-02,2+0,5.20,1363018,152605,0
2018-02-06,5+2,117593590.00,0,0,1
2018-02-06,5+1,259091.02,5,0,0
2018-02-06,5+0,21551.87,14,3,0
2018-02-06,4+2,3988.74,37,3,0
2018-02-06,4+1,147.53,1067,112,0
2018-02-06,3+2,127.82,1719,129,0
2018-02-06,4+0,42.16,2956,440,0
2018-02-06,2+2,24.31,23608,2114,0
2018-02-06,3+1,14.57,41623,5002,0
2018-02-06,3+0,10.00,114702,15463,0
2018-02-06,1+2,13.34,121659,10739,0
2018-02-06,2+1,8.80,552906,60106,0
2018-02-06,2+0,4.03,1484274,178195,0
2018-02-09,5+2,129291731.00,0,0,1
2018-02-09,5+1,1711394.69,1,0,0
2018-02-09,5+0,49825.41,8,0,0
2018-02-09,4+2,3749.40,52,14,0
2018-02-09,4+1,224.82,925,81,0
2018-02-09,3+2,133.22,2179,275,0
2018-02-09,4+0,72.84,2260,235,0
2018-02-09,2+2,23.95,31650,3301,0
2018-02-09,3+1,18.23,43948,4647,0
2018-02-09,3+0,13.46,112639,12882,0
2018-02-09,1+2,12.29,174441,18352,0
2018-02-09,2+1,9.68,664157,70150,0
2018-02-09,2+0,4.62,1708450,197900,0
2018-02-13,5+2,138421493.00,0,0,1
2018-02-13,5+1,333912.58,4,0,0
2018-02-13,5+0,34565.35,9,2,0
2018-02-13,4+2,3622.92,42,2,0
2018-02-13,4+1,143.63,1130,146,0
2018-02-13,3+2,104.88,2160,213,0
2018-02-13,4+0,40.86,3144,413,0
2018-02-13,2+2,21.59,27406,2584,0
2018-02-13,3+1,12.64,49475,5749,0
2018-02-13,3+0,8.93,132437,16980,0
2018-02-13,1+2,12.42,134707,12824,0
2018-02-13,2+1,7.80,643127,71070,0
2018-02-13,2+0,3.63,1698031,205275,0
2018-02-16,5+2,150559073.00,0,0,1
2018-02-16,5+1,355136.61,5,1,0
2018-02-16,5+0,24328.04,17,1,0
2018-02-16,4+2,3019.29,67,8,0
2018-02-16,4+1,153.14,1409,183,0
2018-02-16,3+2,115.00,2619,293,0
2018-02-16,4+0,51.74,3301,473,0
2018-02-16,2+2,20.98,37497,3852,0
2018-02-16,3+1,13.82,60136,7654,0
2018-02-16,3+0,10.53,149371,21886,0
2018-02-16,1+2,11.89,187050,19206,0
2018-02-16,2+1,7.99,834983,104689,0
2018-02-16,2+0,3.97,2066188,292245,0
2018-02-20,5+2,161121640.00,0,0,1
2018-02-20,5+1,257544.05,6,1,0
2018-02-20,5+0,17138.55,21,1,0
2018-02-20,4+2,2934.04,60,12,0
2018-02-20,4+1,129.32,1452,186,0
2018-02-20,3+2,103.19,2540,356,0
2018-02-20,4+0,46.06,3227,442,0
2018-02-20,2+2,18.90,36205,5206,0
2018-02-20,3+1,12.62,57333,7756,0
2018-02-20,3+0,10.39,131701,16836,0
2018-02-20,1+2,10.48,184689,26422,0
2018-02-20,2+1,7.48,775787,104291,0
2018-02-20,2+0,4.06,1755147,218111,0
2018-02-23,5+2,88862248.00,2,0,0
2018-02-23,5+1,485787.24,5,0,0
2018-02-23,5+0,35357.93,16,2,0
2018-02-23,4+2,1608.80,172,25,0
2018-02-23,4+1,148.02,1994,214,0
2018-02-23,3+2,59.72,6898,957,0
2018-02-23,4+0,60.06,3890,469,0
2018-02-23,2+2,10.87,98958,14100,0
2018-02-23,3+1,12.53,90759,10376,0
2018-02-23,3+0,12.01,179067,20757,0
2018-02-23,1+2,6.25,486402,70596,0
2018-02-23,2+1,6.90,1322556,158334,0
2018-02-23,2+0,4.32,2594009,312099,0
2018-02-27,5+2,17000000.00,0,0,1
2018-02-27,5+1,0.00,0,0,0
2018-02-27,5+0,498733.96,2,0,0
2018-02-27,4+2,4388.97,21,3,0
2018-02-27,4+1,254.03,387,45,0
2018-02-27,3+2,149.64,917,119,0
2018-02-27,4+0,91.03,855,122,0
2018-02-27,2+2,26.01,13776,1918,0
2018-02-27,3+1,19.24,19689,2571,0
2018-02-27,3+0,16.04,44670,5583,0
2018-02-27,1+2,13.09,77440,10527,0
2018-02-27,2+1,9.62,316170,42841,0
2018-02-27,2+0,5.16,724282,94484,0
2018-03-02,5+2,29164811.00,0,0,1
2018-03-02,5+1,556145.85,2,0,0
2018-03-02,5+0,25906.54,10,2,0
2018-03-02,4+2,6034.13,21,3,0
2018-03-02,4+1,234.25,577,67,0
2018-03-02,3+2,166.22,1135,126,0
2018-03-02,4+0,71.38,1499,196,0
2018-03-02,2+2,27.72,17774,2098,0
2018-03-02,3+1,20.39,25546,3003,0
2018-03-02,3+0,13.35,73784,9279,0
2018-03-02,1+2,14.21,98073,11945,0
2018-03-02,2+1,10.56,395706,48020,0
2018-03-02,2+0,4.37,1173433,155684,0
2018-03-06,5+2,38461489.00,0,0,1
2018-03-06,5+1,212510.87,4,1,0
2018-03-06,5+0,28283.54,7,1,0
2018-03-06,4+2,2483.08,39,4,0
2018-03-06,4+1,168.50,613,66,0
2018-03-06,3+2,92.78,1554,163,0
2018-03-06,4+0,62.56,1307,119,0
2018-03-06,2+2,15.66,24047,2892,0
2018-03-06,3+1,14.40,27641,3321,0
2018-03-06,3+0,13.02,57846,7000,0
2018-03-06,1+2,8.11,131279,16577,0
2018-03-06,2+1,7.78,410692,52292,0
2018-03-06,2+0,4.65,843713,105232,0
2018-03-09,5+2,51518629.00,0,0,1
2018-03-09,5+1,596941.01,2,0,0
2018-03-09,5+0,13241.36,21,4,0
2018-03-09,4+2,3487.48,39,4,0
2018-03-09,4+1,171.08,848,94,0
2018-03-09,3+2,140.24,1444,171,0
2018-03-09,4+0,41.96,2737,420,0
2018-03-09,2+2,26.22,20167,2311,0
2018-03-09,3+1,17.25,32400,4091,0
2018-03-09,3+0,10.01,105598,16079,0
2018-03-09,1+2,14.13,105822,12220,0
2018-03-09,2+1,9.76,459675,57484,0
2018-03-09,2+0,3.84,1436467,208693,0
2018-03-13,5+2,61521581.00,1,1,0
2018-03-13,5+1,304873.89,3,1,0
2018-03-13,5+0,35504.30,6,0,0
2018-03-13,4+2,3256.16,32,3,0
2018-03-13,4+1,135.37,821,98,0
2018-03-13,3+2,132.82,1168,95,0
2018-03-13,4+0,34.68,2537,404,0
2018-03-13,2+2,24.83,16318,1498,0
2018-03-13,3+1,13.86,30904,3587,0
2018-03-13,3+0,8.89,91082,11737,0
2018-03-13,1+2,13.97,82028,8050,0
2018-03-13,2+1,8.27,415404,47700,0
2018-03-13,2+0,3.59,1173870,149785,0
2018-03-16,5+2,17000000.00,0,0,1
2018-03-16,5+1,357906.81,3,1,0
2018-03-16,5+0,31260.21,8,0,0
2018-03-16,4+2,3397.84,36,5,0
2018-03-16,4+1,150.31,868,112,0
2018-03-16,3+2,138.18,1318,144,0
2018-03-16,4+0,34.30,3011,464,0
2018-03-16,2+2,25.27,18824,2365,0
2018-03-16,3+1,14.61,34411,4047,0
2018-03-16,3+0,8.57,110927,15624,0
2018-03-16,1+2,13.98,96201,11684,0
2018-03-16,2+1,8.94,451314,54009,0
2018-03-16,2+0,3.54,1398493,193372,0
2018-03-20,5+2,25434576.18,0,0,1
2018-03-20,5+1,385608.51,2,1,0
2018-03-20,5+0,89812.61,2,1,0
2018-03-20,4+2,4183.81,21,2,0
2018-03-20,4+1,198.55,472,67,0
2018-03-20,3+2,120.12,1089,139,0
2018-03-20,4+0,66.54,1115,156,0
2018-03-20,2+2,23.83,14333,1899,0
2018-03-20,3+1,15.81,22841,3051,0
2018-03-20,3+0,13.16,51922,7348,0
2018-03-20,1+2,12.73,75884,9723,0
2018-03-20,2+1,8.92,324786,44056,0
2018-03-20,2+0,4.79,742868,100889,0
2018-03-23,5+2,37457698.00,0,0,1
2018-03-23,5+1,274834.08,4,1,0
2018-03-23,5+0,256047.96,1,0,0
2018-03-23,4+2,4816.95,26,4,0
2018-03-23,4+1,170.83,782,114,0
2018-03-23,3+2,121.32,1537,210,0
2018-03-23,4+0,57.98,1824,249,0
2018-03-23,2+2,22.23,21909,3119,0
2018-03-23,3+1,13.86,37125,4790,0
2018-03-23,3+0,10.94,89006,11297,0
2018-03-23,1+2,12.15,113358,16082,0
2018-03-23,2+1,7.96,518659,71188,0
2018-03-23,2+0,4.02,1263442,168414,0
2018-03-27,5+2,46327391.00,0,0,1
2018-03-27,5+1,0.00,0,0,0
2018-03-27,5+0,142841.95,7,0,0
2018-03-27,4+2,7107.12,13,1,0
2018-03-27,4+1,185.59,531,62,0
2018-03-27,3+2,143.89,956,115,0
2018-03-27,4+0,67.25,1160,167,0
2018-03-27,2+2,25.47,14104,1650,0
2018-03-27,3+1,15.83,23981,3070,0
2018-03-27,3+0,12.87,55828,7856,0
2018-03-27,1+2,13.75,73908,8410,0
2018-03-27,2+1,8.30,367137,48185,0
2018-03-27,2+0,4.39,852071,118019,0
2018-03-30,5+2,58701125.00,0,0,1
2018-03-30,5+1,282848.64,4,0,0
2018-03-30,5+0,23955.88,11,2,0
2018-03-30,4+2,2343.51,55,3,0
2018-03-30,4+1,158.02,870,88,0
2018-03-30,3+2,108.05,1776,191,0
2018-03-30,4+0,56.60,1923,231,0
2018-03-30,2+2,19.67,25476,2808,0
2018-03-30,3+1,13.47,39337,4876,0
2018-03-30,3+0,11.96,83813,10523,0
2018-03-30,1+2,10.93,129691,14474,0
2018-03-30,2+1,7.60,559458,70403,0
2018-03-30,2+0,4.33,1204806,158152,0
2018-04-03,5+2,67723106.49,0,0,1
2018-04-03,5+1,164985.31,5,1,0
2018-04-03,5+0,64044.93,3,0,0
2018-04-03,4+2,2237.59,42,9,0
2018-04-03,4+1,153.27,654,97,0
2018-04-03,3+2,73.06,1915,340,0
2018-04-03,4+0,67.59,1174,146,0
2018-04-03,2+2,12.84,28448,4841,0
2018-04-03,3+1,13.04,29617,4399,0
2018-04-03,3+0,13.43,54389,6701,0
2018-04-03,1+2,6.83,151144,25392,0
2018-04-03,2+1,7.44,416552,58984,0
2018-04-03,2+0,4.72,805870,96300,0
2018-04-06,5+2,76119641.00,1,0,0
2018-04-06,5+1,614190.88,2,0,0
2018-04-06,5+0,40872.01,7,0,0
2018-04-06,4+2,3998.34,35,5,0
2018-04-06,4+1,210.83,708,79,0
2018-04-06,3+2,112.74,1848,291,0
2018-04-06,4+0,80.71,1464,178,0
2018-04-06,2+2,19.08,28515,3848,0
2018-04-06,3+1,17.47,32928,4303,0
2018-04-06,3+0,14.81,73462,9464,0
2018-04-06,1+2,9.14,168281,22967,0
2018-04-06,2+1,8.93,516669,68136,0
2018-04-06,2+0,4.97,1139793,148854,0
2018-04-10,5+2,17000000.00,1,0,0
2018-04-10,5+1,371546.90,2,0,0
2018-04-10,5+0,24725.00,7,1,0
2018-04-10,4+2,6046.87,14,1,0
2018-04-10,4+1,212.97,424,53,0
2018-04-10,3+2,175.79,717,97,0
2018-04-10,4+0,54.11,1321,171,0
2018-04-10,2+2,29.51,11155,1392,0
2018-04-10,3+1,19.37,17965,2340,0
2018-04-10,3+0,12.58,52314,7378,0
2018-04-10,1+2,16.46,56549,7189,0
2018-04-10,2+1,11.16,250305,31747,0
2018-04-10,2+0,4.52,759494,105846,0
2018-04-13,5+2,17000000.00,0,0,1
2018-04-13,5+1,170553.88,8,3,0
2018-04-13,5+0,39723.94,8,1,0
2018-04-13,4+2,3985.67,39,4,0
2018-04-13,4+1,177.52,934,149,0
2018-04-13,3+2,121.87,1899,207,0
2018-04-13,4+0,74.32,1766,255,0
2018-04-13,2+2,20.71,29175,3376,0
2018-04-13,3+1,15.56,41044,5236,0
2018-04-13,3+0,14.25,84787,11187,0
2018-04-13,1+2,10.37,164842,18985,0
2018-04-13,2+1,8.09,633647,78689,0
2018-04-13,2+0,4.90,1284361,167669,0
2018-04-17,5+2,25723280.00,0,0,1
2018-04-17,5+1,797614.73,1,0,0
2018-04-17,5+0,61924.51,3,1,0
2018-04-17,4+2,2672.57,34,6,0
2018-04-17,4+1,173.39,559,113,0
2018-04-17,3+2,94.08,1438,174,0
2018-04-17,4+0,56.17,1366,292,0
2018-04-17,2+2,17.45,20248,2721,0
2018-04-17,3+1,15.56,24005,3475,0
2018-04-17,3+0,12.70,55641,9192,0
2018-04-17,1+2,9.01,110890,14415,0
2018-04-17,2+1,8.44,355112,48999,0
2018-04-17,2+0,4.59,802553,121459,0
2018-04-20,5+2,130000000.00,0,0,1
2018-04-20,5+1,653161.74,3,0,0
2018-04-20,5+0,25354.80,18,2,0
2018-04-20,4+2,3600.52,62,9,0
2018-04-20,4+1,160.67,1482,170,0
2018-04-20,3+2,108.83,3054,326,0
2018-04-20,4+0,56.67,3326,451,0
2018-04-20,2+2,20.03,43327,4316,0
2018-04-20,3+1,14.85,61778,6839,0
2018-04-20,3+0,12.54,138348,16338,0
2018-04-20,1+2,10.58,232051,23019,0
2018-04-20,2+1,8.14,904841,99185,0
2018-04-20,2+0,4.52,2000295,230808,0
2018-04-24,5+2,138724202.00,1,0,0
2018-04-24,5+1,319079.59,4,0,0
2018-04-24,5+0,24772.42,12,0,0
2018-04-24,4+2,2550.93,57,6,0
2018-04-24,4+1,158.58,978,102,0
2018-04-24,3+2,69.16,3130,415,0
2018-04-24,4+0,59.00,2081,200,0
2018-04-24,2+2,11.89,47549,6685,0
2018-04-24,3+1,13.08,45687,5215,0
2018-04-24,3+0,12.07,93649,11086,0
2018-04-24,1+2,6.31,253163,36147,0
2018-04-24,2+1,7.22,663949,80198,0
2018-04-24,2+0,4.43,1328641,162657,0
2018-04-27,5+2,17000000.00,0,0,1
2018-04-27,5+1,359513.29,3,1,0
2018-04-27,5+0,41867.37,6,0,0
2018-04-27,4+2,5342.24,23,6,0
2018-04-27,4+1,234.45,559,63,0
2018-04-27,3+2,168.14,1088,136,0
2018-04-27,4+0,77.02,1347,120,0
2018-04-27,2+2,27.88,17138,2176,0
2018-04-27,3+1,18.33,27557,3398,0
2018-04-27,3+0,14.56,65598,7464,0
2018-04-27,1+2,14.67,92081,12252,0
2018-04-27,2+1,9.53,425397,58213,0
2018-04-27,2+0,4.86,1025311,129471,0
2018-05-01,5+2,24728362.00,0,0,1
2018-05-01,5+1,353322.10,2,0,0
2018-05-01,5+0,41146.37,4,1,0
2018-05-01,4+2,3096.29,26,2,0
2018-05-01,4+1,195.16,440,54,0
2018-05-01,3+2,95.43,1256,155,0
2018-05-01,4+0,66.71,1019,120,0
2018-05-01,2+2,15.95,19621,2462,0
2018-05-01,3+1,14.59,22676,2831,0
2018-05-01,3+0,13.16,47577,6237,0
2018-05-01,1+2,8.43,104981,13482,0
2018-05-01,2+1,7.88,336895,43143,0
2018-05-01,2+0,4.49,726765,97382,0
2018-05-04,5+2,36945285.00,0,0,1
2018-05-04,5+1,223411.33,5,0,0
2018-05-04,5+0,21681.26,12,1,0
2018-05-04,4+2,5784.52,22,2,0
2018-05-04,4+1,158.39,857,96,0
2018-05-04,3+2,153.04,1238,141,0
2018-05-04,4+0,49.49,2171,310,0
2018-05-04,2+2,28.39,17430,2072,0
2018-05-04,3+1,15.17,34480,4367,0
2018-05-04,3+0,10.91,90663,11587,0
2018-05-04,1+2,15.54,90023,10178,0
2018-05-04,2+1,8.65,485411,62419,0
2018-05-04,2+0,4.08,1263411,169941,0
2018-05-08,5+2,45566998.00,1,0,0
2018-05-08,5+1,788327.81,1,0,0
2018-05-08,5+0,26230.07,7,1,0
2018-05-08,4+2,3592.37,25,3,0
2018-05-08,4+1,161.81,592,118,0
2018-05-08,3+2,86.77,1541,286,0
2018-05-08,4+0,59.71,1270,233,0
2018-05-08,2+2,15.39,22688,3820,0
2018-05-08,3+1,13.51,27328,4744,0
2018-05-08,3+0,12.55,55653,8360,0
2018-05-08,1+2,8.11,121697,19787,0
2018-05-08,2+1,7.57,391445,59789,0
2018-05-08,2+0,4.72,771586,101785,0
2018-05-11,5+2,17000000.00,0,0,1
2018-05-11,5+1,249726.22,4,0,0
2018-05-11,5+0,46531.26,5,0,0
2018-05-11,4+2,3075.65,37,3,0
2018-05-11,4+1,181.44,669,94,0
2018-05-11,3+2,127.58,1328,206,0
2018-05-11,4+0,62.76,1531,205,0
2018-05-11,2+2,23.38,18928,2827,0
2018-05-11,3+1,15.87,29473,4149,0
2018-05-11,3+0,13.04,67842,9204,0
2018-05-11,1+2,12.34,101366,15344,0
2018-05-11,2+1,8.82,425330,60890,0
2018-05-11,2+0,4.64,992779,135860,0
2018-05-15,5+2,25146151.00,0,0,1
2018-05-15,5+1,0.00,0,0,0
2018-05-15,5+0,91832.76,10,1,0
2018-05-15,4+2,4466.09,19,3,0
2018-05-15,4+1,170.13,532,71,0
2018-05-15,3+2,157.33,803,86,0
2018-05-15,4+0,53.55,1338,185,0
2018-05-15,2+2,29.06,11355,1235,0
2018-05-15,3+1,16.61,20991,2690,0
2018-05-15,3+0,11.71,56334,7766,0
2018-05-15,1+2,15.83,58948,6342,0
2018-05-15,2+1,9.30,300911,38948,0
2018-05-15,2+0,4.31,798453,106907,0
2018-05-18,5+2,36663314.00,0,0,1
2018-05-18,5+1,175512.32,6,0,0
2018-05-18,5+0,16351.52,15,4,0
2018-05-18,4+2,1236.80,97,13,0
2018-05-18,4+1,83.15,1539,194,0
2018-05-18,3+2,59.52,3001,403,0
2018-05-18,4+0,32.69,3099,428,0
2018-05-18,2+2,13.10,35599,5034,0
2018-05-18,3+1,9.41,52400,7287,0
2018-05-18,3+0,8.76,106432,14197,0
2018-05-18,1+2,7.95,165889,22725,0
2018-05-18,2+1,6.31,626624,86679,0
2018-05-18,2+0,3.83,1267116,166665,0
2018-05-22,5+2,44872307.60,0,0,1
2018-05-22,5+1,0.00,0,0,0
2018-05-22,5+0,308470.66,3,0,0
2018-05-22,4+2,6577.71,13,1,0
2018-05-22,4+1,249.21,366,46,0
2018-05-22,3+2,177.56,717,64,0
2018-05-22,4+0,79.52,908,100,0
2018-05-22,2+2,30.85,10776,1260,0
2018-05-22,3+1,19.69,17848,2167,0
2018-05-22,3+0,13.88,47909,6047,0
2018-05-22,1+2,15.98,58842,6839,0
2018-05-22,2+1,10.20,276427,33859,0
2018-05-22,2+0,4.73,732470,90522,0
2018-05-25,5+2,57140617.00,0,0,1
2018-05-25,5+1,560877.56,2,1,0
2018-05-25,5+0,21772.46,12,1,0
2018-05-25,4+2,2719.04,47,10,0
2018-05-25,4+1,156.86,869,114,0
2018-05-25,3+2,95.51,1992,260,0
2018-05-25,4+0,63.44,1701,205,0
2018-05-25,2+2,18.13,27402,3656,0
2018-05-25,3+1,12.49,42040,6177,0
2018-05-25,3+0,12.49,79525,9883,0
2018-05-25,1+2,10.13,138770,17426,0
2018-05-25,2+1,6.97,604725,89465,0
2018-05-25,2+0,4.52,1146351,148124,0
2018-05-29,5+2,66136266.80,0,0,1
2018-05-29,5+1,164503.78,5,0,0
2018-05-29,5+0,21286.00,9,1,0
2018-05-29,4+2,4259.30,22,5,0
2018-05-29,4+1,176.90,565,68,0
2018-05-29,3+2,109.94,1269,134,0
2018-05-29,4+0,67.74,1168,117,0
2018-05-29,2+2,18.82,19354,2355,0
2018-05-29,3+1,14.63,26322,3130,0
2018-05-29,3+0,13.36,54538,6823,0
2018-05-29,1+2,9.83,104785,13294,0
2018-05-29,2+1,7.98,387481,46894,0
2018-05-29,2+0,4.61,823102,102295,0
2018-06-01,5+2,37145179.00,2,1,0
2018-06-01,5+1,0.00,0,0,0
2018-06-01,5+0,183844.54,8,1,0
2018-06-01,4+2,3484.65,39,4,0
2018-06-01,4+1,167.39,866,118,0
2018-06-01,3+2,102.92,1966,223,0
2018-06-01,4+0,66.60,1723,218,0
2018-06-01,2+2,18.62,28380,3367,0
2018-06-01,3+1,13.05,42801,5976,0
2018-06-01,3+0,12.61,83791,10731,0
2018-06-01,1+2,10.12,147619,18080,0
2018-06-01,2+1,7.04,636537,90576,0
2018-06-01,2+0,4.42,1245568,156992,0
2018-06-05,5+2,17000000.00,1,0,0
2018-06-05,5+1,360735.71,2,0,0
2018-06-05,5+0,28006.48,6,1,0
2018-06-05,4+2,2739.76,30,5,0
2018-06-05,4+1,142.78,614,79,0
2018-06-05,3+2,111.45,1098,142,0
2018-06-05,4+0,59.17,1173,152,0
2018-06-05,2+2,19.50,16388,2252,0
2018-06-05,3+1,13.65,24743,3974,0
2018-06-05,3+0,13.34,47906,6681,0
2018-06-05,1+2,9.91,91180,12285,0
2018-06-05,2+1,7.48,362325,56909,0
2018-06-05,2+0,4.72,705841,96597,0
2018-06-08,5+2,17000000.00,1,0,0
2018-06-08,5+1,520450.05,2,0,0
2018-06-08,5+0,26937.49,9,0,0
2018-06-08,4+2,1943.99,61,5,0
2018-06-08,4+1,176.16,718,105,0
2018-06-08,3+2,79.31,2226,395,0
2018-06-08,4+0,62.50,1602,228,0
2018-06-08,2+2,14.63,31520,5540,0
2018-06-08,3+1,15.44,31567,4899,0
2018-06-08,3+0,13.76,66991,10107,0
2018-06-08,1+2,7.44,175269,33070,0
2018-06-08,2+1,8.33,469714,76390,0
2018-06-08,2+0,4.91,979042,152152,0
2018-06-12,5+2,17000000.00,0,0,1
2018-06-12,5+1,142783.83,5,2,0
2018-06-12,5+0,33255.98,5,1,0
2018-06-12,4+2,2033.31,40,4,0
2018-06-12,4+1,151.93,571,77,0
2018-06-12,3+2,87.30,1387,219,0
2018-06-12,4+0,49.98,1374,205,0
2018-06-12,2+2,16.62,19025,2782,0
2018-06-12,3+1,12.62,26488,3521,0
2018-06-12,3+0,10.47,60413,7972,0
2018-06-12,1+2,9.23,96830,14366,0
2018-06-12,2+1,7.32,366496,50043,0
2018-06-12,2+0,4.12,799959,106364,0
2018-06-15,5+2,28072727.00,0,0,1
2018-06-15,5+1,337478.94,3,0,0
2018-06-15,5+0,78602.69,3,0,0
2018-06-15,4+2,4805.87,24,4,0
2018-06-15,4+1,211.75,581,62,0
2018-06-15,3+2,144.55,1188,153,0
2018-06-15,4+0,63.16,1542,249,0
2018-06-15,2+2,27.25,16457,1889,0
2018-06-15,3+1,19.02,24925,2999,0
2018-06-15,3+0,11.89,75404,10661,0
2018-06-15,1+2,14.26,88960,10660,0
2018-06-15,2+1,10.34,368104,44529,0
2018-06-15,2+0,4.20,1112523,157048,0
2018-06-19,5+2,36158964.00,1,0,0
2018-06-19,5+1,246455.52,3,0,0
2018-06-19,5+0,24600.98,7,1,0
2018-06-19,4+2,2276.53,37,4,0
2018-06-19,4+1,142.61,630,81,0
2018-06-19,3+2,75.96,1651,179,0
2018-06-19,4+0,47.35,1502,149,0
2018-06-19,2+2,14.75,22199,2758,0
2018-06-19,3+1,13.33,25959,3180,0
2018-06-19,3+0,11.25,58225,7437,0
2018-06-19,1+2,7.93,116754,14249,0
2018-06-19,2+1,7.50,370530,45628,0
2018-06-19,2+0,4.22,809048,105651,0
2018-06-22,5+2,17000000.00,0,0,1
2018-06-22,5+1,474167.82,2,0,0
2018-06-22,5+0,220878.17,1,0,0
2018-06-22,4+2,2572.33,42,9,0
2018-06-22,4+1,195.32,590,98,0
2018-06-22,3+2,84.21,1910,342,0
2018-06-22,4+0,64.74,1409,201,0
2018-06-22,2+2,15.40,27282,4603,0
2018-06-22,3+1,15.47,28705,4369,0
2018-06-22,3+0,13.47,62370,8669,0
2018-06-22,1+2,7.63,155713,26056,0
2018-06-22,2+1,8.50,419424,60773,0
2018-06-22,2+0,4.86,900741,121716,0
2018-06-26,5+2,24657714.46,0,0,1
2018-06-26,5+1,0.00,0,0,0
2018-06-26,5+0,431632.74,2,1,0
2018-06-26,4+2,4198.30,19,5,0
2018-06-26,4+1,222.15,383,49,0
2018-06-26,3+2,101.68,1168,177,0
2018-06-26,4+0,75.43,893,153,0
2018-06-26,2+2,16.37,18939,2419,0
2018-06-26,3+1,16.05,20424,2921,0
2018-06-26,3+0,14.34,43238,6588,0
2018-06-26,1+2,7.92,110788,12605,0
2018-06-26,2+1,8.04,327131,43754,0
2018-06-26,2+0,4.83,668626,97526,0
2018-06-29,5+2,35759659.04,0,0,1
2018-06-29,5+1,1015108.35,1,0,0
2018-06-29,5+0,23643.03,10,1,0
2018-06-29,4+2,5028.05,23,4,0
2018-06-29,4+1,208.36,592,69,0
2018-06-29,3+2,167.81,1026,116,0
2018-06-29,4+0,60.76,1607,192,0
2018-06-29,2+2,29.33,15330,1612,0
2018-06-29,3+1,16.57,28679,3805,0
2018-06-29,3+0,12.26,73315,10163,0
2018-06-29,1+2,15.53,81888,9163,0
2018-06-29,2+1,8.91,427917,58930,0
2018-06-29,2+0,4.31,1087939,151714,0
2018-07-03,5+2,44211419.00,0,0,1
2018-07-03,5+1,257596.07,3,1,0
2018-07-03,5+0,44997.79,4,0,0
2018-07-03,4+2,1956.42,45,9,0
2018-07-03,4+1,146.50,641,69,0
2018-07-03,3+2,74.14,1768,301,0
2018-07-03,4+0,55.73,1334,151,0
2018-07-03,2+2,13.43,25492,4163,0
2018-07-03,3+1,12.49,28960,3929,0
2018-07-03,3+0,12.23,55949,6639,0
2018-07-03,1+2,7.24,133723,22200,0
2018-07-03,2+1,7.08,410279,54651,0
2018-07-03,2+0,4.56,782597,92272,0
2018-07-06,5+2,56241097.00,0,0,1
2018-07-06,5+1,549967.91,2,0,0
2018-07-06,5+0,51237.51,5,1,0
2018-07-06,4+2,3132.72,40,4,0
2018-07-06,4+1,192.87,693,82,0
2018-07-06,3+2,127.52,1463,134,0
2018-07-06,4+0,70.21,1507,195,0
2018-07-06,2+2,23.05,21135,2207,0
2018-07-06,3+1,16.68,30869,3671,0
2018-07-06,3+0,13.16,74041,9333,0
2018-07-06,1+2,11.86,116181,12361,0
2018-07-06,2+1,9.13,452469,54353,0
2018-07-06,2+0,4.67,1087038,136766,0
2018-07-10,5+2,65538512.00,1,0,0
2018-07-10,5+1,850110.80,1,0,0
2018-07-10,5+0,66000.16,3,0,0
2018-07-10,4+2,4842.40,20,3,0
2018-07-10,4+1,166.08,622,66,0
2018-07-10,3+2,118.38,1218,138,0
2018-07-10,4+0,56.63,1444,153,0
2018-07-10,2+2,20.97,17955,1804,0
2018-07-10,3+1,14.44,27562,3189,0
2018-07-10,3+0,11.95,62996,8159,0
2018-07-10,1+2,11.15,95468,9622,0
2018-07-10,2+1,7.96,401436,47090,0
2018-07-10,2+0,4.31,910841,117151,0
2018-07-13,5+2,17000000.00,1,0,0
2018-07-13,5+1,623200.74,2,0,0
2018-07-13,5+0,58060.22,5,0,0
2018-07-13,4+2,4733.17,30,1,0
2018-07-13,4+1,168.66,898,114,0
2018-07-13,3+2,150.04,1409,132,0
2018-07-13,4+0,50.38,2380,288,0
2018-07-13,2+2,26.78,20614,1942,0
2018-07-13,3+1,15.58,37456,4322,0
2018-07-13,3+0,10.85,101708,12171,0
2018-07-13,1+2,14.45,108026,10227,0
2018-07-13,2+1,8.77,533918,61682,0
2018-07-13,2+0,4.07,1413912,170150,0
2018-07-17,5+2,17000000.00,0,0,1
2018-07-17,5+1,346204.47,2,0,0
2018-07-17,5+0,32253.98,5,0,0
2018-07-17,4+2,2817.21,28,5,0
2018-07-17,4+1,184.51,456,72,0
2018-07-17,3+2,117.56,999,161,0
2018-07-17,4+0,66.01,1009,155,0
2018-07-17,2+2,21.77,14088,1817,0
2018-07-17,3+1,16.35,19831,2985,0
2018-07-17,3+0,12.59,48717,7103,0
2018-07-17,1+2,11.74,73899,9130,0
2018-07-17,2+1,8.96,290388,39077,0
2018-07-17,2+0,4.25,751084,105522,0
2018-07-20,5+2,27914266.24,0,0,1
2018-07-20,5+1,498973.97,2,0,0
2018-07-20,5+0,77477.81,3,0,0
2018-07-20,4+2,4943.05,23,8,0
2018-07-20,4+1,240.13,505,64,0
2018-07-20,3+2,121.86,1389,208,0
2018-07-20,4+0,82.12,1169,170,0
2018-07-20,2+2,19.47,22700,2951,0
2018-07-20,3+1,18.26,25594,3283,0
2018-07-20,3+0,15.91,55549,7350,0
2018-07-20,1+2,8.99,139000,19064,0
2018-07-20,2+1,9.11,411723,55664,0
2018-07-20,2+0,5.30,869397,116439,0
2018-07-24,5+2,35993507.00,0,0,1
2018-07-24,5+1,369363.43,2,0,0
2018-07-24,5+0,34411.58,5,0,0
2018-07-24,4+2,2274.56,37,6,0
2018-07-24,4+1,188.19,477,67,0
2018-07-24,3+2,89.31,1403,192,0
2018-07-24,4+0,70.85,1003,121,0
2018-07-24,2+2,15.19,21546,3080,0
2018-07-24,3+1,15.32,22570,3090,0
2018-07-24,3+0,13.73,47661,6376,0
2018-07-24,1+2,7.65,120858,16882,0
2018-07-24,2+1,7.82,354748,50109,0
2018-07-24,2+0,4.63,736430,98271,0
2018-07-27,5+2,47636023.28,0,0,1
2018-07-27,5+1,532267.82,2,0,0
2018-07-27,5+0,22540.22,11,0,0
2018-07-27,4+2,3675.03,33,2,0
2018-07-27,4+1,157.56,821,115,0
2018-07-27,3+2,105.34,1714,196,0
2018-07-27,4+0,47.61,2151,252,0
2018-07-27,2+2,19.82,23791,2694,0
2018-07-27,3+1,13.35,37344,4845,0
2018-07-27,3+0,10.15,92897,12624,0
2018-07-27,1+2,11.25,118555,13367,0
2018-07-27,2+1,7.74,516868,68010,0
2018-07-27,2+0,3.83,1282773,175859,0
2018-07-31,5+2,56774958.00,0,0,1
2018-07-31,5+1,278540.06,3,0,0
2018-07-31,5+0,97312.73,2,0,0
2018-07-31,4+2,5010.38,19,1,0
2018-07-31,4+1,209.80,484,66,0
2018-07-31,3+2,128.61,1102,108,0
2018-07-31,4+0,76.05,1057,142,0
2018-07-31,2+2,23.00,16092,1775,0
2018-07-31,3+1,18.09,21630,2641,0
2018-07-31,3+0,14.20,52120,6580,0
2018-07-31,1+2,11.95,87563,9524,0
2018-07-31,2+1,9.45,332174,40667,0
2018-07-31,2+0,4.80,802836,103657,0
2018-08-03,5+2,69369394.11,0,0,1
2018-08-03,5+1,1151574.59,1,0,0
2018-08-03,5+0,29801.64,9,1,0
2018-08-03,4+2,3279.80,40,5,0
2018-08-03,4+1,207.62,674,67,0
2018-08-03,3+2,148.42,1316,113,0
2018-08-03,4+0,64.14,1727,176,0
2018-08-03,2+2,26.08,19562,1813,0
2018-08-03,3+1,17.84,30228,3359,0
2018-08-03,3+0,12.77,79901,9339,0
2018-08-03,1+2,13.86,104053,9788,0
2018-08-03,2+1,9.67,447263,49964,0
2018-08-03,2+0,4.44,1196031,142476,0
2018-08-07,5+2,75479227.02,0,0,1
2018-08-07,5+1,223461.48,4,1,0
2018-08-07,5+0,29740.98,7,2,0
2018-08-07,4+2,4242.93,24,3,0
2018-08-07,4+1,208.88,520,54,0
2018-08-07,3+2,127.62,1188,147,0
2018-08-07,4+0,71.18,1208,124,0
2018-08-07,2+2,22.19,17843,2137,0
2018-08-07,3+1,16.39,25528,3003,0
2018-08-07,3+0,13.08,60531,7153,0
2018-08-07,1+2,11.80,94854,11573,0
2018-08-07,2+1,8.72,385045,49012,0
2018-08-07,2+0,4.54,908366,114701,0
2018-08-10,5+2,83831487.45,0,0,1
2018-08-10,5+1,152738.09,8,0,0
2018-08-10,5+0,71148.88,4,0,0
2018-08-10,4+2,4218.31,33,2,0
2018-08-10,4+1,211.51,702,83,0
2018-08-10,3+2,105.10,1972,248,0
2018-08-10,4+0,76.48,1537,173,0
2018-08-10,2+2,15.79,34275,4068,0
2018-08-10,3+1,16.47,34730,4295,0
2018-08-10,3+0,14.65,73897,8554,0
2018-08-10,1+2,7.96,192343,25335,0
2018-08-10,2+1,8.42,545017,66176,0
2018-08-10,2+0,4.97,1135029,133249,0
2018-08-14,5+2,90786197.45,0,0,1
2018-08-14,5+1,508724.15,2,0,0
2018-08-14,5+0,23697.53,10,0,0
2018-08-14,4+2,3311.76,35,3,0
2018-08-14,4+1,161.19,767,101,0
2018-08-14,3+2,115.82,1490,184,0
2018-08-14,4+0,45.44,2154,261,0
2018-08-14,2+2,22.70,19855,2451,0
2018-08-14,3+1,14.08,33822,4299,0
2018-08-14,3+0,10.74,83888,11331,0
2018-08-14,1+2,12.02,106042,13180,0
2018-08-14,2+1,8.16,468648,59575,0
2018-08-14,2+0,4.13,1136229,150195,0
2018-08-17,5+2,99896146.46,0,0,1
2018-08-17,5+1,666375.90,2,0,0
2018-08-17,5+0,34490.34,9,1,0
2018-08-17,4+2,4103.58,37,4,0
2018-08-17,4+1,180.14,899,108,0
2018-08-17,3+2,149.80,1509,148,0
2018-08-17,4+0,56.48,2270,238,0
2018-08-17,2+2,26.43,22340,2352,0
2018-08-17,3+1,15.99,39024,4485,0
2018-08-17,3+0,11.53,102396,11587,0
2018-08-17,1+2,14.28,116950,13008,0
2018-08-17,2+1,8.83,567326,64782,0
2018-08-17,2+0,4.18,1471600,170186,0
2018-08-21,5+2,107839228.00,1,0,0
2018-08-21,5+1,193673.88,6,0,0
2018-08-21,5+0,54130.62,5,0,0
2018-08-21,4+2,8274.04,16,2,0
2018-08-21,4+1,261.98,539,55,0
2018-08-21,3+2,156.18,1262,122,0
2018-08-21,4+0,65.03,1719,178,0
2018-08-21,2+2,27.85,18482,2081,0
2018-08-21,3+1,19.19,28354,3059,0
2018-08-21,3+0,12.94,79546,8815,0
2018-08-21,1+2,14.68,99132,11396,0
2018-08-21,2+1,10.33,422529,47531,0
2018-08-21,2+0,4.38,1223764,151375,0
2018-08-24,5+2,17000000.00,0,0,1
2018-08-24,5+1,250749.97,4,0,0
2018-08-24,5+0,46722.02,5,1,0
2018-08-24,4+2,5441.22,21,4,0
2018-08-24,4+1,242.79,502,73,0
2018-08-24,3+2,147.04,1157,155,0
2018-08-24,4+0,67.38,1432,176,0
2018-08-24,2+2,25.45,17460,2367,0
2018-08-24,3+1,19.38,24235,3012,0
2018-08-24,3+0,13.21,67242,9252,0
2018-08-24,1+2,13.66,91952,11981,0
2018-08-24,2+1,10.26,367385,47178,0
2018-08-24,2+0,4.41,1050501,148263,0
2018-08-28,5+2,25031511.06,0,0,1
2018-08-28,5+1,146872.54,5,2,0
2018-08-28,5+0,24434.49,7,2,0
2018-08-28,4+2,5228.84,16,4,0
2018-08-28,4+1,189.46,471,84,0
2018-08-28,3+2,156.68,795,109,0
2018-08-28,4+0,64.22,1100,173,0
2018-08-28,2+2,29.60,10991,1395,0
2018-08-28,3+1,17.40,19764,2932,0
2018-08-28,3+0,13.44,48400,7019,0
2018-08-28,1+2,15.37,59837,7361,0
2018-08-28,2+1,9.85,280049,38645,0
2018-08-28,2+0,4.75,713072,94592,0
2018-08-31,5+2,36535987.00,0,0,1
2018-08-31,5+1,262978.46,4,0,0
2018-08-31,5+0,7000.07,35,14,0
2018-08-31,4+2,3744.94,32,3,0
2018-08-31,4+1,234.54,545,58,0
2018-08-31,3+2,101.72,1754,188,0
2018-08-31,4+0,82.40,1228,147,0
2018-08-31,2+2,16.81,27721,3431,0
2018-08-31,3+1,16.54,29770,3420,0
2018-08-31,3+0,14.67,63493,7761,0
2018-08-31,1+2,8.56,153968,19441,0
2018-08-31,2+1,8.52,463635,55862,0
2018-08-31,2+0,4.89,992574,127275,0
2018-09-04,5+2,45447459.00,1,0,0
2018-09-04,5+1,814822.10,1,0,0
2018-09-04,5+0,21086.81,9,1,0
2018-09-04,4+2,3315.27,28,1,0
2018-09-04,4+1,172.20,575,66,0
2018-09-04,3+2,123.18,1122,106,0
2018-09-04,4+0,53.07,1477,195,0
2018-09-04,2+2,22.55,16007,1625,0
2018-09-04,3+1,14.83,25731,3031,0
2018-09-04,3+0,11.54,62532,7829,0
2018-09-04,1+2,12.18,83809,9266,0
2018-09-04,2+1,8.40,364313,41491,0
2018-09-04,2+0,4.18,900468,110250,0
2018-09-07,5+2,17000000.00,0,0,1
2018-09-07,5+1,248009.97,4,0,0
2018-09-07,5+0,25673.04,9,0,0
2018-09-07,4+2,3645.71,31,6,0
2018-09-07,4+1,151.06,798,131,0
2018-09-07,3+2,101.92,1651,248,0
2018-09-07,4+0,55.61,1716,311,0
2018-09-07,2+2,19.05,23071,3168,0
2018-09-07,3+1,11.98,38761,7520,0
2018-09-07,3+0,11.13,78973,11404,0
2018-09-07,1+2,10.40,119491,15241,0
2018-09-07,2+1,7.68,485422,70398,0
2018-09-07,2+0,4.19,1091396,150173,0
2018-09-11,5+2,25114954.28,0,0,1
2018-09-11,5+1,185498.08,4,0,0
2018-09-11,5+0,43204.61,4,1,0
2018-09-11,4+2,4448.98,19,2,0
2018-09-11,4+1,165.44,545,87,0
2018-09-11,3+2,128.03,983,100,0
2018-09-11,4+0,64.48,1107,132,0
2018-09-11,2+2,22.40,14673,1835,0
2018-09-11,3+1,14.39,24135,3111,0
2018-09-11,3+0,13.64,48166,5984,0
2018-09-11,1+2,11.43,81349,10091,0
2018-09-11,2+1,7.94,351074,46360,0
2018-09-11,2+0,4.87,702612,88263,0
2018-09-14,5+2,36785881.00,0,0,1
2018-09-14,5+1,1067133.30,1,0,0
2018-09-14,5+0,22595.22,11,1,0
2018-09-14,4+2,4192.14,29,3,0
2018-09-14,4+1,203.25,638,80,0
2018-09-14,3+2,130.59,1386,167,0
2018-09-14,4+0,75.82,1354,162,0
2018-09-14,2+2,21.99,21499,2590,0
2018-09-14,3+1,15.41,32430,4604,0
2018-09-14,3+0,14.75,64084,8152,0
2018-09-14,1+2,11.12,120195,14384,0
2018-09-14,2+1,7.91,506679,67570,0
2018-09-14,2+0,4.89,1006517,130338,0
2018-09-18,5+2,45748295.00,0,0,1
2018-09-18,5+1,204869.99,4,0,0
2018-09-18,5+0,95433.11,2,1,0
2018-09-18,4+2,5186.58,18,3,0
2018-09-18,4+1,187.89,530,55,0
2018-09-18,3+2,145.39,956,114,0
2018-09-18,4+0,60.64,1300,146,0
2018-09-18,2+2,27.64,13133,1470,0
2018-09-18,3+1,16.82,22813,2772,0
2018-09-18,3+0,11.25,64514,8906,0
2018-09-18,1+2,14.74,69639,7446,0
2018-09-18,2+1,9.07,339612,40359,0
2018-09-18,2+0,4.02,941811,127387,0
2018-09-21,5+2,130000000.00,0,0,1
2018-09-21,5+1,297831.33,7,0,0
2018-09-21,5+0,23122.77,21,6,0
2018-09-21,4+2,2101.86,113,9,0
2018-09-21,4+1,119.10,2127,203,0
2018-09-21,3+2,97.15,3640,315,0
2018-09-21,4+0,44.84,4472,437,0
2018-09-21,2+2,18.74,49277,4640,0
2018-09-21,3+1,11.25,86771,8584,0
2018-09-21,3+0,10.27,179843,17920,0
2018-09-21,1+2,10.85,240699,22254,0
2018-09-21,2+1,6.73,1163577,115908,0
2018-09-21,2+0,4.01,2399057,232800,0
2018-09-25,5+2,139272150.00,0,0,1
2018-09-25,5+1,678240.57,2,0,0
2018-09-25,5+0,35104.43,9,0,0
2018-09-25,4+2,2809.74,55,5,0
2018-09-25,4+1,153.48,1074,129,0
2018-09-25,3+2,79.42,2897,350,0
2018-09-25,4+0,59.04,2210,288,0
2018-09-25,2+2,15.40,39010,4023,0
2018-09-25,3+1,13.00,48838,5743,0
2018-09-25,3+0,11.89,101071,12459,0
2018-09-25,1+2,8.30,204728,20187,0
2018-09-25,2+1,7.54,676099,73955,0
2018-09-25,2+0,4.46,1403251,163027,0
2018-09-28,5+2,151876472.00,0,0,1
2018-09-28,5+1,368793.12,5,1,0
2018-09-28,5+0,71580.10,6,1,0
2018-09-28,4+2,2838.81,74,9,0
2018-09-28,4+1,131.88,1699,269,0
2018-09-28,3+2,86.13,3631,462,0
2018-09-28,4+0,54.78,3238,410,0
2018-09-28,2+2,15.64,52206,5996,0
2018-09-28,3+1,12.05,71617,9139,0
2018-09-28,3+0,11.47,142427,16966,0
2018-09-28,1+2,8.78,262899,29085,0
2018-09-28,2+1,7.18,964818,115979,0
2018-09-28,2+0,4.31,1974317,226210,0
2018-10-02,5+2,162403002.00,1,0,0
2018-10-02,5+1,90587.78,17,2,0
2018-10-02,5+0,11956.05,30,1,0
2018-10-02,4+2,2618.53,67,6,0
2018-10-02,4+1,104.78,1786,183,0
2018-10-02,3+2,95.43,2737,271,0
2018-10-02,4+0,37.79,3920,399,0
2018-10-02,2+2,19.92,34237,3186,0
2018-10-02,3+1,11.91,60548,7070,0
2018-10-02,3+0,10.01,136208,15245,0
2018-10-02,1+2,11.29,170803,16305,0
2018-10-02,2+1,7.63,758397,83805,0
2018-10-02,2+0,4.20,1692420,183058,0
2018-10-05,5+2,17000000.00,1,0,0
2018-10-05,5+1,156384.69,7,1,0
2018-10-05,5+0,23178.76,11,4,0
2018-10-05,4+2,3897.24,32,4,0
2018-10-05,4+1,135.74,980,212,0
2018-10-05,3+2,116.92,1588,218,0
2018-10-05,4+0,42.44,2481,606,0
2018-10-05,2+2,22.82,21245,2249,0
2018-10-05,3+1,13.52,37906,5975,0
2018-10-05,3+0,10.55,91879,14528,0
2018-10-05,1+2,12.14,112999,11839,0
2018-10-05,2+1,8.21,501210,64093,0
2018-10-05,2+0,4.25,1189395,152312,0
2018-10-09,5+2,17000000.00,0,0,1
2018-10-09,5+1,378735.40,2,0,0
2018-10-09,5+0,58807.85,3,0,0
2018-10-09,4+2,5393.38,16,3,0
2018-10-09,4+1,198.80,463,52,0
2018-10-09,3+2,144.85,887,111,0
2018-10-09,4+0,68.10,1070,140,0
2018-10-09,2+2,24.23,13846,1764,0
2018-10-09,3+1,16.50,21500,2599,0
2018-10-09,3+0,13.12,51149,6045,0
2018-10-09,1+2,12.42,76417,10239,0
2018-10-09,2+1,8.77,324411,40890,0
2018-10-09,2+0,4.50,777337,94646,0
2018-10-12,5+2,28511487.15,0,0,1
2018-10-12,5+1,210510.99,5,0,0
2018-10-12,5+0,35021.72,7,1,0
2018-10-12,4+2,1965.75,61,6,0
2018-10-12,4+1,147.35,868,87,0
2018-10-12,3+2,66.94,2667,374,0
2018-10-12,4+0,52.27,1937,205,0
2018-10-12,2+2,12.60,36992,5794,0
2018-10-12,3+1,12.76,38623,4773,0
2018-10-12,3+0,11.28,82644,9337,0
2018-10-12,1+2,6.89,191325,33700,0
2018-10-12,2+1,7.16,552096,77006,0
2018-10-12,2+0,4.29,1131340,139160,0
2018-10-16,5+2,37140191.08,0,0,1
2018-10-16,5+1,197241.78,4,0,0
2018-10-16,5+0,30626.57,6,1,0
2018-10-16,4+2,2996.07,30,9,0
2018-10-16,4+1,186.52,514,63,0
2018-10-16,3+2,119.48,1120,120,0
2018-10-16,4+0,59.71,1271,202,0
2018-10-16,2+2,21.28,16422,1821,0
2018-10-16,3+1,16.45,22455,2741,0
2018-10-16,3+0,13.07,53476,6950,0
2018-10-16,1+2,10.83,91279,10619,0
2018-10-16,2+1,9.04,327795,38976,0
2018-10-16,2+0,4.76,765721,97113,0
2018-10-19,5+2,49434482.70,0,0,1
2018-10-19,5+1,0.00,0,0,0
2018-10-19,5+0,692976.85,2,0,0
2018-10-19,4+2,3370.14,38,5,0
2018-10-19,4+1,240.07,569,77,0
2018-10-19,3+2,162.41,1174,131,0
2018-10-19,4+0,72.62,1489,176,0
2018-10-19,2+2,27.76,17937,2021,0
2018-10-19,3+1,17.95,29325,3715,0
2018-10-19,3+0,14.59,68260,8245,0
2018-10-19,1+2,14.59,96546,10654,0
2018-10-19,2+1,9.01,468942,61670,0
2018-10-19,2+0,4.65,1114658,141198,0
2018-10-23,5+2,58925021.32,0,0,1
2018-10-23,5+1,867769.14,1,0,0
2018-10-23,5+0,40422.66,5,1,0
2018-10-23,4+2,6178.73,16,3,0
2018-10-23,4+1,190.00,555,62,0
2018-10-23,3+2,148.67,990,124,0
2018-10-23,4+0,61.38,1360,146,0
2018-10-23,2+2,25.17,15271,1816,0
2018-10-23,3+1,13.83,29372,3856,0
2018-10-23,3+0,11.10,69216,8916,0
2018-10-23,1+2,14.32,75895,8200,0
2018-10-23,2+1,8.33,391415,49301,0
2018-10-23,2+0,4.11,975321,124031,0
2018-10-26,5+2,72210652.46,0,0,1
2018-10-26,5+1,86769.58,14,1,0
2018-10-26,5+0,25721.33,11,1,0
2018-10-26,4+2,3145.27,44,3,0
2018-10-26,4+1,143.87,1026,167,0
2018-10-26,3+2,90.45,2278,289,0
2018-10-26,4+0,52.80,2213,326,0
2018-10-26,2+2,16.53,32558,4304,0
2018-10-26,3+1,13.50,42133,5686,0
2018-10-26,3+0,11.65,92371,12620,0
2018-10-26,1+2,8.97,169611,22288,0
2018-10-26,2+1,7.64,597316,79032,0
2018-10-26,2+0,4.34,1290913,173653,0
2018-10-30,5+2,78587093.36,0,0,1
2018-10-30,5+1,233212.42,4,0,0
2018-10-30,5+0,21727.13,10,3,0
2018-10-30,4+2,3428.19,31,2,0
2018-10-30,4+1,191.48,592,65,0
2018-10-30,3+2,135.58,1167,124,0
2018-10-30,4+0,40.27,2228,289,0
2018-10-30,2+2,25.19,16405,1875,0
2018-10-30,3+1,16.54,26413,2846,0
2018-10-30,3+0,8.97,92084,12355,0
2018-10-30,1+2,13.46,86845,9457,0
2018-10-30,2+1,9.38,373525,42597,0
2018-10-30,2+0,3.67,1173434,153511,0
2018-11-02,5+2,87021202.00,1,0,0
2018-11-02,5+1,616939.40,2,0,0
2018-11-02,5+0,22106.49,13,1,0
2018-11-02,4+2,2868.74,49,5,0
2018-11-02,4+1,142.12,1055,106,0
2018-11-02,3+2,100.09,2091,186,0
2018-11-02,4+0,54.85,2164,205,0
2018-11-02,2+2,18.29,29872,3291,0
2018-11-02,3+1,12.66,45644,5103,0
2018-11-02,3+0,11.32,96543,11349,0
2018-11-02,1+2,10.55,146471,15749,0
2018-11-02,2+1,7.39,627533,75131,0
2018-11-02,2+0,4.16,1369528,172798,0
2018-11-06,5+2,17000000.00,0,0,1
2018-11-06,5+1,785872.54,1,0,0
2018-11-06,5+0,61012.88,3,1,0
2018-11-06,4+2,3315.91,27,1,0
2018-11-06,4+1,191.37,499,61,0
2018-11-06,3+2,107.93,1235,130,0
2018-11-06,4+0,72.48,1043,118,0
2018-11-06,2+2,19.53,17819,2024,0
2018-11-06,3+1,16.76,21953,2592,0
2018-11-06,3+0,14.72,47284,5337,0
2018-11-06,1+2,9.54,103191,11790,0
2018-11-06,2+1,8.86,333416,38987,0
2018-11-06,2+0,5.11,710321,80142,0
2018-11-09,5+2,29387682.29,0,0,1
2018-11-09,5+1,283167.50,4,0,0
2018-11-09,5+0,32976.46,8,1,0
2018-11-09,4+2,3910.25,33,4,0
2018-11-09,4+1,193.31,712,70,0
2018-11-09,3+2,166.34,1155,111,0
2018-11-09,4+0,60.70,1795,187,0
2018-11-09,2+2,28.30,17726,1840,0
2018-11-09,3+1,18.33,28929,3007,0
2018-11-09,3+0,12.01,83543,9537,0
2018-11-09,1+2,15.26,92973,9972,0
2018-11-09,2+1,10.28,413892,44181,0
2018-11-09,2+0,4.22,1239823,149815,0
2018-11-13,5+2,38112925.00,0,0,1
2018-11-13,5+1,265931.39,3,0,0
2018-11-13,5+0,30969.22,6,1,0
2018-11-13,4+2,1854.85,49,6,0
2018-11-13,4+1,117.94,822,99,0
2018-11-13,3+2,71.59,1890,225,0
2018-11-13,4+0,43.65,1758,222,0
2018-11-13,2+2,13.57,26035,3198,0
2018-11-13,3+1,10.40,35910,4568,0
2018-11-13,3+0,9.49,74472,8946,0
2018-11-13,1+2,8.05,124043,15324,0
2018-11-13,2+1,6.44,465333,57245,0
2018-11-13,2+0,3.84,959399,113962,0
2018-11-16,5+2,50340148.00,1,0,0
2018-11-16,5+1,223599.67,5,0,0
2018-11-16,5+0,52078.91,5,1,0
2018-11-16,4+2,5094.67,25,1,0
2018-11-16,4+1,210.30,646,79,0
2018-11-16,3+2,137.61,1378,140,0
2018-11-16,4+0,50.63,2124,292,0
2018-11-16,2+2,24.16,20500,2217,0
2018-11-16,3+1,15.82,33081,3880,0
2018-11-16,3+0,9.89,100139,13793,0
2018-11-16,1+2,13.23,105840,11436,0
2018-11-16,2+1,9.07,463035,53544,0
2018-11-16,2+0,3.66,1410948,189433,0
2018-11-20,5+2,17000000.00,0,0,1
2018-11-20,5+1,353795.55,2,0,0
2018-11-20,5+0,82403.01,2,1,0
2018-11-20,4+2,5757.97,14,0,0
2018-11-20,4+1,191.50,449,53,0
2018-11-20,3+2,148.17,810,67,0
2018-11-20,4+0,61.71,1103,125,0
2018-11-20,2+2,28.18,11124,1205,0
2018-11-20,3+1,17.15,19323,2266,0
2018-11-20,3+0,13.01,48162,6143,0
2018-11-20,1+2,15.01,59057,6122,0
2018-11-20,2+1,9.27,286781,33879,0
2018-11-20,2+0,4.60,710398,90874,0
2018-11-23,5+2,28078913.00,0,0,1
2018-11-23,5+1,202600.48,5,0,0
2018-11-23,5+0,23593.98,10,2,0
2018-11-23,4+2,2564.56,45,3,0
2018-11-23,4+1,120.21,1024,125,0
2018-11-23,3+2,97.18,1768,184,0
2018-11-23,4+0,43.17,2257,307,0
2018-11-23,2+2,19.27,23284,2551,0
2018-11-23,3+1,12.05,39348,5149,0
2018-11-23,3+0,9.63,93177,12199,0
2018-11-23,1+2,11.01,115235,13223,0
2018-11-23,2+1,7.39,515238,67830,0
2018-11-23,2+0,3.89,1202910,157194,0
2018-11-27,5+2,36531328.00,0,0,1
2018-11-27,5+1,386424.07,2,0,0
2018-11-27,5+0,36001.02,5,0,0
2018-11-27,4+2,3521.83,25,2,0
2018-11-27,4+1,162.20,579,54,0
2018-11-27,3+2,111.28,1178,118,0
2018-11-27,4+0,58.13,1279,128,0
2018-11-27,2+2,20.44,16746,1901,0
2018-11-27,3+1,14.26,25369,3173,0
2018-11-27,3+0,11.24,60887,7256,0
2018-11-27,1+2,11.08,87358,9825,0
2018-11-27,2+1,7.89,368176,45020,0
2018-11-27,2+0,4.08,873538,106500,0
2018-11-30,5+2,48850310.40,0,0,1
2018-11-30,5+1,125154.27,9,2,0
2018-11-30,5+0,10090.33,26,4,0
2018-11-30,4+2,3290.32,39,6,0
2018-11-30,4+1,124.09,1103,134,0
2018-11-30,3+2,109.55,1744,198,0
2018-11-30,4+0,28.30,3828,618,0
2018-11-30,2+2,21.86,22820,2662,0
2018-11-30,3+1,13.10,40250,4959,0
2018-11-30,3+0,7.47,133500,19129,0
2018-11-30,1+2,12.58,112144,13399,0
2018-11-30,2+1,8.42,502706,60422,0
2018-11-30,2+0,3.31,1567754,214241,0
2018-12-04,5+2,58045709.00,0,0,1
2018-12-04,5+1,840782.96,1,1,0
2018-12-04,5+0,48956.98,4,0,0
2018-12-04,4+2,5321.41,18,1,0
2018-12-04,4+1,193.87,527,75,0
2018-12-04,3+2,125.87,1133,150,0
2018-12-04,4+0,80.40,1006,80,0
2018-12-04,2+2,21.74,17133,1970,0
2018-12-04,3+1,15.55,25319,3017,0
2018-12-04,3+0,14.43,51597,5560,0
2018-12-04,1+2,11.19,94158,11493,0
2018-12-04,2+1,7.84,402988,49192,0
2018-12-04,2+0,4.77,812784,92690,0
2018-12-07,5+2,70885902.00,0,0,1
2018-12-07,5+1,293511.35,4,0,0
2018-12-07,5+0,14392.02,19,4,0
2018-12-07,4+2,4053.09,33,4,0
2018-12-07,4+1,188.71,756,109,0
2018-12-07,3+2,138.38,1439,154,0
2018-12-07,4+0,56.78,1989,215,0
2018-12-07,2+2,25.62,20297,2158,0
2018-12-07,3+1,16.28,33768,3822,0
2018-12-07,3+0,11.31,91970,11679,0
2018-12-07,1+2,13.54,108637,12018,0
2018-12-07,2+1,9.07,486625,58176,0
2018-12-07,2+0,4.08,1329305,176950,0
2018-12-11,5+2,77047465.00,0,0,1
2018-12-11,5+1,180282.76,5,0,0
2018-12-11,5+0,20994.95,10,0,0
2018-12-11,4+2,1770.56,58,5,0
2018-12-11,4+1,95.33,1149,134,0
2018-12-11,3+2,70.62,2165,266,0
2018-12-11,4+0,33.90,2558,323,0
2018-12-11,2+2,14.84,26898,3638,0
2018-12-11,3+1,9.63,43815,5827,0
2018-12-11,3+0,8.61,92746,11084,0
2018-12-11,1+2,9.82,114980,14791,0
2018-12-11,2+1,6.34,533913,68681,0
2018-12-11,2+0,3.70,1123773,136094,0
2018-12-14,5+2,85503050.21,0,0,1
2018-12-14,5+1,247404.16,5,1,0
2018-12-14,5+0,26192.38,11,2,0
2018-12-14,4+2,4546.01,31,4,0
2018-12-14,4+1,186.73,805,81,0
2018-12-14,3+2,138.86,1511,164,0
2018-12-14,4+0,53.65,2218,231,0
2018-12-14,2+2,25.39,21581,2620,0
2018-12-14,3+1,16.00,36200,4368,0
2018-12-14,3+0,11.86,92368,11519,0
2018-12-14,1+2,13.95,111099,12818,0
2018-12-14,2+1,9.01,515756,64420,0
2018-12-14,2+0,4.32,1320327,172154,0
2018-12-18,5+2,92347677.46,0,0,1
2018-12-18,5+1,333781.20,3,1,0
2018-12-18,5+0,46644.86,5,0,0
2018-12-18,4+2,2074.12,55,9,0
2018-12-18,4+1,172.11,707,73,0
2018-12-18,3+2,82.21,2066,276,0
2018-12-18,4+0,59.61,1616,187,0
2018-12-18,2+2,13.69,32382,4251,0
2018-12-18,3+1,13.97,33570,3998,0
2018-12-18,3+0,12.87,68896,7987,0
2018-12-18,1+2,7.12,176166,23363,0
2018-12-18,2+1,7.42,507054,61132,0
2018-12-18,2+0,4.64,996849,112223,0
2018-12-21,5+2,102382992.34,0,0,1
2018-12-21,5+1,489376.46,3,0,0
2018-12-21,5+0,31085.82,11,2,0
2018-12-21,4+2,2883.71,58,9,0
2018-12-21,4+1,149.54,1193,161,0
2018-12-21,3+2,116.69,2134,244,0
2018-12-21,4+0,63.87,2211,298,0
2018-12-21,2+2,19.99,32528,3942,0
2018-12-21,3+1,13.72,50115,6879,0
2018-12-21,3+0,12.60,103216,13938,0
2018-12-21,1+2,10.57,173934,21007,0
2018-12-21,2+1,7.52,733523,95391,0
2018-12-21,2+0,4.51,1502622,195888,0
2018-12-25,5+2,109785346.00,0,0,1
2018-12-25,5+1,270734.22,4,0,0
2018-12-25,5+0,50445.66,5,1,0
2018-12-25,4+2,3524.93,35,4,0
2018-12-25,4+1,188.26,699,65,0
2018-12-25,3+2,90.66,2026,185,0
2018-12-25,4+0,63.64,1637,155,0
2018-12-25,2+2,16.53,29011,2749,0
2018-12-25,3+1,13.91,36462,3250,0
2018-12-25,3+0,11.98,80087,7153,0
2018-12-25,1+2,8.92,152071,15359,0
2018-12-25,2+1,7.55,538548,52208,0
2018-12-25,2+0,4.34,1152646,110104,0
2018-12-28,5+2,120363454.00,0,0,1
2018-12-28,5+1,515846.00,3,0,0
2018-12-28,5+0,24029.28,15,1,0
2018-12-28,4+2,4639.52,38,4,0
2018-12-28,4+1,228.49,823,103,0
2018-12-28,3+2,156.61,1676,194,0
2018-12-28,4+0,68.89,2161,305,0
2018-12-28,2+2,27.77,24682,2953,0
2018-12-28,3+1,19.40,37344,4739,0
2018-12-28,3+0,13.03,105191,16400,0
2018-12-28,1+2,14.48,133842,16531,0
2018-12-28,2+1,10.41,558591,69983,0
2018-12-28,2+0,4.36,1637549,246438,0
2019-01-01,5+2,129645665.00,1,0,0
2019-01-01,5+1,123450.27,11,0,0
2019-01-01,5+0,26356.89,12,0,0
2019-01-01,4+2,1798.87,86,10,0
2019-01-01,4+1,118.54,1392,122,0
2019-01-01,3+2,73.68,3126,293,0
2019-01-01,4+0,38.78,3368,347,0
2019-01-01,2+2,15.19,39603,3723,0
2019-01-01,3+1,11.71,54281,5166,0
2019-01-01,3+0,9.60,125298,13268,0
2019-01-01,1+2,8.89,191321,18841,0
2019-01-01,2+1,7.20,708609,68269,0
2019-01-01,2+0,3.94,1590576,166721,0
2019-01-04,5+2,17000000.00,0,0,1
2019-01-04,5+1,147922.92,7,0,0
2019-01-04,5+0,21924.59,11,0,0
2019-01-04,4+2,2313.01,51,9,0
2019-01-04,4+1,115.54,1089,142,0
2019-01-04,3+2,96.13,1827,193,0
2019-01-04,4+0,28.88,3449,528,0
2019-01-04,2+2,20.56,22302,2549,0
2019-01-04,3+1,11.33,42784,5254,0
2019-01-04,3+0,7.30,125591,17755,0
2019-01-04,1+2,12.02,107912,13350,0
2019-01-04,2+1,7.58,513443,63461,0
2019-01-04,2+0,3.48,1374467,188575,0
2019-01-08,5+2,25825451.00,0,0,1
2019-01-08,5+1,806956.70,1,0,0
2019-01-08,5+0,26849.91,7,0,0
2019-01-08,4+2,2553.66,36,5,0
2019-01-08,4+1,193.41,507,57,0
2019-01-08,3+2,116.09,1179,150,0
2019-01-08,4+0,61.22,1268,143,0
2019-01-08,2+2,20.60,17350,1971,0
2019-01-08,3+1,15.00,25195,2858,0
2019-01-08,3+0,11.82,60461,6830,0
2019-01-08,1+2,11.04,91554,10785,0
2019-01-08,2+1,8.11,373888,44301,0
2019-01-08,2+0,4.15,896459,107670,0
2019-01-11,5+2,38040648.00,0,0,1
2019-01-11,5+1,372299.60,3,0,0
2019-01-11,5+0,43356.40,6,1,0
2019-01-11,4+2,2650.86,48,8,0
2019-01-11,4+1,189.29,717,67,0
2019-01-11,3+2,115.09,1646,202,0
2019-01-11,4+0,65.55,1639,161,0
2019-01-11,2+2,19.63,25204,3031,0
2019-01-11,3+1,16.07,32537,3920,0
2019-01-11,3+0,13.67,72386,8842,0
2019-01-11,1+2,10.43,134188,16436,0
2019-01-11,2+1,8.52,492435,61194,0
2019-01-11,2+0,4.73,1089811,135093,0
2019-01-15,5+2,47436060.08,0,0,1
2019-01-15,5+1,214767.82,4,0,0
2019-01-15,5+0,66695.82,3,0,0
2019-01-15,4+2,3495.31,28,6,0
2019-01-15,4+1,188.77,553,64,0
2019-01-15,3+2,92.69,1572,152,0
2019-01-15,4+0,74.18,1114,116,0
2019-01-15,2+2,16.24,23431,2718,0
2019-01-15,3+1,15.00,26806,2822,0
2019-01-15,3+0,13.78,55213,6087,0
2019-01-15,1+2,8.56,125634,14764,0
2019-01-15,2+1,7.86,410680,48823,0
2019-01-15,2+0,4.65,852126,97980,0
2019-01-18,5+2,60264632.00,0,0,1
2019-01-18,5+1,586491.40,2,1,0
2019-01-18,5+0,45533.50,6,1,0
2019-01-18,4+2,2905.02,46,5,0
2019-01-18,4+1,179.29,795,116,0
2019-01-18,3+2,111.46,1785,205,0
2019-01-18,4+0,64.51,1749,189,0
2019-01-18,2+2,20.11,25835,3380,0
2019-01-18,3+1,14.34,38291,4801,0
2019-01-18,3+0,12.21,85058,10608,0
2019-01-18,1+2,10.72,137118,18371,0
2019-01-18,2+1,8.11,543230,69955,0
2019-01-18,2+0,4.46,1213507,145331,0
2019-01-22,5+2,70256484.00,0,0,1
2019-01-22,5+1,913606.85,1,0,0
2019-01-22,5+0,30398.49,7,2,0
2019-01-22,4+2,3469.39,30,3,0
2019-01-22,4+1,191.74,579,69,0
2019-01-22,3+2,132.44,1170,158,0
2019-01-22,4+0,62.73,1401,185,0
2019-01-22,2+2,23.25,17404,2042,0
2019-01-22,3+1,15.33,27910,3867,0
2019-01-22,3+0,11.83,68429,9370,0
2019-01-22,1+2,12.29,93101,11040,0
2019-01-22,2+1,8.55,401465,51493,0
2019-01-22,2+0,4.33,973928,124645,0
2019-01-25,5+2,78799794.44,0,0,1
2019-01-25,5+1,208309.11,6,0,0
2019-01-25,5+0,36388.17,8,0,0
2019-01-25,4+2,3095.40,46,4,0
2019-01-25,4+1,126.88,1197,172,0
2019-01-25,3+2,102.16,2075,199,0
2019-01-25,4+0,45.11,2665,338,0
2019-01-25,2+2,20.34,27221,2994,0
2019-01-25,3+1,12.48,46896,5891,0
2019-01-25,3+0,10.18,108775,14286,0
2019-01-25,1+2,11.34,138025,14870,0
2019-01-25,2+1,7.69,610670,73344,0
2019-01-25,2+0,3.88,1485276,192116,0
2019-01-29,5+2,85646002.00,0,0,1
2019-01-29,5+1,200314.95,5,0,0
2019-01-29,5+0,21207.10,11,0,0
2019-01-29,4+2,2653.56,43,2,0
2019-01-29,4+1,154.25,789,123,0
2019-01-29,3+2,86.19,1971,313,0
2019-01-29,4+0,59.25,1626,203,0
2019-01-29,2+2,15.61,28420,4304,0
2019-01-29,3+1,13.68,34272,4735,0
2019-01-29,3+0,12.50,70957,8804,0
2019-01-29,1+2,8.47,148184,21432,0
2019-01-29,2+1,7.78,483657,65331,0
2019-01-29,2+0,4.60,1004860,123471,0
2019-02-01,5+2,120000000.00,0,0,1
2019-02-01,5+1,508163.84,4,1,0
2019-02-01,5+0,27848.74,17,3,0
2019-02-01,4+2,4062.60,57,6,0
2019-02-01,4+1,201.14,1228,133,0
2019-02-01,3+2,124.28,2774,234,0
2019-02-01,4+0,69.73,2804,326,0
2019-02-01,2+2,20.92,43031,4268,0
2019-02-01,3+1,16.96,56115,5575,0
2019-02-01,3+0,13.97,128885,14232,0
2019-02-01,1+2,10.69,238140,23427,0
2019-02-01,2+1,8.74,874000,90824,0
2019-02-01,2+0,4.69,1999634,219343,0
2019-02-05,5+2,129262876.00,0,0,1
2019-02-05,5+1,677562.18,2,0,0
2019-02-05,5+0,17534.66,18,2,0
2019-02-05,4+2,3216.27,48,5,0
2019-02-05,4+1,153.32,1074,128,0
2019-02-05,3+2,130.08,1767,170,0
2019-02-05,4+0,60.77,2145,264,0
2019-02-05,2+2,22.70,26440,2659,0
2019-02-05,3+1,14.90,42581,3998,0
2019-02-05,3+0,13.77,87162,8140,0
2019-02-05,1+2,11.38,149117,15707,0
2019-02-05,2+1,8.02,635051,64888,0
2019-02-05,2+0,4.87,1283158,125740,0
2019-02-08,5+2,141607621.00,0,0,1
2019-02-08,5+1,257998.64,7,0,0
2019-02-08,5+0,52579.47,8,0,0
2019-02-08,4+2,4676.03,44,1,0
2019-02-08,4+1,200.78,1093,127,0
2019-02-08,3+2,126.63,2419,204,0
2019-02-08,4+0,70.34,2470,242,0
2019-02-08,2+2,21.05,38009,3232,0
2019-02-08,3+1,15.62,54135,5388,0
2019-02-08,3+0,13.28,120437,12872,0
2019-02-08,1+2,10.72,211019,18065,0
2019-02-08,2+1,8.01,847307,85571,0
2019-02-08,2+0,4.40,1895732,207204,0
2019-02-12,5+2,151629098.00,0,0,1
2019-02-12,5+1,293220.98,5,0,0
2019-02-12,5+0,48781.79,7,1,0
2019-02-12,4+2,4073.77,41,0,0
2019-02-12,4+1,226.95,785,78,0
2019-02-12,3+2,132.91,1871,192,0
2019-02-12,4+0,83.75,1684,151,0
2019-02-12,2+2,22.36,29044,3341,0
2019-02-12,3+1,17.95,38235,4276,0
2019-02-12,3+0,15.45,84033,8866,0
2019-02-12,1+2,10.81,169842,19999,0
2019-02-12,2+1,9.31,591909,69555,0
2019-02-12,2+0,5.17,1308536,142550,0
2019-02-15,5+2,164624365.00,0,0,1
2019-02-15,5+1,316859.90,6,1,0
2019-02-15,5+0,24600.09,18,4,0
2019-02-15,4+2,3232.65,67,6,0
2019-02-15,4+1,175.95,1313,142,0
2019-02-15,3+2,115.54,2791,223,0
2019-02-15,4+0,58.92,3104,350,0
2019-02-15,2+2,22.17,37977,3267,0
2019-02-15,3+1,15.72,56613,5910,0
2019-02-15,3+0,12.38,136044,14936,0
2019-02-15,1+2,11.68,203919,17732,0
2019-02-15,2+1,8.80,811672,84882,0
2019-02-15,2+0,4.51,1946221,212223,0
2019-02-19,5+2,175475380.00,1,0,0
2019-02-19,5+1,317492.64,5,0,0
2019-02-19,5+0,41082.02,9,1,0
2019-02-19,4+2,2348.70,77,8,0
2019-02-19,4+1,145.15,1329,141,0
2019-02-19,3+2,84.35,3192,303,0
2019-02-19,4+0,54.25,2815,308,0
2019-02-19,2+2,15.26,46068,4541,0
2019-02-19,3+1,12.26,60643,6174,0
2019-02-19,3+0,11.40,123321,12654,0
2019-02-19,1+2,8.47,234752,23685,0
2019-02-19,2+1,7.05,845449,87077,0
2019-02-19,2+0,4.29,1706345,175750,0
2019-02-22,5+2,17000000.00,0,0,1
2019-02-22,5+1,366124.76,3,0,0
2019-02-22,5+0,36546.26,7,1,0
2019-02-22,4+2,1925.09,65,10,0
2019-02-22,4+1,172.89,772,127,0
2019-02-22,3+2,53.41,3488,581,0
2019-02-22,4+0,73.32,1441,192,0
2019-02-22,2+2,9.56,50885,8480,0
2019-02-22,3+1,13.26,38771,5482,0
2019-02-22,3+0,13.30,73176,9958,0
2019-02-22,1+2,5.59,245895,38205,0
2019-02-22,2+1,7.13,578383,80836,0
2019-02-22,2+0,4.65,1089961,148478,0
2019-02-26,5+2,25879457.00,0,0,1
2019-02-26,5+1,405947.39,2,1,0
2019-02-26,5+0,27014.22,7,1,0
2019-02-26,4+2,2802.85,33,4,0
2019-02-26,4+1,149.25,661,89,0
2019-02-26,3+2,112.60,1223,143,0
2019-02-26,4+0,59.26,1318,184,0
2019-02-26,2+2,21.13,17023,1993,0
2019-02-26,3+1,13.56,28040,3757,0
2019-02-26,3+0,13.37,53803,7058,0
2019-02-26,1+2,10.79,94268,10903,0
2019-02-26,2+1,7.53,405240,52359,0
2019-02-26,2+0,4.76,786748,99332,0
2019-03-01,5+2,40737694.10,0,0,1
2019-03-01,5+1,339641.41,4,1,0
2019-03-01,5+0,19776.58,16,3,0
2019-03-01,4+2,3869.33,40,5,0
2019-03-01,4+1,158.43,1042,80,0
2019-03-01,3+2,146.21,1576,138,0
2019-03-01,4+0,35.20,3712,387,0
2019-03-01,2+2,25.59,23519,2085,0
2019-03-01,3+1,15.84,40147,3537,0
2019-03-01,3+0,8.69,138454,15119,0
2019-03-01,1+2,13.94,122104,11022,0
2019-03-01,2+1,9.38,544016,49246,0
2019-03-01,2+0,3.59,1744195,193735,0
2019-03-05,5+2,50394785.48,0,0,1
2019-03-05,5+1,0.00,0,0,0
2019-03-05,5+0,272164.55,4,1,0
2019-03-05,4+2,4572.48,22,2,0
2019-03-05,4+1,215.03,499,58,0
2019-03-05,3+2,144.29,1038,122,0
2019-03-05,4+0,63.15,1345,153,0
2019-03-05,2+2,23.73,16484,1871,0
2019-03-05,3+1,16.52,25029,2983,0
2019-03-05,3+0,12.54,62368,7255,0
2019-03-05,1+2,12.36,89499,9937,0
2019-03-05,2+1,8.87,374161,42906,0
2019-03-05,2+0,4.53,899304,98519,0
2019-03-08,5+2,63920702.45,0,0,1
2019-03-08,5+1,176677.81,7,0,0
2019-03-08,5+0,32005.77,9,1,0
2019-03-08,4+2,2762.64,51,6,0
2019-03-08,4+1,157.53,954,118,0
2019-03-08,3+2,88.43,2372,303,0
2019-03-08,4+0,61.96,1920,209,0
2019-03-08,2+2,15.16,36124,4435,0
2019-03-08,3+1,13.86,41771,4851,0
2019-03-08,3+0,12.28,89166,10230,0
2019-03-08,1+2,8.07,192017,24495,0
2019-03-08,2+1,7.49,620211,74157,0
2019-03-08,2+0,4.27,1336119,158590,0
2019-03-12,5+2,74349024.42,0,0,1
2019-03-12,5+1,476757.77,2,0,0
2019-03-12,5+0,11688.66,19,4,0
2019-03-12,4+2,1005.81,108,18,0
2019-03-12,4+1,65.61,1766,244,0
2019-03-12,3+2,59.11,2736,277,0
2019-03-12,4+0,25.36,3616,542,0
2019-03-12,2+2,13.28,31806,3555,0
2019-03-12,3+1,8.59,51929,6380,0
2019-03-12,3+0,7.63,110625,13736,0
2019-03-12,1+2,8.41,141942,16246,0
2019-03-12,2+1,6.10,586981,68682,0
2019-03-12,2+0,3.59,1226756,142397,0
2019-03-15,5+2,83410540.00,1,0,0
2019-03-15,5+1,220944.35,6,2,0
2019-03-15,5+0,18162.51,17,2,0
2019-03-15,4+2,4871.78,31,5,0
2019-03-15,4+1,192.00,839,126,0
2019-03-15,3+2,153.48,1465,184,0
2019-03-15,4+0,62.70,2034,319,0
2019-03-15,2+2,27.21,21579,2747,0
2019-03-15,3+1,16.32,38042,5355,0
2019-03-15,3+0,12.21,96195,13680,0
2019-03-15,1+2,14.60,113757,14428,0
2019-03-15,2+1,9.01,552873,75912,0
2019-03-15,2+0,4.32,1417294,204308,0
2019-03-19,5+2,17000000.00,0,0,1
2019-03-19,5+1,753943.48,1,0,0
2019-03-19,5+0,58534.00,3,1,0
2019-03-19,4+2,5368.26,16,0,0
2019-03-19,4+1,205.88,445,40,0
2019-03-19,3+2,151.88,842,78,0
2019-03-19,4+0,69.20,1048,120,0
2019-03-19,2+2,26.94,12395,1266,0
2019-03-19,3+1,15.85,22274,2731,0
2019-03-19,3+0,12.06,55355,7698,0
2019-03-19,1+2,14.37,65710,6862,0
2019-03-19,2+1,8.73,324348,38567,0
2019-03-19,2+0,4.38,794043,104925,0
2019-03-22,5+2,28719145.00,0,0,1
2019-03-22,5+1,153077.45,7,1,0
2019-03-22,5+0,19198.02,13,0,0
2019-03-22,4+2,2774.41,44,7,0
2019-03-22,4+1,144.52,901,113,0
2019-03-22,3+2,105.36,1725,168,0
2019-03-22,4+0,47.26,2181,336,0
2019-03-22,2+2,21.10,22496,2438,0
2019-03-22,3+1,14.44,34752,4145,0
2019-03-22,3+0,10.89,87132,11489,0
2019-03-22,1+2,11.64,115283,12558,0
2019-03-22,2+1,8.35,481970,58617,0
2019-03-22,2+0,4.18,1182929,152161,0
2019-03-26,5+2,37479115.00,0,0,1
2019-03-26,5+1,114424.20,7,0,0
2019-03-26,5+0,31092.48,6,1,0
2019-03-26,4+2,3649.98,25,2,0
2019-03-26,4+1,147.69,659,68,0
2019-03-26,3+2,79.87,1701,171,0
2019-03-26,4+0,57.12,1349,144,0
2019-03-26,2+2,15.22,23314,2757,0
2019-03-26,3+1,12.99,28860,2930,0
2019-03-26,3+0,11.59,61183,6399,0
2019-03-26,1+2,8.48,118249,14634,0
2019-03-26,2+1,7.51,400920,42484,0
2019-03-26,2+0,4.28,863340,95196,0
2019-03-29,5+2,49918767.00,0,0,1
2019-03-29,5+1,379140.63,3,1,0
2019-03-29,5+0,26491.85,10,1,0
2019-03-29,4+2,3322.55,39,4,0
2019-03-29,4+1,168.55,820,85,0
2019-03-29,3+2,110.11,1752,198,0
2019-03-29,4+0,53.92,2029,279,0
2019-03-29,2+2,20.71,24324,2767,0
2019-03-29,3+1,14.29,37264,4346,0
2019-03-29,3+0,11.13,90504,11963,0
2019-03-29,1+2,11.49,124003,13712,0
2019-03-29,2+1,8.34,512384,60347,0
2019-03-29,2+0,4.13,1269449,165839,0
2019-04-02,5+2,59503555.00,0,0,1
2019-04-02,5+1,219096.72,4,1,0
2019-04-02,5+0,40824.09,5,0,0
2019-04-02,4+2,3442.81,29,6,0
2019-04-02,4+1,130.03,819,127,0
2019-04-02,3+2,95.71,1553,232,0
2019-04-02,4+0,52.89,1594,272,0
2019-04-02,2+2,19.06,20369,2193,0
2019-04-02,3+1,11.99,34213,4692,0
2019-04-02,3+0,12.14,63932,8535,0
2019-04-02,1+2,10.24,107168,11234,0
2019-04-02,2+1,7.26,453352,52839,0
2019-04-02,2+0,4.56,886549,106457,0
2019-04-05,5+2,72846386.42,0,0,1
2019-04-05,5+1,406668.08,3,0,0
2019-04-05,5+0,56830.57,5,0,0
2019-04-05,4+2,1903.94,73,18,0
2019-04-05,4+1,132.96,1115,155,0
2019-04-05,3+2,69.55,2975,463,0
2019-04-05,4+0,51.31,2287,283,0
2019-04-05,2+2,12.64,42731,7266,0
2019-04-05,3+1,11.49,49723,6983,0
2019-04-05,3+0,11.25,96089,11557,0
2019-04-05,1+2,7.22,211470,35401,0
2019-04-05,2+1,6.75,679420,92567,0
2019-04-05,2+0,4.31,1306372,152279,0
2019-04-09,5+2,79149373.00,1,1,0
2019-04-09,5+1,184420.70,5,0,0
2019-04-09,5+0,35794.73,6,2,0
2019-04-09,4+2,3089.69,34,7,0
2019-04-09,4+1,170.81,656,71,0
2019-04-09,3+2,139.52,1121,129,0
2019-04-09,4+0,54.62,1624,240,0
2019-04-09,2+2,23.08,17697,1942,0
2019-04-09,3+1,17.04,25337,2781,0
2019-04-09,3+0,12.24,66717,8261,0
2019-04-09,1+2,12.55,92036,9118,0
2019-04-09,2+1,9.28,373477,40398,0
2019-04-09,2+0,4.39,969367,114785,0
2019-04-12,5+2,17000000.00,0,0,1
2019-04-12,5+1,255487.42,4,0,0
2019-04-12,5+0,79341.24,3,0,0
2019-04-12,4+2,5061.94,23,1,0
2019-04-12,4+1,246.89,503,58,0
2019-04-12,3+2,139.90,1239,128,0
2019-04-12,4+0,91.88,1070,104,0
2019-04-12,2+2,20.42,22172,2787,0
2019-04-12,3+1,19.29,24800,2742,0
2019-04-12,3+0,16.57,54645,6098,0
2019-04-12,1+2,9.47,135186,17192,0
2019-04-12,2+1,9.34,411031,50263,0
2019-04-12,2+0,5.38,876298,106583,0
2019-04-16,5+2,25270377.00,0,0,1
2019-04-16,5+1,756203.40,1,1,0
2019-04-16,5+0,22016.04,8,1,0
2019-04-16,4+2,3589.57,24,3,0
2019-04-16,4+1,221.96,414,48,0
2019-04-16,3+2,118.10,1086,126,0
2019-04-16,4+0,63.04,1154,116,0
2019-04-16,2+2,21.35,15688,1812,0
2019-04-16,3+1,16.25,21786,2528,0
2019-04-16,3+0,12.50,53562,6353,0
2019-04-16,1+2,11.47,82585,9641,0
2019-04-16,2+1,8.49,334699,40440,0
2019-04-16,2+0,4.31,810561,96833,0
2019-04-19,5+2,36104655.20,0,0,1
2019-04-19,5+1,0.00,0,0,0
2019-04-19,5+0,407121.42,3,0,0
2019-04-19,4+2,4179.89,27,6,0
2019-04-19,4+1,206.48,583,78,0
2019-04-19,3+2,132.62,1267,194,0
2019-04-19,4+0,77.10,1236,154,0
2019-04-19,2+2,21.65,20266,2763,0
2019-04-19,3+1,16.79,27630,3629,0
2019-04-19,3+0,14.09,62283,7558,0
2019-04-19,1+2,11.10,111831,15614,0
2019-04-19,2+1,8.57,434540,55365,0
2019-04-19,2+0,4.66,982151,114998,0
2019-04-23,5+2,44153561.00,1,0,0
2019-04-23,5+1,245317.71,3,0,0
2019-04-23,5+0,34282.37,5,1,0
2019-04-23,4+2,2206.38,38,4,0
2019-04-23,4+1,154.19,580,80,0
2019-04-23,3+2,66.97,1864,211,0
2019-04-23,4+0,59.89,1182,122,0
2019-04-23,2+2,12.56,25949,3039,0
2019-04-23,3+1,12.22,28192,3196,0
2019-04-23,3+0,12.18,53531,6544,0
2019-04-23,1+2,7.19,128211,15051,0
2019-04-23,2+1,7.00,394701,48351,0
2019-04-23,2+0,4.40,772418,97201,0
2019-04-26,5+2,17000000.00,0,0,1
2019-04-26,5+1,0.00,0,0,0
2019-04-26,5+0,199617.28,6,1,0
2019-04-26,4+2,3816.23,29,3,0
2019-04-26,4+1,226.58,521,74,0
2019-04-26,3+2,135.95,1212,178,0
2019-04-26,4+0,73.18,1277,162,0
2019-04-26,2+2,24.88,17295,2277,0
2019-04-26,3+1,17.46,26054,3445,0
2019-04-26,3+0,14.60,58923,7980,0
2019-04-26,1+2,12.98,93752,11812,0
2019-04-26,2+1,9.30,392402,51889,0
2019-04-26,2+0,4.95,906394,120817,0
2019-04-30,5+2,25326022.00,1,0,0
2019-04-30,5+1,253763.78,3,0,0
2019-04-30,5+0,35462.68,5,0,0
2019-04-30,4+2,3097.47,28,2,0
2019-04-30,4+1,141.67,653,50,0
2019-04-30,3+2,102.16,1264,121,0
2019-04-30,4+0,44.38,1650,160,0
2019-04-30,2+2,20.82,16198,1731,0
2019-04-30,3+1,13.76,25907,2850,0
2019-04-30,3+0,10.27,65654,7298,0
2019-04-30,1+2,11.30,84365,9648,0
2019-04-30,2+1,7.99,357845,41249,0
2019-04-30,2+0,4.00,878520,103395,0
2019-05-03,5+2,17000000.00,0,0,1
2019-05-03,5+1,239796.95,4,0,0
2019-05-03,5+0,31915.11,7,3,0
2019-05-03,4+2,3414.83,32,2,0
2019-05-03,4+1,146.06,798,83,0
2019-05-03,3+2,106.13,1533,178,0
2019-05-03,4+0,53.15,1736,202,0
2019-05-03,2+2,19.05,22301,2874,0
2019-05-03,3+1,12.53,35833,4708,0
2019-05-03,3+0,11.81,71945,8366,0
2019-05-03,1+2,10.37,115887,14502,0
2019-05-03,2+1,7.08,508803,70653,0
2019-05-03,2+0,4.41,1003636,120320,0
2019-05-07,5+2,25024461.00,1,0,0
2019-05-07,5+1,244572.66,3,0,0
2019-05-07,5+0,18987.91,9,0,0
2019-05-07,4+2,3214.92,26,6,0
2019-05-07,4+1,184.21,484,47,0
2019-05-07,3+2,107.10,1162,112,0
2019-05-07,4+0,63.07,1119,96,0
2019-05-07,2+2,19.79,16424,1833,0
2019-05-07,3+1,15.85,21674,2371,0
2019-05-07,3+0,12.60,51594,5739,0
2019-05-07,1+2,10.99,83651,9819,0
2019-05-07,2+1,8.54,322911,37679,0
2019-05-07,2+0,4.37,775242,91766,0
2019-05-10,5+2,17000000.00,0,0,1
2019-05-10,5+1,482697.73,2,0,0
2019-05-10,5+0,74950.53,3,0,0
2019-05-10,4+2,3055.04,36,7,0
2019-05-10,4+1,192.31,610,97,0
2019-05-10,3+2,102.79,1593,210,0
2019-05-10,4+0,77.97,1191,129,0
2019-05-10,2+2,16.91,25284,3021,0
2019-05-10,3+1,15.47,29217,3749,0
2019-05-10,3+0,14.46,59120,7491,0
2019-05-10,1+2,8.99,134554,16364,0
2019-05-10,2+1,7.92,457887,59007,0
2019-05-10,2+0,4.79,930343,121844,0
2019-05-14,5+2,24956871.87,0,0,1
2019-05-14,5+1,363769.02,2,1,0
2019-05-14,5+0,84725.95,2,1,0
2019-05-14,4+2,3315.36,25,3,0
2019-05-14,4+1,155.10,570,89,0
2019-05-14,3+2,103.44,1193,168,0
2019-05-14,4+0,50.57,1384,179,0
2019-05-14,2+2,19.16,16819,1844,0
2019-05-14,3+1,12.97,26264,3578,0
2019-05-14,3+0,10.53,61193,8499,0
2019-05-14,1+2,11.29,80710,8148,0
2019-05-14,2+1,7.55,362227,47406,0
2019-05-14,2+0,3.90,860135,114730,0
2019-05-17,5+2,36088260.32,0,0,1
2019-05-17,5+1,203560.11,5,0,0
2019-05-17,5+0,118528.67,2,1,0
2019-05-17,4+2,3865.06,30,5,0
2019-05-17,4+1,202.09,612,65,0
2019-05-17,3+2,124.73,1384,138,0
2019-05-17,4+0,79.67,1229,140,0
2019-05-17,2+2,21.09,21374,2293,0
2019-05-17,3+1,16.09,29622,3169,0
2019-05-17,3+0,15.02,60024,6680,0
2019-05-17,1+2,10.57,120599,13071,0
2019-05-17,2+1,8.31,460174,52955,0
2019-05-17,2+0,5.21,902537,108752,0
2019-05-21,5+2,44599323.00,0,0,1
2019-05-21,5+1,0.00,0,0,0
2019-05-21,5+0,239866.17,4,0,0
2019-05-21,4+2,5541.05,16,1,0
2019-05-21,4+1,241.86,391,46,0
2019-05-21,3+2,159.80,826,91,0
2019-05-21,4+0,73.75,1015,106,0
2019-05-21,2+2,27.80,12402,1287,0
2019-05-21,3+1,19.59,18600,2113,0
2019-05-21,3+0,15.26,45177,4613,0
2019-05-21,1+2,14.49,67288,7319,0
2019-05-21,2+1,10.29,284142,32139,0
2019-05-21,2+0,5.06,709901,77797,0
2019-05-24,5+2,56397248.00,0,0,1
2019-05-24,5+1,179790.90,6,0,0
2019-05-24,5+0,25125.21,10,1,0
2019-05-24,4+2,2234.45,55,7,0
2019-05-24,4+1,132.81,987,84,0
2019-05-24,3+2,102.91,1778,186,0
2019-05-24,4+0,54.19,1915,183,0
2019-05-24,2+2,18.23,26213,2811,0
2019-05-24,3+1,12.00,42096,4490,0
2019-05-24,3+0,11.70,81630,9201,0
2019-05-24,1+2,9.75,138645,16062,0
2019-05-24,2+1,7.03,576703,67030,0
2019-05-24,2+0,4.43,1124542,137581,0
2019-05-28,5+2,32676834.00,2,0,0
2019-05-28,5+1,116990.25,7,2,0
2019-05-28,5+0,23842.31,8,0,0
2019-05-28,4+2,2392.20,39,3,0
2019-05-28,4+1,107.46,926,124,0
2019-05-28,3+2,76.78,1809,241,0
2019-05-28,4+0,45.75,1722,216,0
2019-05-28,2+2,15.46,23466,2941,0
2019-05-28,3+1,10.56,36293,4315,0
2019-05-28,3+0,9.56,75900,8052,0
2019-05-28,1+2,9.50,107921,13863,0
2019-05-28,2+1,6.58,467392,58715,0
2019-05-28,2+0,3.84,984096,111176,0
2019-05-31,5+2,17000000.00,0,0,1
2019-05-31,5+1,960928.77,1,0,0
2019-05-31,5+0,74603.75,3,1,0
2019-05-31,4+2,4378.91,25,5,0
2019-05-31,4+1,233.54,500,55,0
2019-05-31,3+2,126.54,1288,151,0
2019-05-31,4+0,75.40,1226,163,0
2019-05-31,2+2,22.75,18713,2320,0
2019-05-31,3+1,16.82,26753,3445,0
2019-05-31,3+0,13.00,65466,9265,0
2019-05-31,1+2,12.09,99578,12119,0
2019-05-31,2+1,8.88,406788,52528,0
2019-05-31,2+0,4.25,1043126,144186,0
2019-06-04,5+2,25380125.80,0,0,1
2019-06-04,5+1,383119.18,2,1,0
2019-06-04,5+0,59488.54,3,0,0
2019-06-04,4+2,3117.60,28,8,0
2019-06-04,4+1,229.34,406,60,0
2019-06-04,3+2,102.49,1268,223,0
2019-06-04,4+0,83.19,886,96,0
2019-06-04,2+2,17.38,19530,3179,0
2019-06-04,3+1,17.32,20715,3008,0
2019-06-04,3+0,14.87,45632,6005,0
2019-06-04,1+2,8.33,115154,17176,0
2019-06-04,2+1,8.92,322830,43357,0
2019-06-04,2+0,4.99,709419,89144,0
2019-06-07,5+2,130000000.00,0,0,1
2019-06-07,5+1,335498.37,6,2,0
2019-06-07,5+0,29303.02,16,2,0
2019-06-07,4+2,2364.20,97,20,0
2019-06-07,4+1,162.42,1506,187,0
2019-06-07,3+2,86.26,3958,607,0
2019-06-07,4+0,61.03,3173,312,0
2019-06-07,2+2,16.21,54988,7403,0
2019-06-07,3+1,13.63,69133,8051,0
2019-06-07,3+0,12.50,142600,13569,0
2019-06-07,1+2,8.88,283917,34954,0
2019-06-07,2+1,7.67,985415,106574,0
2019-06-07,2+0,4.56,2037093,187250,0
2019-06-11,5+2,138716863.00,1,0,0
2019-06-11,5+1,212540.78,6,0,0
2019-06-11,5+0,74254.75,4,1,0
2019-06-11,4+2,4842.70,30,2,0
2019-06-11,4+1,195.66,792,62,0
2019-06-11,3+2,143.63,1506,121,0
2019-06-11,4+0,61.24,2003,175,0
2019-06-11,2+2,25.99,21733,1723,0
2019-06-11,3+1,17.85,33452,2680,0
2019-06-11,3+0,12.68,89107,7780,0
2019-06-11,1+2,13.78,115944,9659,0
2019-06-11,2+1,10.01,478697,38864,0
2019-06-11,2+0,4.48,1313475,121460,0
2019-06-14,5+2,17000000.00,0,0,1
2019-06-14,5+1,174015.29,6,1,0
2019-06-14,5+0,20265.07,12,0,0
2019-06-14,4+2,3398.49,35,4,0
2019-06-14,4+1,174.28,728,105,0
2019-06-14,3+2,86.34,2051,255,0
2019-06-14,4+0,61.92,1622,228,0
2019-06-14,2+2,14.05,32911,3913,0
2019-06-14,3+1,13.67,35750,4686,0
2019-06-14,3+0,12.83,72082,9591,0
2019-06-14,1+2,7.36,177551,20405,0
2019-06-14,2+1,7.36,533312,67530,0
2019-06-14,2+0,4.58,1051750,133070,0
2019-06-18,5+2,25307673.00,0,0,1
2019-06-18,5+1,151922.71,5,1,0
2019-06-18,5+0,35384.53,5,0,0
2019-06-18,4+2,1602.56,54,2,0
2019-06-18,4+1,128.20,720,48,0
2019-06-18,3+2,66.48,1938,183,0
2019-06-18,4+0,53.69,1361,106,0
2019-06-18,2+2,12.28,27386,3442,0
2019-06-18,3+1,13.42,26506,2656,0
2019-06-18,3+0,12.79,52595,5320,0
2019-06-18,1+2,6.26,152015,20855,0
2019-06-18,2+1,7.73,369398,40853,0
2019-06-18,2+0,4.83,726272,80983,0
2019-06-21,5+2,36686125.00,0,0,1
2019-06-21,5+1,520195.45,2,0,0
2019-06-21,5+0,80772.96,3,0,0
2019-06-21,4+2,1975.42,60,13,0
2019-06-21,4+1,134.78,938,105,0
2019-06-21,3+2,51.55,3423,487,0
2019-06-21,4+0,52.65,1901,207,0
2019-06-21,2+2,10.00,46054,6827,0
2019-06-21,3+1,11.37,42846,5416,0
2019-06-21,3+0,10.77,85581,11147,0
2019-06-21,1+2,5.83,223352,31423,0
2019-06-21,2+1,6.63,589845,73734,0
2019-06-21,2+0,4.15,1156433,146523,0
2019-06-25,5+2,45289916.69,0,0,1
2019-06-25,5+1,0.00,0,0,0
2019-06-25,5+0,969918.17,1,0,0
2019-06-25,4+2,5974.85,15,1,0
2019-06-25,4+1,209.64,456,52,0
2019-06-25,3+2,120.21,1110,123,0
2019-06-25,4+0,74.05,1022,115,0
2019-06-25,2+2,19.88,17529,1965,0
2019-06-25,3+1,16.47,22361,2782,0
2019-06-25,3+0,13.43,51866,6495,0
2019-06-25,1+2,9.92,99304,11680,0
2019-06-25,2+1,8.76,337389,38703,0
2019-06-25,2+0,4.67,777651,94630,0
2019-06-28,5+2,57532742.34,0,0,1
2019-06-28,5+1,373141.67,3,0,0
2019-06-28,5+0,17381.78,15,2,0
2019-06-28,4+2,2500.57,51,9,0
2019-06-28,4+1,192.40,707,72,0
2019-06-28,3+2,109.12,1740,196,0
2019-06-28,4+0,59.56,1808,191,0
2019-06-28,2+2,19.98,24811,2907,0
2019-06-28,3+1,15.28,34297,4033,0
2019-06-28,3+0,11.89,83417,9771,0
2019-06-28,1+2,11.00,127473,14231,0
2019-06-28,2+1,8.42,499692,59234,0
2019-06-28,2+0,4.29,1205436,144976,0
2019-07-02,5+2,67120222.62,0,0,1
2019-07-02,5+1,438316.51,2,0,0
2019-07-02,5+0,22686.42,9,2,0
2019-07-02,4+2,4539.52,22,0,0
2019-07-02,4+1,180.55,590,70,0
2019-07-02,3+2,150.95,985,103,0
2019-07-02,4+0,53.92,1564,210,0
2019-07-02,2+2,26.16,14841,1452,0
2019-07-02,3+1,15.39,26672,3055,0
2019-07-02,3+0,11.03,70404,8442,0
2019-07-02,1+2,14.13,77719,7916,0
2019-07-02,2+1,8.60,383096,43552,0
2019-07-02,2+0,4.03,1004018,113684,0
2019-07-05,5+2,75229368.00,0,0,1
2019-07-05,5+1,296584.49,4,1,0
2019-07-05,5+0,21254.74,13,4,0
2019-07-05,4+2,2938.09,46,4,0
2019-07-05,4+1,160.53,898,131,0
2019-07-05,3+2,98.88,2035,247,0
2019-07-05,4+0,61.29,1862,226,0
2019-07-05,2+2,16.85,31188,3766,0
2019-07-05,3+1,13.90,39967,4907,0
2019-07-05,3+0,12.93,81297,9702,0
2019-07-05,1+2,8.78,169144,20739,0
2019-07-05,2+1,7.85,567713,68017,0
2019-07-05,2+0,4.63,1181467,140140,0
2019-07-09,5+2,81747156.60,0,0,1
2019-07-09,5+1,238382.07,4,2,0
2019-07-09,5+0,111043.79,2,0,0
2019-07-09,4+2,4023.32,27,2,0
2019-07-09,4+1,159.82,725,84,0
2019-07-09,3+2,106.68,1516,162,0
2019-07-09,4+0,67.64,1356,152,0
2019-07-09,2+2,19.22,21973,2364,0
2019-07-09,3+1,14.60,30577,3599,0
2019-07-09,3+0,14.07,60008,6816,0
2019-07-09,1+2,9.85,121307,12756,0
2019-07-09,2+1,7.71,464477,52094,0
2019-07-09,2+0,4.92,894517,100007,0
2019-07-12,5+2,90471737.42,0,0,1
2019-07-12,5+1,425457.95,3,0,0
2019-07-12,5+0,59456.40,5,0,0
2019-07-12,4+2,3093.82,47,4,0
2019-07-12,4+1,236.43,656,57,0
2019-07-12,3+2,117.53,1842,215,0
2019-07-12,4+0,75.60,1624,165,0
2019-07-12,2+2,20.05,28203,3325,0
2019-07-12,3+1,17.95,33286,3600,0
2019-07-12,3+0,15.11,74811,7915,0
2019-07-12,1+2,9.41,169970,21024,0
2019-07-12,2+1,9.23,519499,58882,0
2019-07-12,2+0,5.14,1146340,127904,0
2019-07-16,5+2,97518039.00,0,0,1
2019-07-16,5+1,171807.96,6,1,0
2019-07-16,5+0,48019.23,5,0,0
2019-07-16,4+2,2498.68,47,7,0
2019-07-16,4+1,129.81,965,139,0
2019-07-16,3+2,94.15,1857,209,0
2019-07-16,4+0,50.31,1971,227,0
2019-07-16,2+2,18.02,25340,2435,0
2019-07-16,3+1,10.55,45728,5259,0
2019-07-16,3+0,10.44,87434,9827,0
2019-07-16,1+2,10.32,125128,12569,0
2019-07-16,2+1,6.30,614745,69475,0
2019-07-16,2+0,4.06,1170916,126778,0
2019-07-19,5+2,107683454.00,1,0,0
2019-07-19,5+1,148716.24,10,3,0
2019-07-19,5+0,16494.14,21,2,0
2019-07-19,4+2,1355.38,125,13,0
2019-07-19,4+1,100.28,1802,233,0
2019-07-19,3+2,58.33,4324,485,0
2019-07-19,4+0,44.70,3200,382,0
2019-07-19,2+2,11.88,55442,6537,0
2019-07-19,3+1,10.30,67615,8919,0
2019-07-19,3+0,10.37,127072,16145,0
2019-07-19,1+2,7.24,257401,28943,0
2019-07-19,2+1,6.35,880010,108788,0
2019-07-19,2+0,4.05,1693938,204507,0
2019-07-23,5+2,17000000.00,0,0,1
2019-07-23,5+1,357375.75,2,0,0
2019-07-23,5+0,23781.96,7,1,0
2019-07-23,4+2,1596.61,51,11,0
2019-07-23,4+1,159.07,546,52,0
2019-07-23,3+2,53.31,2274,295,0
2019-07-23,4+0,58.92,1167,140,0
2019-07-23,2+2,9.83,32194,4933,0
2019-07-23,3+1,11.89,28152,3700,0
2019-07-23,3+0,11.71,54082,6958,0
2019-07-23,1+2,5.56,160869,23745,0
2019-07-23,2+1,6.66,403012,52928,0
2019-07-23,2+0,4.28,770852,100681,0
2019-07-26,5+2,27844950.00,0,0,1
2019-07-26,5+1,495804.99,2,1,0
2019-07-26,5+0,46191.45,5,1,0
2019-07-26,4+2,3322.59,34,6,0
2019-07-26,4+1,201.50,598,101,0
2019-07-26,3+2,124.03,1356,158,0
2019-07-26,4+0,67.99,1403,194,0
2019-07-26,2+2,20.67,21247,2382,0
2019-07-26,3+1,15.88,29244,3736,0
2019-07-26,3+0,12.57,69869,8840,0
2019-07-26,1+2,11.20,110894,12394,0
2019-07-26,2+1,8.37,444960,56400,0
2019-07-26,2+0,4.32,1059692,134678,0
2019-07-30,5+2,36345090.00,0,0,1
2019-07-30,5+1,388605.93,2,0,0
2019-07-30,5+0,60340.50,3,0,0
2019-07-30,4+2,2459.53,36,8,0
2019-07-30,4+1,141.59,667,132,0
2019-07-30,3+2,76.86,1715,241,0
2019-07-30,4+0,58.36,1281,250,0
2019-07-30,2+2,14.85,23174,3090,0
2019-07-30,3+1,12.20,29818,4560,0
2019-07-30,3+0,11.46,60055,9609,0
2019-07-30,1+2,8.32,117052,14745,0
2019-07-30,2+1,7.16,408048,55942,0
2019-07-30,2+0,4.29,835801,112999,0
2019-08-02,5+2,48088964.00,0,0,1
2019-08-02,5+1,134225.40,8,2,0
2019-08-02,5+0,11368.22,22,3,0
2019-08-02,4+2,1675.78,73,12,0
2019-08-02,4+1,79.56,1640,292,0
2019-08-02,3+2,71.82,2536,415,0
2019-08-02,4+0,31.45,3284,474,0
2019-08-02,2+2,15.04,31624,4997,0
2019-08-02,3+1,11.03,45572,6652,0
2019-08-02,3+0,10.56,90028,11834,0
2019-08-02,1+2,8.31,161823,25600,0
2019-08-02,2+1,7.10,568519,81471,0
2019-08-02,2+0,4.41,1124825,144914,0
2019-08-06,5+2,57394563.22,0,0,1
2019-08-06,5+1,425429.61,2,0,0
2019-08-06,5+0,22019.42,9,1,0
2019-08-06,4+2,5701.96,17,2,0
2019-08-06,4+1,201.55,513,61,0
2019-08-06,3+2,154.35,935,88,0
2019-08-06,4+0,64.96,1260,182,0
2019-08-06,2+2,26.26,14355,1453,0
2019-08-06,3+1,16.39,24313,2758,0
2019-08-06,3+0,11.85,63616,8069,0
2019-08-06,1+2,14.04,75941,7770,0
2019-08-06,2+1,8.90,359184,40036,0
2019-08-06,2+0,4.10,958493,119457,0
2019-08-09,5+2,70120308.00,0,0,1
2019-08-09,5+1,1163580.78,1,0,0
2019-08-09,5+0,135505.61,2,0,0
2019-08-09,4+2,6976.83,19,3,0
2019-08-09,4+1,246.76,573,45,0
2019-08-09,3+2,162.57,1214,133,0
2019-08-09,4+0,67.31,1663,168,0
2019-08-09,2+2,27.06,19049,2264,0
2019-08-09,3+1,19.74,27598,3023,0
2019-08-09,3+0,13.95,73885,9158,0
2019-08-09,1+2,13.98,104263,12757,0
2019-08-09,2+1,10.33,423084,49847,0
2019-08-09,2+0,4.70,1142259,154384,0
2019-08-13,5+2,76458286.05,0,0,1
2019-08-13,5+1,185444.55,5,1,0
2019-08-13,5+0,71986.91,3,1,0
2019-08-13,4+2,4062.80,26,4,0
2019-08-13,4+1,161.88,696,107,0
2019-08-13,3+2,120.05,1310,168,0
2019-08-13,4+0,61.73,1445,205,0
2019-08-13,2+2,21.50,19106,2410,0
2019-08-13,3+1,12.43,34919,5059,0
2019-08-13,3+0,12.39,66279,8715,0
2019-08-13,1+2,11.17,103995,12746,0
2019-08-13,2+1,7.16,486619,67243,0
2019-08-13,2+0,4.53,945333,119065,0
2019-08-16,5+2,84510207.31,0,0,1
2019-08-16,5+1,588983.12,2,0,0
2019-08-16,5+0,30484.64,9,0,0
2019-08-16,4+2,2917.36,46,9,0
2019-08-16,4+1,172.88,828,113,0
2019-08-16,3+2,102.30,1953,262,0
2019-08-16,4+0,64.13,1767,225,0
2019-08-16,2+2,18.14,28769,3712,0
2019-08-16,3+1,14.27,38647,5313,0
2019-08-16,3+0,12.29,84907,10512,0
2019-08-16,1+2,9.63,153135,20679,0
2019-08-16,2+1,7.59,583188,78965,0
2019-08-16,2+0,4.32,1257576,150624,0
2019-08-20,5+2,91270047.00,0,0,1
2019-08-20,5+1,494469.73,2,1,0
2019-08-20,5+0,57583.81,4,0,0
2019-08-20,4+2,4023.71,28,2,0
2019-08-20,4+1,182.35,659,83,0
2019-08-20,3+2,122.88,1365,156,0
2019-08-20,4+0,63.25,1504,162,0
2019-08-20,2+2,21.35,20516,2088,0
2019-08-20,3+1,15.84,29238,2885,0
2019-08-20,3+0,13.26,66071,6952,0
2019-08-20,1+2,11.03,112268,11913,0
2019-08-20,2+1,8.30,447685,46795,0
2019-08-20,2+0,4.41,1034232,114755,0
2019-08-23,5+2,100840609.00,0,0,1
2019-08-23,5+1,280027.55,5,0,0
2019-08-23,5+0,46586.86,7,1,0
2019-08-23,4+2,3190.18,50,8,0
2019-08-23,4+1,166.97,1019,137,0
2019-08-23,3+2,89.82,2644,432,0
2019-08-23,4+0,65.10,2069,294,0
2019-08-23,2+2,15.40,40271,6455,0
2019-08-23,3+1,15.13,43330,6097,0
2019-08-23,3+0,13.29,93335,12271,0
2019-08-23,1+2,8.08,217127,32909,0
2019-08-23,2+1,8.20,641364,86719,0
2019-08-23,2+0,4.69,1378849,173030,0
2019-08-27,5+2,108433046.16,0,0,1
2019-08-27,5+1,222149.09,5,1,0
2019-08-27,5+0,25870.52,10,2,0
2019-08-27,4+2,3954.39,32,3,0
2019-08-27,4+1,187.72,719,85,0
2019-08-27,3+2,122.81,1534,210,0
2019-08-27,4+0,61.58,1735,215,0
2019-08-27,2+2,20.65,23821,2618,0
2019-08-27,3+1,16.54,31446,3740,0
2019-08-27,3+0,13.27,74153,9360,0
2019-08-27,1+2,10.33,134690,15678,0
2019-08-27,2+1,8.99,464472,54054,0
2019-08-27,2+0,4.81,1066815,128274,0
2019-08-30,5+2,119176433.00,0,0,1
2019-08-30,5+1,0.00,0,0,0
2019-08-30,5+0,215309.84,9,1,0
2019-08-30,4+2,3510.91,51,7,0
2019-08-30,4+1,217.78,877,97,0
2019-08-30,3+2,121.78,2189,224,0
2019-08-30,4+0,76.44,1978,186,0
2019-08-30,2+2,19.26,36140,3987,0
2019-08-30,3+1,17.67,41656,4137,0
2019-08-30,3+0,14.81,93998,9997,0
2019-08-30,1+2,9.39,209707,24410,0
2019-08-30,2+1,8.92,661829,72047,0
2019-08-30,2+0,4.87,1489878,171944,0
2019-09-03,5+2,128170100.37,0,0,1
2019-09-03,5+1,0.00,0,0,0
2019-09-03,5+0,270365.20,6,0,0
2019-09-03,4+2,3944.59,38,4,0
2019-09-03,4+1,161.66,989,93,0
2019-09-03,3+2,105.97,2106,194,0
2019-09-03,4+0,63.06,2007,174,0
2019-09-03,2+2,18.83,30949,3093,0
2019-09-03,3+1,13.93,44215,4537,0
2019-09-03,3+0,12.69,91842,9393,0
2019-09-03,1+2,10.35,159179,14906,0
2019-09-03,2+1,7.52,657760,69268,0
2019-09-03,2+0,4.36,1392702,150166,0
2019-09-06,5+2,139970283.00,0,0,1
2019-09-06,5+1,287720.49,6,1,0
2019-09-06,5+0,36552.75,11,2,0
2019-09-06,4+2,2234.88,88,10,0
2019-09-06,4+1,157.02,1336,182,0
2019-09-06,3+2,82.36,3555,559,0
2019-09-06,4+0,59.46,2793,350,0
2019-09-06,2+2,15.00,50958,7816,0
2019-09-06,3+1,13.10,61691,8262,0
2019-09-06,3+0,12.38,123459,14209,0
2019-09-06,1+2,8.31,260116,37934,0
2019-09-06,2+1,7.37,879585,115237,0
2019-09-06,2+0,4.49,1773357,201678,0
2019-09-10,5+2,149857027.00,0,0,1
2019-09-10,5+1,482131.33,3,0,0
2019-09-10,5+0,56146.94,6,1,0
2019-09-10,4+2,3661.75,45,7,0
2019-09-10,4+1,159.06,1105,100,0
2019-09-10,3+2,85.03,2885,307,0
2019-09-10,4+0,62.96,2210,211,0
2019-09-10,2+2,15.60,41068,4419,0
2019-09-10,3+1,13.77,49165,4939,0
2019-09-10,3+0,12.65,101295,9529,0
2019-09-10,1+2,8.38,216090,23616,0
2019-09-10,2+1,7.53,721509,74393,0
2019-09-10,2+0,4.54,1470302,144850,0
2019-09-13,5+2,164055006.26,0,0,1
2019-09-13,5+1,519277.95,4,1,0
2019-09-13,5+0,30236.43,16,2,0
2019-09-13,4+2,2850.99,83,6,0
2019-09-13,4+1,165.94,1521,138,0
2019-09-13,3+2,102.59,3434,312,0
2019-09-13,4+0,67.85,2945,301,0
2019-09-13,2+2,18.35,50135,4963,0
2019-09-13,3+1,13.42,72468,7261,0
2019-09-13,3+0,13.15,139908,14514,0
2019-09-13,1+2,9.85,264157,27283,0
2019-09-13,2+1,7.29,1069841,113515,0
2019-09-13,2+0,4.61,2079564,224534,0
2019-09-17,5+2,175143429.00,0,0,1
2019-09-17,5+1,231742.16,7,0,0
2019-09-17,5+0,37782.77,10,0,0
2019-09-17,4+2,4297.83,43,1,0
2019-09-17,4+1,226.32,871,83,0
2019-09-17,3+2,139.10,1978,174,0
2019-09-17,4+0,72.38,2156,191,0
2019-09-17,2+2,24.70,29092,2811,0
2019-09-17,3+1,18.53,40987,3554,0
2019-09-17,3+0,13.30,108027,10085,0
2019-09-17,1+2,12.61,161118,16370,0
2019-09-17,2+1,10.23,595679,56335,0
2019-09-17,2+0,4.64,1613274,164944,0
2019-09-20,5+2,189603734.49,0,0,1
2019-09-20,5+1,162729.93,13,2,0
2019-09-20,5+0,13686.70,36,3,0
2019-09-20,4+2,2434.39,99,8,0
2019-09-20,4+1,146.98,1749,196,0
2019-09-20,3+2,86.84,4132,510,0
2019-09-20,4+0,56.00,3634,396,0
2019-09-20,2+2,15.75,59500,7510,0
2019-09-20,3+1,13.97,70884,8648,0
2019-09-20,3+0,12.51,149809,16738,0
2019-09-20,1+2,8.68,305185,36726,0
2019-09-20,2+1,7.80,1018783,120983,0
2019-09-20,2+0,4.51,2163090,242801,0
2019-09-24,5+2,190000000.00,0,0,1
2019-09-24,5+1,5012664.00,3,0,0
2019-09-24,5+0,28674.30,16,2,0
2019-09-24,4+2,4315.53,52,7,0
2019-09-24,4+1,224.12,1068,97,0
2019-09-24,3+2,132.85,2515,288,0
2019-09-24,4+0,73.85,2566,221,0
2019-09-24,2+2,22.96,38002,3877,0
2019-09-24,3+1,17.17,53715,5028,0
2019-09-24,3+0,14.37,121412,11190,0
2019-09-24,1+2,11.68,211329,22567,0
2019-09-24,2+1,8.97,824779,79756,0
2019-09-24,2+0,4.88,1862827,179913,0
2019-09-27,5+2,190000000.00,0,0,1
2019-09-27,5+1,4698171.86,4,0,0
2019-09-27,5+0,69827.43,8,0,0
2019-09-27,4+2,3252.83,84,8,0
2019-09-27,4+1,217.34,1341,124,0
2019-09-27,3+2,114.50,3553,366,0
2019-09-27,4+0,75.15,3070,265,0
2019-09-27,2+2,19.52,54412,6376,0
2019-09-27,3+1,17.35,64732,6158,0
2019-09-27,3+0,14.64,145079,13202,0
2019-09-27,1+2,9.15,328406,42130,0
2019-09-27,2+1,9.25,973849,98390,0
2019-09-27,2+0,5.09,2172833,211279,0
2019-10-01,5+2,190000000.00,0,0,1
2019-10-01,5+1,2287582.96,7,0,0
2019-10-01,5+0,43272.24,11,1,0
2019-10-01,4+2,3474.97,67,6,0
2019-10-01,4+1,189.28,1312,83,0
2019-10-01,3+2,126.83,2733,232,0
2019-10-01,4+0,68.83,2856,228,0
2019-10-01,2+2,22.12,40930,3691,0
2019-10-01,3+1,16.16,59217,5114,0
2019-10-01,3+0,13.29,136223,12696,0
2019-10-01,1+2,11.35,225621,20904,0
2019-10-01,2+1,8.59,894326,83597,0
2019-10-01,2+0,4.58,2058749,207739,0
2019-10-04,5+2,190000000.00,0,0,1
2019-10-04,5+1,2521014.88,8,0,0
2019-10-04,5+0,49958.72,12,0,0
2019-10-04,4+2,2065.04,142,17,0
2019-10-04,4+1,191.30,1635,186,0
2019-10-04,3+2,80.73,5408,727,0
2019-10-04,4+0,69.81,3547,377,0
2019-10-04,2+2,14.85,76747,9306,0
2019-10-04,3+1,15.69,76787,8864,0
2019-10-04,3+0,13.91,163897,18020,0
2019-10-04,1+2,9.30,346714,37540,0
2019-10-04,2+1,8.12,1191332,130587,0
2019-10-04,2+0,4.78,2484442,261956,0
2019-10-08,5+2,190000000.00,1,0,0
2019-10-08,5+1,5227531.10,4,0,0
2019-10-08,5+0,24862.44,25,2,0
2019-10-08,4+2,3800.30,80,6,0
2019-10-08,4+1,182.70,1775,154,0
2019-10-08,3+2,127.33,3555,281,0
2019-10-08,4+0,62.54,4105,298,0
2019-10-08,2+2,23.02,51358,4053,0
2019-10-08,3+1,14.93,83674,7520,0
2019-10-08,3+0,11.85,199382,18904,0
2019-10-08,1+2,12.46,268223,21606,0
2019-10-08,2+1,8.10,1237128,119907,0
2019-10-08,2+0,4.16,2959529,293028,0
2019-10-11,5+2,17000000.00,0,0,1
2019-10-11,5+1,292510.70,4,2,0
2019-10-11,5+0,54503.25,5,0,0
2019-10-11,4+2,3251.12,41,6,0
2019-10-11,4+1,184.17,772,93,0
2019-10-11,3+2,119.91,1655,198,0
2019-10-11,4+0,69.91,1610,189,0
2019-10-11,2+2,20.01,25895,3207,0
2019-10-11,3+1,14.36,38137,4681,0
2019-10-11,3+0,13.38,77470,9121,0
2019-10-11,1+2,10.35,141583,18081,0
2019-10-11,2+1,7.48,587667,77799,0
2019-10-11,2+0,4.67,1155993,138548,0
2019-10-15,5+2,26357631.00,0,0,1
2019-10-15,5+1,427808.35,2,1,0
2019-10-15,5+0,22142.54,9,2,0
2019-10-15,4+2,5130.28,19,1,0
2019-10-15,4+1,212.62,489,48,0
2019-10-15,3+2,121.04,1199,125,0
2019-10-15,4+0,64.15,1283,129,0
2019-10-15,2+2,21.07,17987,2076,0
2019-10-15,3+1,15.92,25168,2837,0
2019-10-15,3+0,13.53,56022,6015,0
2019-10-15,1+2,10.60,101152,11762,0
2019-10-15,2+1,8.07,398184,49862,0
2019-10-15,2+0,4.88,808691,90585,0
2019-10-18,5+2,38860931.00,0,0,1
2019-10-18,5+1,190540.25,6,0,0
2019-10-18,5+0,15663.17,17,2,0
2019-10-18,4+2,4491.12,29,2,0
2019-10-18,4+1,211.45,657,79,0
2019-10-18,3+2,152.09,1275,150,0
2019-10-18,4+0,61.03,1802,228,0
2019-10-18,2+2,28.16,17985,2037,0
2019-10-18,3+1,18.70,28627,3101,0
2019-10-18,3+0,11.69,86638,10905,0
2019-10-18,1+2,14.82,96647,10945,0
2019-10-18,2+1,10.23,419915,45906,0
2019-10-18,2+0,4.05,1303935,164565,0
2019-10-22,5+2,48515733.48,0,0,1
2019-10-22,5+1,882788.68,1,0,0
2019-10-22,5+0,41122.30,5,1,0
2019-10-22,4+2,2646.60,38,2,0
2019-10-22,4+1,185.59,578,60,0
2019-10-22,3+2,134.29,1115,98,0
2019-10-22,4+0,72.33,1174,126,0
2019-10-22,2+2,20.60,18981,1985,0
2019-10-22,3+1,15.12,27336,2982,0
2019-10-22,3+0,14.42,54245,6046,0
2019-10-22,1+2,10.56,104750,11667,0
2019-10-22,2+1,7.66,432939,50337,0
2019-10-22,2+0,4.89,833461,92918,0
2019-10-25,5+2,61669532.00,0,0,1
2019-10-25,5+1,400906.66,3,0,0
2019-10-25,5+0,56025.43,5,1,0
2019-10-25,4+2,5269.95,26,1,0
2019-10-25,4+1,229.08,638,81,0
2019-10-25,3+2,151.11,1350,127,0
2019-10-25,4+0,80.18,1443,157,0
2019-10-25,2+2,25.31,21046,1989,0
2019-10-25,3+1,19.54,28814,3299,0
2019-10-25,3+0,16.08,66268,7985,0
2019-10-25,1+2,12.68,118817,11559,0
2019-10-25,2+1,10.04,449947,52981,0
2019-10-25,2+0,5.21,1064972,137603,0
2019-10-29,5+2,72065538.26,0,0,1
2019-10-29,5+1,950560.77,1,0,0
2019-10-29,5+0,44279.28,5,0,0
2019-10-29,4+2,4331.66,25,2,0
2019-10-29,4+1,179.36,644,51,0
2019-10-29,3+2,113.78,1417,136,0
2019-10-29,4+0,65.45,1397,115,0
2019-10-29,2+2,21.18,19878,2127,0
2019-10-29,3+1,15.45,28803,3013,0
2019-10-29,3+0,12.82,65663,6348,0
2019-10-29,1+2,11.10,107248,12165,0
2019-10-29,2+1,8.45,422626,46271,0
2019-10-29,2+0,4.52,971501,100035,0
2019-11-01,5+2,80266472.00,0,0,1
2019-11-01,5+1,599883.08,2,0,0
2019-11-01,5+0,69859.80,4,0,0
2019-11-01,4+2,3178.65,43,9,0
2019-11-01,4+1,195.17,747,72,0
2019-11-01,3+2,100.49,2025,285,0
2019-11-01,4+0,72.91,1583,176,0
2019-11-01,2+2,16.27,32660,4226,0
2019-11-01,3+1,16.46,34120,3906,0
2019-11-01,3+0,14.58,72892,7819,0
2019-11-01,1+2,7.53,199642,26784,0
2019-11-01,2+1,8.35,539730,62650,0
2019-11-01,2+0,5.09,1088807,116990,0
2019-11-05,5+2,87082433.00,0,0,1
2019-11-05,5+1,332383.30,3,1,0
2019-11-05,5+0,29030.94,8,1,0
2019-11-05,4+2,4207.38,27,2,0
2019-11-05,4+1,175.86,689,68,0
2019-11-05,3+2,146.05,1158,106,0
2019-11-05,4+0,55.25,1736,169,0
2019-11-05,2+2,25.92,17043,1506,0
2019-11-05,3+1,15.87,29423,2807,0
2019-11-05,3+0,11.58,76286,7405,0
2019-11-05,1+2,13.76,90783,8365,0
2019-11-05,2+1,8.89,421319,43192,0
2019-11-05,2+0,4.20,1094855,117168,0
2019-11-08,5+2,97372165.45,0,0,1
2019-11-08,5+1,376337.43,4,0,0
2019-11-08,5+0,43826.63,8,1,0
2019-11-08,4+2,1602.76,107,15,0
2019-11-08,4+1,129.82,1409,165,0
2019-11-08,3+2,60.42,4226,646,0
2019-11-08,4+0,52.28,2770,331,0
2019-11-08,2+2,12.20,54626,8280,0
2019-11-08,3+1,11.33,62226,7920,0
2019-11-08,3+0,10.80,123423,14352,0
2019-11-08,1+2,7.49,251743,35094,0
2019-11-08,2+1,7.02,805780,99535,0
2019-11-08,2+0,4.15,1672150,185669,0
2019-11-12,5+2,104800336.22,0,0,1
2019-11-12,5+1,217342.77,5,0,0
2019-11-12,5+0,25310.80,10,0,0
2019-11-12,4+2,2691.36,46,8,0
2019-11-12,4+1,180.65,731,80,0
2019-11-12,3+2,110.90,1662,196,0
2019-11-12,4+0,64.05,1632,188,0
2019-11-12,2+2,18.66,25801,3013,0
2019-11-12,3+1,14.23,35754,4087,0
2019-11-12,3+0,12.49,77073,9062,0
2019-11-12,1+2,9.81,138750,16337,0
2019-11-12,2+1,7.61,536172,62091,0
2019-11-12,2+0,4.35,1151681,138133,0
2019-11-15,5+2,114675404.15,0,0,1
2019-11-15,5+1,131335.07,11,0,0
2019-11-15,5+0,33648.37,10,0,0
2019-11-15,4+2,4448.22,37,3,0
2019-11-15,4+1,180.24,974,96,0
2019-11-15,3+2,119.94,2043,205,0
2019-11-15,4+0,57.86,2402,245,0
2019-11-15,2+2,21.83,29316,2838,0
2019-11-15,3+1,15.13,44697,4706,0
2019-11-15,3+0,11.72,109171,12762,0
2019-11-15,1+2,11.77,153744,14624,0
2019-11-15,2+1,8.33,651616,68950,0
2019-11-15,2+0,4.15,1604609,189835,0
2019-11-19,5+2,122766852.00,1,0,0
2019-11-19,5+1,394582.94,3,0,0
2019-11-19,5+0,21208.35,13,3,0
2019-11-19,4+2,2697.14,50,8,0
2019-11-19,4+1,146.78,980,103,0
2019-11-19,3+2,80.21,2503,263,0
2019-11-19,4+0,53.23,2139,247,0
2019-11-19,2+2,15.82,33133,3513,0
2019-11-19,3+1,12.94,42830,4232,0
2019-11-19,3+0,11.08,94664,10040,0
2019-11-19,1+2,8.95,165627,16787,0
2019-11-19,2+1,7.58,586347,58786,0
2019-11-19,2+0,4.21,1299039,139259,0
2019-11-22,5+2,17000000.00,0,0,1
2019-11-22,5+1,265646.83,4,1,0
2019-11-22,5+0,41248.11,6,1,0
2019-11-22,4+2,4323.36,28,7,0
2019-11-22,4+1,175.44,736,95,0
2019-11-22,3+2,122.36,1473,152,0
2019-11-22,4+0,59.92,1706,187,0
2019-11-22,2+2,22.51,20911,2160,0
2019-11-22,3+1,14.99,33185,4137,0
2019-11-22,3+0,13.29,70798,8323,0
2019-11-22,1+2,11.90,111809,12097,0
2019-11-22,2+1,8.47,471530,59531,0
2019-11-22,2+0,4.79,1024308,123585,0
2019-11-26,5+2,25884845.00,0,0,1
2019-11-26,5+1,203096.85,4,0,0
2019-11-26,5+0,31535.71,6,0,0
2019-11-26,4+2,2313.76,40,1,0
2019-11-26,4+1,164.80,599,65,0
2019-11-26,3+2,73.60,1872,259,0
2019-11-26,4+0,63.85,1224,124,0
2019-11-26,2+2,12.62,28500,4367,0
2019-11-26,3+1,13.23,28745,3547,0
2019-11-26,3+0,12.09,59498,6314,0
2019-11-26,1+2,6.97,145869,22623,0
2019-11-26,2+1,7.14,427584,54792,0
2019-11-26,2+0,4.27,878486,96981,0
2019-11-29,5+2,38399547.11,0,0,1
2019-11-29,5+1,572142.06,2,0,0
2019-11-29,5+0,53303.36,5,1,0
2019-11-29,4+2,3342.60,39,7,0
2019-11-29,4+1,163.59,850,102,0
2019-11-29,3+2,95.19,2039,254,0
2019-11-29,4+0,53.54,2056,277,0
2019-11-29,2+2,16.62,30490,3669,0
2019-11-29,3+1,12.85,41699,5056,0
2019-11-29,3+0,10.65,95157,11664,0
2019-11-29,1+2,9.29,154348,19744,0
2019-11-29,2+1,7.26,591932,70259,0
2019-11-29,2+0,4.02,1314220,155261,0
2019-12-03,5+2,48061132.00,1,0,0
2019-12-03,5+1,883408.71,1,0,0
2019-12-03,5+0,51438.98,4,0,0
2019-12-03,4+2,4025.65,25,4,0
2019-12-03,4+1,235.93,455,40,0
2019-12-03,3+2,149.09,1005,94,0
2019-12-03,4+0,73.77,1152,105,0
2019-12-03,2+2,26.82,14591,1306,0
2019-12-03,3+1,17.37,23817,2110,0
2019-12-03,3+0,13.40,58409,5790,0
2019-12-03,1+2,14.37,76990,7516,0
2019-12-03,2+1,9.82,338132,32648,0
2019-12-03,2+0,4.78,853294,90389,0
2019-12-06,5+2,17000000.00,0,0,1
2019-12-06,5+1,520640.38,2,0,0
2019-12-06,5+0,121263.07,2,0,0
2019-12-06,4+2,7414.18,16,2,0
2019-12-06,4+1,205.08,617,89,0
2019-12-06,3+2,139.40,1267,145,0
2019-12-06,4+0,62.25,1609,176,0
2019-12-06,2+2,24.63,18726,2037,0
2019-12-06,3+1,16.59,29386,3539,0
2019-12-06,3+0,12.20,75604,9771,0
2019-12-06,1+2,13.16,99123,10515,0
2019-12-06,2+1,8.92,438621,53579,0
2019-12-06,2+0,4.32,1111230,147909,0
2019-12-10,5+2,25800035.39,0,0,1
2019-12-10,5+1,0.00,0,0,0
2019-12-10,5+0,248010.25,4,1,0
2019-12-10,4+2,1729.56,53,6,0
2019-12-10,4+1,117.52,832,103,0
2019-12-10,3+2,62.37,2188,354,0
2019-12-10,4+0,49.39,1567,179,0
2019-12-10,2+2,12.30,28972,4260,0
2019-12-10,3+1,11.91,31627,3952,0
2019-12-10,3+0,11.22,63488,7238,0
2019-12-10,1+2,7.17,140485,21165,0
2019-12-10,2+1,7.18,421035,53345,0
2019-12-10,2+0,4.27,868710,101899,0
2019-12-13,5+2,39409788.00,0,0,1
2019-12-13,5+1,414803.40,3,0,0
2019-12-13,5+0,26348.84,11,1,0
2019-12-13,4+2,2779.76,51,5,0
2019-12-13,4+1,136.72,1106,143,0
2019-12-13,3+2,110.56,1909,166,0
2019-12-13,4+0,43.96,2723,359,0
2019-12-13,2+2,20.28,27182,2659,0
2019-12-13,3+1,12.97,44936,5810,0
2019-12-13,3+0,9.97,110577,15027,0
2019-12-13,1+2,11.46,136013,13027,0
2019-12-13,2+1,7.76,602141,72003,0
2019-12-13,2+0,3.91,1467123,185627,0
2019-12-17,5+2,48949099.00,1,0,0
2019-12-17,5+1,436114.31,2,0,0
2019-12-17,5+0,14510.85,14,3,0
2019-12-17,4+2,1440.11,69,7,0
2019-12-17,4+1,102.21,1037,113,0
2019-12-17,3+2,73.49,2013,225,0
2019-12-17,4+0,34.57,2427,245,0
2019-12-17,2+2,14.68,26312,2816,0
2019-12-17,3+1,11.38,35889,3871,0
2019-12-17,3+0,9.67,79871,9476,0
2019-12-17,1+2,8.53,128030,14500,0
2019-12-17,2+1,7.08,462960,49541,0
2019-12-17,2+0,3.97,1012572,114581,0
2019-12-20,5+2,17000000.00,0,0,1
2019-12-20,5+1,1041516.40,1,0,0
2019-12-20,5+0,80860.34,3,0,0
2019-12-20,4+2,3206.85,37,6,0
2019-12-20,4+1,195.61,647,68,0
2019-12-20,3+2,110.76,1595,201,0
2019-12-20,4+0,72.39,1384,141,0
2019-12-20,2+2,20.49,22516,2611,0
2019-12-20,3+1,13.74,35481,4133,0
2019-12-20,3+0,13.30,69386,8200,0
2019-12-20,1+2,10.98,118818,13589,0
2019-12-20,2+1,7.64,512263,62659,0
2019-12-20,2+0,4.73,1015412,120175,0
2019-12-24,5+2,27481033.05,0,0,1
2019-12-24,5+1,958335.19,1,0,0
2019-12-24,5+0,55801.79,4,1,0
2019-12-24,4+2,2426.16,45,6,0
2019-12-24,4+1,151.24,770,76,0
2019-12-24,3+2,73.75,2204,267,0
2019-12-24,4+0,60.21,1531,155,0
2019-12-24,2+2,13.31,31898,3989,0
2019-12-24,3+1,11.67,38449,4702,0
2019-12-24,3+0,11.42,74332,8276,0
2019-12-24,1+2,8.00,150061,17355,0
2019-12-24,2+1,6.67,539471,64129,0
2019-12-24,2+0,4.17,1061792,117818,0
2019-12-27,5+2,38682870.00,0,0,1
2019-12-27,5+1,512121.01,2,0,0
2019-12-27,5+0,26506.40,9,1,0
2019-12-27,4+2,3764.05,31,5,0
2019-12-27,4+1,171.67,725,115,0
2019-12-27,3+2,115.28,1507,197,0
2019-12-27,4+0,53.60,1838,228,0
2019-12-27,2+2,19.94,22757,2931,0
2019-12-27,3+1,14.02,34192,4709,0
2019-12-27,3+0,11.20,80968,10540,0
2019-12-27,1+2,10.88,117869,15683,0
2019-12-27,2+1,7.72,498203,67828,0
2019-12-27,2+0,4.06,1162951,147877,0
2019-12-31,5+2,52720345.00,0,0,1
2019-12-31,5+1,641759.56,2,1,0
2019-12-31,5+0,49824.37,6,0,0
2019-12-31,4+2,4061.76,36,3,0
2019-12-31,4+1,189.51,823,53,0
2019-12-31,3+2,128.36,1696,154,0
2019-12-31,4+0,72.46,1704,123,0
2019-12-31,2+2,21.42,26542,2412,0
2019-12-31,3+1,16.72,35939,2881,0
2019-12-31,3+0,14.52,78300,6408,0
2019-12-31,1+2,10.52,152760,14866,0
2019-12-31,2+1,8.72,553146,49226,0
2019-12-31,2+0,4.92,1204239,109734,0
2020-01-03,5+2,64992459.03,0,0,1
2020-01-03,5+1,224420.60,5,1,0
2020-01-03,5+0,32668.82,8,1,0
2020-01-03,4+2,4916.71,26,1,0
2020-01-03,4+1,192.05,710,79,0
2020-01-03,3+2,147.08,1294,141,0
2020-01-03,4+0,63.64,1696,209,0
2020-01-03,2+2,27.03,18386,1950,0
2020-01-03,3+1,17.04,30832,3628,0
2020-01-03,3+0,12.44,79892,9959,0
2020-01-03,1+2,14.30,98325,11004,0
2020-01-03,2+1,9.21,457864,54744,0
2020-01-03,2+0,4.37,1184249,142351,0
2020-01-07,5+2,75337663.29,0,0,1
2020-01-07,5+1,472957.83,2,0,0
2020-01-07,5+0,12959.67,17,0,0
2020-01-07,4+2,3848.66,28,2,0
2020-01-07,4+1,170.79,673,54,0
2020-01-07,3+2,118.06,1359,90,0
2020-01-07,4+0,61.52,1479,109,0
2020-01-07,2+2,20.99,19964,1665,0
2020-01-07,3+1,14.99,29548,2719,0
2020-01-07,3+0,11.35,73786,7169,0
2020-01-07,1+2,11.44,103598,9761,0
2020-01-07,2+1,8.24,431059,42611,0
2020-01-07,2+0,4.12,1059296,110541,0
2020-01-10,5+2,84145912.00,0,0,1
2020-01-10,5+1,644307.05,2,0,0
2020-01-10,5+0,60026.58,5,0,0
2020-01-10,4+2,2718.59,54,3,0
2020-01-10,4+1,165.88,944,82,0
2020-01-10,3+2,94.62,2310,261,0
2020-01-10,4+0,59.74,2075,199,0
2020-01-10,2+2,16.42,34755,4329,0
2020-01-10,3+1,14.65,41192,4397,0
2020-01-10,3+0,12.89,88541,9176,0
2020-01-10,1+2,8.58,188097,23133,0
2020-01-10,2+1,8.06,600962,65596,0
2020-01-10,2+0,4.68,1272032,138461,0
2020-01-14,5+2,91228644.00,0,0,1
2020-01-14,5+1,259044.35,4,0,0
2020-01-14,5+0,48267.50,5,0,0
2020-01-14,4+2,6212.92,19,3,0
2020-01-14,4+1,171.31,735,119,0
2020-01-14,3+2,119.64,1469,168,0
2020-01-14,4+0,71.97,1385,184,0
2020-01-14,2+2,21.47,21378,2309,0
2020-01-14,3+1,14.42,33632,4278,0
2020-01-14,3+0,13.51,67915,7572,0
2020-01-14,1+2,11.31,114796,12088,0
2020-01-14,2+1,7.70,505479,58582,0
2020-01-14,2+0,4.67,1023981,106523,0
2020-01-17,5+2,100779289.00,1,1,0
2020-01-17,5+1,349306.00,4,0,0
2020-01-17,5+0,65085.87,5,0,0
2020-01-17,4+2,2487.14,64,7,0
2020-01-17,4+1,145.86,1164,136,0
2020-01-17,3+2,68.67,3451,522,0
2020-01-17,4+0,59.58,2256,259,0
2020-01-17,2+2,12.85,48159,7135,0
2020-01-17,3+1,12.02,54426,6862,0
2020-01-17,3+0,11.62,106522,12444,0
2020-01-17,1+2,7.95,220155,31662,0
2020-01-17,2+1,6.88,763017,98773,0
2020-01-17,2+0,4.32,1491899,171943,0
2020-01-21,5+2,17000000.00,0,0,1
2020-01-21,5+1,256141.53,3,1,0
2020-01-21,5+0,35794.96,5,0,0
2020-01-21,4+2,4168.66,21,5,0
2020-01-21,4+1,197.00,474,56,0
2020-01-21,3+2,97.77,1333,176,0
2020-01-21,4+0,75.20,983,116,0
2020-01-21,2+2,14.92,22813,3639,0
2020-01-21,3+1,14.71,24456,3007,0
2020-01-21,3+0,14.19,47953,5143,0
2020-01-21,1+2,7.56,127338,20894,0
2020-01-21,2+1,7.72,374176,47100,0
2020-01-21,2+0,4.84,732557,81117,0
2020-01-24,5+2,28601720.00,1,0,0
2020-01-24,5+1,212161.07,5,1,0
2020-01-24,5+0,20589.47,12,1,0
2020-01-24,4+2,1245.88,97,12,0
2020-01-24,4+1,98.85,1304,201,0
2020-01-24,3+2,56.37,3192,511,0
2020-01-24,4+0,31.84,3205,421,0
2020-01-24,2+2,12.18,38557,6294,0
2020-01-24,3+1,10.32,48109,6671,0
2020-01-24,3+0,8.71,107815,13271,0
2020-01-24,1+2,6.93,191616,32403,0
2020-01-24,2+1,6.75,590286,81334,0
2020-01-24,2+0,3.91,1252672,149732,0
2020-01-28,5+2,17000000.00,0,0,1
2020-01-28,5+1,380558.45,2,0,0
2020-01-28,5+0,88636.39,2,0,0
2020-01-28,4+2,2989.98,29,1,0
2020-01-28,4+1,163.98,564,55,0
2020-01-28,3+2,107.22,1204,116,0
2020-01-28,4+0,65.08,1125,121,0
2020-01-28,2+2,18.82,17912,1959,0
2020-01-28,3+1,13.04,27327,3123,0
2020-01-28,3+0,12.10,55691,5918,0
2020-01-28,1+2,10.16,93807,10893,0
2020-01-28,2+1,7.16,399108,48966,0
2020-01-28,2+0,4.38,801735,91568,0
2020-01-31,5+2,28934315.00,0,0,1
2020-01-31,5+1,90934.69,12,1,0
2020-01-31,5+0,14119.81,18,3,0
2020-01-31,4+2,2645.01,47,11,0
2020-01-31,4+1,109.31,1213,146,0
2020-01-31,3+2,71.99,2571,356,0
2020-01-31,4+0,42.05,2496,328,0
2020-01-31,2+2,15.45,31283,3942,0
2020-01-31,3+1,10.98,46534,5609,0
2020-01-31,3+0,9.85,98157,12283,0
2020-01-31,1+2,9.28,147291,18495,0
2020-01-31,2+1,6.74,608229,74579,0
2020-01-31,2+0,3.92,1284966,164881,0
2020-02-04,5+2,40857417.28,0,0,1
2020-02-04,5+1,155596.48,4,1,0
2020-02-04,5+0,16162.42,9,4,0
2020-02-04,4+2,963.99,47,7,0
2020-02-04,4+1,126.64,659,95,0
2020-02-04,3+2,56.09,1573,160,0
2020-02-04,4+0,42.43,1461,184,0
2020-02-04,2+2,14.03,22081,2236,0
2020-02-04,3+1,10.64,32479,3751,0
2020-02-04,3+0,10.42,61757,7169,0
2020-02-04,1+2,6.70,116314,11822,0
2020-02-04,2+1,5.18,473901,53989,0
2020-02-04,2+0,4.34,910511,105131,0
2020-02-07,5+2,130000000.00,1,0,0
2020-02-07,5+1,130443.56,10,0,0
2020-02-07,5+0,14517.52,21,1,0
2020-02-07,4+2,759.67,125,16,0
2020-02-07,4+1,99.78,1753,232,0
2020-02-07,3+2,38.38,4818,619,0
2020-02-07,4+0,37.44,3470,411,0
2020-02-07,2+2,10.12,64186,7230,0
2020-02-07,3+1,9.24,78373,9060,0
2020-02-07,3+0,8.71,154867,16777,0
2020-02-07,1+2,5.16,316390,33649,0
2020-02-07,2+1,4.89,1051780,113233,0
2020-02-07,2+0,3.88,2131657,214829,0
2020-02-11,5+2,17000000.00,1,0,0
2020-02-11,5+1,105507.32,5,1,0
2020-02-11,5+0,24658.79,5,0,0
2020-02-11,4+2,1745.59,22,3,0
2020-02-11,4+1,160.41,441,43,0
2020-02-11,3+2,73.60,1016,101,0
2020-02-11,4+0,48.97,1073,110,0
2020-02-11,2+2,17.23,15248,1655,0
2020-02-11,3+1,13.47,21754,2180,0
2020-02-11,3+0,10.94,49845,5460,0
2020-02-11,1+2,8.03,82255,8923,0
2020-02-11,2+1,6.52,319038,34784,0
2020-02-11,2+0,4.49,745826,86846,0
2020-02-14,5+2,17000000.00,0,0,1
2020-02-14,5+1,244264.14,3,1,0
2020-02-14,5+0,28544.27,6,0,0
2020-02-14,4+2,2424.77,22,3,0
2020-02-14,4+1,157.98,622,74,0
2020-02-14,3+2,73.51,1413,152,0
2020-02-14,4+0,46.40,1573,178,0
2020-02-14,2+2,18.02,20251,2125,0
2020-02-14,3+1,14.68,27721,2967,0
2020-02-14,3+0,11.18,67779,8077,0
2020-02-14,1+2,8.03,114200,12141,0
2020-02-14,2+1,6.66,433629,48265,0
2020-02-14,2+0,4.36,1067373,130204,0
2020-02-18,5+2,27039366.00,0,0,1
2020-02-18,5+1,262027.44,2,0,0
2020-02-18,5+0,40826.75,3,1,0
2020-02-18,4+2,1734.07,22,3,0
2020-02-18,4+1,162.67,432,43,0
2020-02-18,3+2,70.68,1051,103,0
2020-02-18,4+0,48.15,1084,107,0
2020-02-18,2+2,17.73,14720,1381,0
2020-02-18,3+1,13.64,21333,2267,0
2020-02-18,3+0,10.62,51032,5948,0
2020-02-18,1+2,8.02,81867,7706,0
2020-02-18,2+1,6.59,313390,34677,0
2020-02-18,2+0,4.42,752328,86319,0
2020-02-21,5+2,41085850.00,0,0,1
2020-02-21,5+1,183306.61,4,1,0
2020-02-21,5+0,28561.18,6,0,0
2020-02-21,4+2,834.00,64,12,0
2020-02-21,4+1,91.46,1075,143,0
2020-02-21,3+2,37.82,2748,436,0
2020-02-21,4+0,38.58,1893,226,0
2020-02-21,2+2,10.30,35431,5564,0
2020-02-21,3+1,9.85,41353,5192,0
2020-02-21,3+0,9.13,83014,9246,0
2020-02-21,1+2,5.09,180129,27374,0
2020-02-21,2+1,5.00,578223,73615,0
2020-02-21,2+0,4.02,1158067,130450,0
2020-02-25,5+2,51940006.00,0,0,1
2020-02-25,5+1,283293.47,2,0,0
2020-02-25,5+0,33105.17,4,0,0
2020-02-25,4+2,1005.99,41,3,0
2020-02-25,4+1,108.85,698,79,0
2020-02-25,3+2,43.13,1862,215,0
2020-02-25,4+0,36.39,1551,180,0
2020-02-25,2+2,11.05,25527,2633,0
2020-02-25,3+1,9.84,31969,3109,0
2020-02-25,3+0,8.83,66345,6761,0
2020-02-25,1+2,5.63,126041,12511,0
2020-02-25,2+1,5.10,437820,43319,0
2020-02-25,2+0,3.88,928177,97136,0
2020-02-28,5+2,67084644.00,1,1,0
2020-02-28,5+1,197637.52,4,0,0
2020-02-28,5+0,30794.09,6,2,0
2020-02-28,4+2,669.18,86,11,0
2020-02-28,4+1,72.61,1460,177,0
2020-02-28,3+2,45.59,2458,292,0
2020-02-28,4+0,28.34,2778,374,0
2020-02-28,2+2,12.64,31146,3399,0
2020-02-28,3+1,7.79,56318,6546,0
2020-02-28,3+0,7.41,110228,12834,0
2020-02-28,1+2,6.95,142449,15115,0
2020-02-28,2+1,4.34,718242,83016,0
2020-02-28,2+0,3.56,1408162,160557,0
2020-03-03,5+2,17000000.00,0,0,1
2020-03-03,5+1,250722.99,2,1,0
2020-03-03,5+0,14649.52,8,1,0
2020-03-03,4+2,1177.53,31,4,0
2020-03-03,4+1,130.57,515,69,0
2020-03-03,3+2,75.46,942,84,0
2020-03-03,4+0,37.75,1323,202,0
2020-03-03,2+2,19.33,12916,1276,0
2020-03-03,3+1,12.70,21927,2600,0
2020-03-03,3+0,8.59,60320,8147,0
2020-03-03,1+2,9.03,69504,6710,0
2020-03-03,2+1,6.36,311126,34815,0
2020-03-03,2+0,3.75,849665,107293,0
2020-03-06,5+2,30399605.00,0,0,1
2020-03-06,5+1,233153.12,3,0,0
2020-03-06,5+0,81737.58,2,1,0
2020-03-06,4+2,2121.60,24,1,0
2020-03-06,4+1,206.60,454,45,0
2020-03-06,3+2,82.97,1195,132,0
2020-03-06,4+0,56.23,1239,132,0
2020-03-06,2+2,20.06,17365,1847,0
2020-03-06,3+1,15.81,24578,2826,0
2020-03-06,3+0,11.77,61429,7105,0
2020-03-06,1+2,8.89,98569,10383,0
2020-03-06,2+1,7.35,375415,41754,0
2020-03-06,2+0,4.62,960898,116641,0
2020-03-10,5+2,40555593.00,0,0,1
2020-03-10,5+1,132535.63,4,1,0
2020-03-10,5+0,11263.91,11,0,0
2020-03-10,4+2,1286.42,30,0,0
2020-03-10,4+1,115.03,618,62,0
2020-03-10,3+2,76.84,978,113,0
2020-03-10,4+0,37.91,1393,123,0
2020-03-10,2+2,19.34,13649,1374,0
2020-03-10,3+1,11.76,25024,2507,0
2020-03-10,3+0,9.09,60287,5601,0
2020-03-10,1+2,9.16,72480,7903,0
2020-03-10,2+1,5.93,352601,38696,0
2020-03-10,2+0,3.89,865052,90210,0
2020-03-13,5+2,55850379.00,0,0,1
2020-03-13,5+1,159677.56,5,0,0
2020-03-13,5+0,18659.63,10,0,0
2020-03-13,4+2,2075.72,28,3,0
2020-03-13,4+1,101.96,1050,126,0
2020-03-13,3+2,77.62,1458,141,0
2020-03-13,4+0,31.86,2496,343,0
2020-03-13,2+2,18.52,21469,1995,0
2020-03-13,3+1,10.10,43876,4829,0
2020-03-13,3+0,7.65,107944,13616,0
2020-03-13,1+2,9.24,108210,9858,0
2020-03-13,2+1,5.36,586799,62832,0
2020-03-13,2+0,3.54,1433503,170939,0
2020-03-17,5+2,63600033.00,1,0,0
2020-03-17,5+1,404531.91,1,0,0
2020-03-17,5+0,9454.57,10,1,0
2020-03-17,4+2,1472.43,20,1,0
2020-03-17,4+1,81.82,663,66,0
2020-03-17,3+2,63.08,909,86,0
2020-03-17,4+0,21.53,1871,255,0
2020-03-17,2+2,17.73,11361,1077,0
2020-03-17,3+1,9.03,24878,3026,0
2020-03-17,3+0,6.40,65329,8375,0
2020-03-17,1+2,9.02,56137,5403,0
2020-03-17,2+1,5.17,308690,37150,0
2020-03-17,2+0,3.20,802072,103533,0
2020-03-20,5+2,17000000.00,1,0,0
2020-03-20,5+1,410858.58,1,0,0
2020-03-20,5+0,19204.88,5,1,0
2020-03-20,4+2,1759.36,17,3,0
2020-03-20,4+1,148.10,372,41,0
2020-03-20,3+2,90.16,646,80,0
2020-03-20,4+0,39.89,1026,183,0
2020-03-20,2+2,19.94,10259,931,0
2020-03-20,3+1,12.74,17906,2454,0
2020-03-20,3+0,8.79,48304,7499,0
2020-03-20,1+2,9.46,54381,4944,0
2020-03-20,2+1,6.30,257346,32332,0
2020-03-20,2+0,3.70,705250,100035,0
2020-03-24,5+2,17000000.00,0,0,1
2020-03-24,5+1,0.00,0,0,0
2020-03-24,5+0,50422.76,7,1,0
2020-03-24,4+2,1487.62,14,1,0
2020-03-24,4+1,112.17,342,41,0
2020-03-24,3+2,78.44,517,54,0
2020-03-24,4+0,28.96,984,110,0
2020-03-24,2+2,19.41,7338,796,0
2020-03-24,3+1,12.13,13096,1442,0
2020-03-24,3+0,7.12,41534,5084,0
2020-03-24,1+2,9.21,38881,4536,0
2020-03-24,2+1,6.23,181198,19576,0
2020-03-24,2+0,3.24,559969,71733,0
2020-03-27,5+2,24704307.00,0,0,1
2020-03-27,5+1,134054.93,3,0,0
2020-03-27,5+0,23498.13,4,1,0
2020-03-27,4+2,2661.48,11,2,0
2020-03-27,4+1,104.71,515,103,0
2020-03-27,3+2,70.29,811,99,0
2020-03-27,4+0,43.45,922,139,0
2020-03-27,2+2,15.85,12637,1702,0
2020-03-27,3+1,10.66,20959,3249,0
2020-03-27,3+0,10.23,40640,5894,0
2020-03-27,1+2,7.30,68974,8906,0
2020-03-27,2+1,5.12,309679,43641,0
2020-03-27,2+0,4.30,594393,77578,0
2020-03-31,5+2,30777246.00,0,0,1
2020-03-31,5+1,0.00,0,0,0
2020-03-31,5+0,48887.16,8,1,0
2020-03-31,4+2,1153.85,20,3,0
2020-03-31,4+1,95.10,447,54,0
2020-03-31,3+2,50.89,883,96,0
2020-03-31,4+0,31.05,1017,127,0
2020-03-31,2+2,12.93,12204,1435,0
2020-03-31,3+1,10.12,17399,1941,0
2020-03-31,3+0,8.16,40152,4585,0
2020-03-31,1+2,6.38,62225,7846,0
2020-03-31,2+1,5.40,231617,25909,0
2020-03-31,2+0,3.74,537703,61028,0
2020-04-03,5+2,39141320.00,0,0,1
2020-04-03,5+1,436604.65,1,1,0
2020-04-03,5+0,102041.70,1,0,0
2020-04-03,4+2,1177.16,27,3,0
2020-04-03,4+1,148.22,395,55,0
2020-04-03,3+2,64.67,957,139,0
2020-04-03,4+0,50.45,862,134,0
2020-04-03,2+2,13.26,16390,2377,0
2020-04-03,3+1,13.23,18322,2415,0
2020-04-03,3+0,11.53,39155,5055,0
2020-04-03,1+2,5.78,94506,13454,0
2020-04-03,2+1,5.98,288016,38150,0
2020-04-03,2+0,4.50,615452,79598,0
2020-04-07,5+2,45796215.00,0,0,1
2020-04-07,5+1,115795.17,3,0,0
2020-04-07,5+0,40594.85,2,1,0
2020-04-07,4+2,3161.07,8,0,0
2020-04-07,4+1,158.99,293,25,0
2020-04-07,3+2,84.90,580,63,0
2020-04-07,4+0,47.92,722,84,0
2020-04-07,2+2,19.25,8985,895,0
2020-04-07,3+1,13.17,14646,1680,0
2020-04-07,3+0,10.07,35661,4396,0
2020-04-07,1+2,8.98,48459,4691,0
2020-04-07,2+1,5.88,232864,26512,0
2020-04-07,2+0,3.96,557176,70016,0
2020-04-10,5+2,53434751.29,0,0,1
2020-04-10,5+1,0.00,0,0,0
2020-04-10,5+0,97603.52,6,0,0
2020-04-10,4+2,1279.82,27,3,0
2020-04-10,4+1,102.50,621,64,0
2020-04-10,3+2,59.97,1122,124,0
2020-04-10,4+0,31.54,1499,194,0
2020-04-10,2+2,14.92,15836,1778,0
2020-04-10,3+1,10.15,25977,3177,0
2020-04-10,3+0,7.97,61580,8351,0
2020-04-10,1+2,7.31,81248,9009,0
2020-04-10,2+1,5.18,361603,42752,0
2020-04-10,2+0,3.60,837155,111434,0
2020-04-14,5+2,59184725.00,0,0,1
2020-04-14,5+1,357319.77,1,0,0
2020-04-14,5+0,0.00,0,0,0
2020-04-14,4+2,9956.66,11,1,0
2020-04-14,4+1,192.43,249,18,0
2020-04-14,3+2,87.33,580,58,0
2020-04-14,4+0,56.50,630,69,0
2020-04-14,2+2,18.69,9521,1018,0
2020-04-14,3+1,15.80,12558,1304,0
2020-04-14,3+0,12.55,29444,3463,0
2020-04-14,1+2,7.93,56431,5967,0
2020-04-14,2+1,6.87,205136,23817,0
2020-04-14,2+0,4.65,488245,62988,0
2020-04-17,5+2,67188313.00,1,0,0
2020-04-17,5+1,248682.90,2,0,0
2020-04-17,5+0,16606.08,7,1,0
2020-04-17,4+2,1448.26,25,4,0
2020-04-17,4+1,157.30,424,42,0
2020-04-17,3+2,83.34,846,85,0
2020-04-17,4+0,35.85,1382,172,0
2020-04-17,2+2,18.74,13216,1301,0
2020-04-17,3+1,13.75,20091,2158,0
2020-04-17,3+0,9.52,54040,6689,0
2020-04-17,1+2,8.57,72658,7945,0
2020-04-17,2+1,6.78,289473,32326,0
2020-04-17,2+0,4.13,765397,95309,0
2020-04-21,5+2,17000000.00,0,0,1
2020-04-21,5+1,0.00,0,0,0
2020-04-21,5+0,44642.17,9,1,0
2020-04-21,4+2,658.54,36,7,0
2020-04-21,4+1,69.32,630,76,0
2020-04-21,3+2,37.84,1220,191,0
2020-04-21,4+0,24.91,1302,172,0
2020-04-21,2+2,10.74,15103,2407,0
2020-04-21,3+1,7.64,23666,3451,0
2020-04-21,3+0,6.78,49650,6827,0
2020-04-21,1+2,5.88,69348,10445,0
2020-04-21,2+1,4.43,289915,41787,0
2020-04-21,2+0,3.37,613372,84848,0
2020-04-24,5+2,25497940.00,0,0,1
2020-04-24,5+1,221796.23,2,1,0
2020-04-24,5+0,9424.98,11,2,0
2020-04-24,4+2,556.76,58,7,0
2020-04-24,4+1,70.98,838,90,0
2020-04-24,3+2,32.14,1956,235,0
2020-04-24,4+0,26.52,1666,222,0
2020-04-24,2+2,9.03,24446,2901,0
2020-04-24,3+1,7.64,32242,4062,0
2020-04-24,3+0,7.20,63734,8805,0
2020-04-24,1+2,4.92,112741,13800,0
2020-04-24,2+1,4.40,397681,52521,0
2020-04-24,2+0,3.57,789050,111438,0
2020-04-28,5+2,32299012.00,0,0,1
2020-04-28,5+1,177507.97,2,1,0
2020-04-28,5+0,27657.69,3,1,0
2020-04-28,4+2,1292.20,20,3,0
2020-04-28,4+1,113.89,418,66,0
2020-04-28,3+2,53.08,948,160,0
2020-04-28,4+0,38.35,922,118,0
2020-04-28,2+2,13.15,13442,2168,0
2020-04-28,3+1,9.94,19829,3281,0
2020-04-28,3+0,8.75,41941,6045,0
2020-04-28,1+2,6.50,68361,10118,0
2020-04-28,2+1,5.13,272611,41871,0
2020-04-28,2+0,3.83,588301,77908,0
2020-05-01,5+2,41201741.00,0,0,1
2020-05-01,5+1,232361.22,2,0,0
2020-05-01,5+0,27153.32,4,0,0
2020-05-01,4+2,1879.46,18,2,0
2020-05-01,4+1,155.40,401,47,0
2020-05-01,3+2,59.13,1114,144,0
2020-05-01,4+0,54.08,856,102,0
2020-05-01,2+2,12.98,17825,2499,0
2020-05-01,3+1,12.97,19899,2405,0
2020-05-01,3+0,11.10,43289,5304,0
2020-05-01,1+2,5.61,103637,14712,0
2020-05-01,2+1,5.96,307608,38826,0
2020-05-01,2+0,4.44,664701,84732,0
2020-05-05,5+2,48838406.05,0,0,1
2020-05-05,5+1,398633.92,1,0,0
2020-05-05,5+0,46583.65,2,0,0
2020-05-05,4+2,2418.27,12,1,0
2020-05-05,4+1,87.49,611,113,0
2020-05-05,3+2,54.75,1032,135,0
2020-05-05,4+0,38.00,1045,163,0
2020-05-05,2+2,13.78,14408,1929,0
2020-05-05,3+1,8.60,25736,3723,0
2020-05-05,3+0,9.24,44589,5616,0
2020-05-05,1+2,6.91,72201,8926,0
2020-05-05,2+1,4.61,340813,46125,0
2020-05-05,2+0,4.06,623612,75107,0
2020-05-08,5+2,57015368.00,0,0,1
2020-05-08,5+1,127034.93,4,0,0
2020-05-08,5+0,59380.31,2,0,0
2020-05-08,4+2,1608.30,23,3,0
2020-05-08,4+1,141.66,481,48,0
2020-05-08,3+2,59.38,1213,141,0
2020-05-08,4+0,49.72,1018,112,0
2020-05-08,2+2,13.27,19060,2447,0
2020-05-08,3+1,11.89,23726,2901,0
2020-05-08,3+0,10.58,49676,5988,0
2020-05-08,1+2,5.83,109056,14206,0
2020-05-08,2+1,5.41,370064,47647,0
2020-05-08,2+0,4.28,753374,96974,0
2020-05-12,5+2,63861474.41,0,0,1
2020-05-12,5+1,425436.63,1,1,0
2020-05-12,5+0,9039.23,11,2,0
2020-05-12,4+2,1147.05,27,1,0
2020-05-12,4+1,118.36,482,60,0
2020-05-12,3+2,59.30,1017,104,0
2020-05-12,4+0,34.51,1228,169,0
2020-05-12,2+2,15.54,13634,1305,0
2020-05-12,3+1,11.22,21054,2528,0
2020-05-12,3+0,8.75,50289,6891,0
2020-05-12,1+2,7.53,70785,7009,0
2020-05-12,2+1,5.84,287434,31971,0
2020-05-12,2+0,3.95,683566,85807,0
2020-05-15,5+2,72969058.00,1,0,0
2020-05-15,5+1,565971.22,1,0,0
2020-05-15,5+0,22046.13,6,0,0
2020-05-15,4+2,1329.06,31,6,0
2020-05-15,4+1,102.56,740,91,0
2020-05-15,3+2,56.94,1409,130,0
2020-05-15,4+0,30.57,1844,286,0
2020-05-15,2+2,14.82,19013,2117,0
2020-05-15,3+1,10.54,29810,3575,0
2020-05-15,3+0,8.36,70025,9179,0
2020-05-15,1+2,6.99,101435,11868,0
2020-05-15,2+1,5.78,386395,47524,0
2020-05-15,2+0,3.92,915870,118773,0
2020-05-19,5+2,17000000.00,0,0,1
2020-05-19,5+1,433824.43,1,0,0
2020-05-19,5+0,16898.65,6,1,0
2020-05-19,4+2,1503.86,21,3,0
2020-05-19,4+1,124.57,467,48,0
2020-05-19,3+2,62.69,981,95,0
2020-05-19,4+0,46.27,934,82,0
2020-05-19,2+2,15.12,14287,1367,0
2020-05-19,3+1,11.52,20912,1829,0
2020-05-19,3+0,11.13,40300,3681,0
2020-05-19,1+2,6.67,81398,8201,0
2020-05-19,2+1,5.47,312561,30626,0
2020-05-19,2+0,4.49,614114,61166,0
2020-05-22,5+2,28245446.00,0,0,1
2020-05-22,5+1,0.00,0,0,0
2020-05-22,5+0,55708.20,13,2,0
2020-05-22,4+2,806.27,53,8,0
2020-05-22,4+1,93.48,842,100,0
2020-05-22,3+2,33.91,2454,293,0
2020-05-22,4+0,39.08,1496,175,0
2020-05-22,2+2,8.73,33462,3835,0
2020-05-22,3+1,9.00,36228,4398,0
2020-05-22,3+0,8.73,69537,8212,0
2020-05-22,1+2,4.65,158062,17821,0
2020-05-22,2+1,4.61,501467,59699,0
2020-05-22,2+0,3.84,970867,111461,0
2020-05-26,5+2,18571740.00,2,0,0
2020-05-26,5+1,92895.47,5,2,0
2020-05-26,5+0,18092.66,6,0,0
2020-05-26,4+2,536.70,63,6,0
2020-05-26,4+1,62.34,999,130,0
2020-05-26,3+2,33.03,1993,276,0
2020-05-26,4+0,24.75,1869,226,0
2020-05-26,2+2,9.60,24082,2798,0
2020-05-26,3+1,7.72,33423,3868,0
2020-05-26,3+0,7.09,67756,8356,0
2020-05-26,1+2,5.48,106041,11066,0
2020-05-26,2+1,4.57,400538,44556,0
2020-05-26,2+0,3.50,842619,97724,0
2020-05-29,5+2,17000000.00,1,0,0
2020-05-29,5+1,116611.25,5,0,0
2020-05-29,5+0,10482.29,13,1,0
2020-05-29,4+2,309.81,137,21,0
2020-05-29,4+1,87.16,897,104,0
2020-05-29,3+2,23.12,3574,409,0
2020-05-29,4+0,33.57,1730,164,0
2020-05-29,2+2,8.75,33182,3938,0
2020-05-29,3+1,8.59,37668,3976,0
2020-05-29,3+0,8.08,74615,7546,0
2020-05-29,1+2,5.43,134296,16147,0
2020-05-29,2+1,4.66,492834,55072,0
2020-05-29,2+0,3.76,984731,105012,0
2020-06-02,5+2,17000000.00,0,0,1
2020-06-02,5+1,87507.81,5,0,0
2020-06-02,5+0,11362.23,9,0,0
2020-06-02,4+2,1873.61,17,0,0
2020-06-02,4+1,107.26,547,56,0
2020-06-02,3+2,60.81,1020,84,0
2020-06-02,4+0,33.84,1288,170,0
2020-06-02,2+2,14.59,14935,1297,0
2020-06-02,3+1,10.30,23592,2327,0
2020-06-02,3+0,8.42,53698,5994,0
2020-06-02,1+2,7.08,77349,7086,0
2020-06-02,2+1,5.25,328824,33224,0
2020-06-02,2+0,3.73,745473,82501,0
2020-06-05,5+2,29131137.00,0,0,1
2020-06-05,5+1,211081.77,3,0,0
2020-06-05,5+0,13454.53,11,2,0
2020-06-05,4+2,688.03,67,8,0
2020-06-05,4+1,77.19,1100,77,0
2020-06-05,3+2,36.88,2434,247,0
2020-06-05,4+0,29.13,2165,188,0
2020-06-05,2+2,10.13,31131,3320,0
2020-06-05,3+1,8.25,42614,4142,0
2020-06-05,3+0,7.73,84690,8083,0
2020-06-05,1+2,5.31,149368,16868,0
2020-06-05,2+1,4.57,545858,57922,0
2020-06-05,2+0,3.64,1102940,110735,0
2020-06-09,5+2,38666415.10,0,0,1
2020-06-09,5+1,165913.84,3,0,0
2020-06-09,5+0,58165.19,2,1,0
2020-06-09,4+2,1098.00,33,2,0
2020-06-09,4+1,121.35,550,67,0
2020-06-09,3+2,49.44,1427,218,0
2020-06-09,4+0,45.28,1095,136,0
2020-06-09,2+2,11.14,22240,2927,0
2020-06-09,3+1,11.92,23196,2821,0
2020-06-09,3+0,10.04,51249,5577,0
2020-06-09,1+2,5.17,120489,15633,0
2020-06-09,2+1,5.57,352621,40318,0
2020-06-09,2+0,4.13,765947,81770,0
2020-06-12,5+2,51583717.00,1,0,0
2020-06-12,5+1,337141.57,2,0,0
2020-06-12,5+0,52530.36,3,0,0
2020-06-12,4+2,1291.73,38,2,0
2020-06-12,4+1,160.03,565,64,0
2020-06-12,3+2,61.11,1564,130,0
2020-06-12,4+0,58.00,1158,116,0
2020-06-12,2+2,14.16,23702,2432,0
2020-06-12,3+1,13.91,26919,2279,0
2020-06-12,3+0,11.96,58277,5070,0
2020-06-12,1+2,5.93,142367,15233,0
2020-06-12,2+1,6.33,419915,40453,0
2020-06-12,2+0,4.70,911820,84721,0
2020-06-16,5+2,17000000.00,0,0,1
2020-06-16,5+1,228917.47,2,1,0
2020-06-16,5+0,26750.89,4,1,0
2020-06-16,4+2,2083.06,16,0,0
2020-06-16,4+1,96.53,636,70,0
2020-06-16,3+2,57.53,1128,103,0
2020-06-16,4+0,27.54,1656,180,0
2020-06-16,2+2,14.61,15600,1412,0
2020-06-16,3+1,9.65,26331,2849,0
2020-06-16,3+0,6.92,68380,7655,0
2020-06-16,1+2,7.52,76193,6763,0
2020-06-16,2+1,5.10,353669,37931,0
2020-06-16,2+0,3.31,879179,99740,0
2020-06-19,5+2,29065639.00,0,0,1
2020-06-19,5+1,157456.58,4,0,0
2020-06-19,5+0,18400.09,8,0,0
2020-06-19,4+2,1309.98,35,4,0
2020-06-19,4+1,113.52,744,86,0
2020-06-19,3+2,58.09,1537,122,0
2020-06-19,4+0,36.43,1722,164,0
2020-06-19,2+2,15.51,20217,1711,0
2020-06-19,3+1,10.44,33500,3382,0
2020-06-19,3+0,8.46,76928,7662,0
2020-06-19,1+2,7.59,103921,9359,0
2020-06-19,2+1,5.33,466080,49738,0
2020-06-19,2+0,3.69,1083585,111097,0
2020-06-23,5+2,38429546.00,0,0,1
2020-06-23,5+1,0.00,0,0,0
2020-06-23,5+0,201011.86,3,0,0
2020-06-23,4+2,1694.42,21,4,0
2020-06-23,4+1,134.59,487,48,0
2020-06-23,3+2,60.67,1142,77,0
2020-06-23,4+0,43.47,1120,105,0
2020-06-23,2+2,15.30,15908,1501,0
2020-06-23,3+1,12.14,22351,2044,0
2020-06-23,3+0,9.73,51961,4531,0
2020-06-23,1+2,7.12,85896,8232,0
2020-06-23,2+1,5.71,337786,32842,0
2020-06-23,2+0,4.01,773857,70647,0
2020-06-26,5+2,51471751.05,0,0,1
2020-06-26,5+1,75644.79,9,3,0
2020-06-26,5+0,8839.71,18,1,0
2020-06-26,4+2,1304.22,38,3,0
2020-06-26,4+1,87.03,1049,112,0
2020-06-26,3+2,59.10,1633,198,0
2020-06-26,4+0,24.87,2726,293,0
2020-06-26,2+2,14.77,22953,2715,0
2020-06-26,3+1,9.09,41590,4873,0
2020-06-26,3+0,7.15,98412,10713,0
2020-06-26,1+2,7.26,117337,13506,0
2020-06-26,2+1,5.06,530351,61260,0
2020-06-26,2+0,3.50,1232996,129391,0
2020-06-30,5+2,62297693.10,0,0,1
2020-06-30,5+1,565114.17,1,0,0
2020-06-30,5+0,8254.78,16,2,0
2020-06-30,4+2,1788.63,23,2,0
2020-06-30,4+1,115.87,654,49,0
2020-06-30,3+2,61.67,1299,95,0
2020-06-30,4+0,33.35,1688,158,0
2020-06-30,2+2,15.28,18420,1473,0
2020-06-30,3+1,11.02,28487,2546,0
2020-06-30,3+0,8.13,71847,6986,0
2020-06-30,1+2,7.44,95075,7800,0
2020-06-30,2+1,5.56,400514,37633,0
2020-06-30,2+0,3.66,980320,96715,0
2020-07-03,5+2,130000000.00,0,0,1
2020-07-03,5+1,126332.66,10,2,0
2020-07-03,5+0,8947.28,33,1,0
2020-07-03,4+2,938.43,98,5,0
2020-07-03,4+1,109.15,1552,152,0
2020-07-03,3+2,48.23,3713,296,0
2020-07-03,4+0,37.82,3327,303,0
2020-07-03,2+2,11.91,52823,4758,0
2020-07-03,3+1,10.62,66033,6153,0
2020-07-03,3+0,9.44,138411,12450,0
2020-07-03,1+2,5.74,275443,25423,0
2020-07-03,2+1,5.30,940515,85960,0
2020-07-03,2+0,4.09,1961364,171048,0
2020-07-07,5+2,144542315.00,1,0,0
2020-07-07,5+1,112962.62,8,0,0
2020-07-07,5+0,13200.61,16,1,0
2020-07-07,4+2,1218.27,54,7,0
2020-07-07,4+1,113.46,1068,78,0
2020-07-07,3+2,68.83,1861,144,0
2020-07-07,4+0,36.12,2492,202,0
2020-07-07,2+2,16.54,27209,2105,0
2020-07-07,3+1,11.15,45013,3838,0
2020-07-07,3+0,8.61,108567,9142,0
2020-07-07,1+2,7.88,143534,10716,0
2020-07-07,2+1,5.64,631726,52369,0
2020-07-07,2+0,3.76,1527227,127625,0
2020-07-10,5+2,17000000.00,0,0,1
2020-07-10,5+1,74781.98,9,0,0
2020-07-10,5+0,11235.71,14,1,0
2020-07-10,4+2,742.34,66,5,0
2020-07-10,4+1,93.62,964,93,0
2020-07-10,3+2,36.01,2649,272,0
2020-07-10,4+0,35.12,1909,199,0
2020-07-10,2+2,9.30,36019,4179,0
2020-07-10,3+1,8.80,42487,4857,0
2020-07-10,3+0,8.66,80362,9081,0
2020-07-10,1+2,4.73,177965,19957,0
2020-07-10,2+1,4.63,573219,67132,0
2020-07-10,2+0,3.90,1095560,126175,0
2020-07-14,5+2,26440749.45,0,0,1
2020-07-14,5+1,0.00,0,0,0
2020-07-14,5+0,101330.71,6,0,0
2020-07-14,4+2,1888.14,19,2,0
2020-07-14,4+1,135.69,487,51,0
2020-07-14,3+2,85.40,818,64,0
2020-07-14,4+0,43.13,1138,88,0
2020-07-14,2+2,19.96,12292,1056,0
2020-07-14,3+1,12.56,21782,1940,0
2020-07-14,3+0,9.93,51291,4990,0
2020-07-14,1+2,9.29,66459,6021,0
2020-07-14,2+1,5.96,325980,30979,0
2020-07-14,2+0,4.02,778495,79976,0
2020-07-17,5+2,39348808.00,0,0,1
2020-07-17,5+1,96257.23,7,1,0
2020-07-17,5+0,31495.66,5,0,0
2020-07-17,4+2,925.48,53,6,0
2020-07-17,4+1,94.41,957,147,0
2020-07-17,3+2,38.90,2455,281,0
2020-07-17,4+0,38.59,1739,230,0
2020-07-17,2+2,9.92,33820,3933,0
2020-07-17,3+1,9.15,40886,4971,0
2020-07-17,3+0,9.58,72686,8091,0
2020-07-17,1+2,5.27,160145,16666,0
2020-07-17,2+1,4.67,568827,65898,0
2020-07-17,2+0,4.15,1030354,113297,0
2020-07-21,5+2,49564587.00,1,0,0
2020-07-21,5+1,177754.54,3,0,0
2020-07-21,5+0,41544.16,3,0,0
2020-07-21,4+2,1049.18,37,3,0
2020-07-21,4+1,128.84,555,50,0
2020-07-21,3+2,52.97,1427,149,0
2020-07-21,4+0,44.12,1204,103,0
2020-07-21,2+2,12.34,21507,2388,0
2020-07-21,3+1,11.00,26912,2665,0
2020-07-21,3+0,9.72,56710,5689,0
2020-07-21,1+2,6.21,107554,11517,0
2020-07-21,2+1,5.26,399902,41586,0
2020-07-21,2+0,4.07,832577,86679,0
2020-07-24,5+2,17000000.00,0,0,1
2020-07-24,5+1,205961.33,3,0,0
2020-07-24,5+0,20629.95,7,2,0
2020-07-24,4+2,1955.65,23,3,0
2020-07-24,4+1,149.29,555,36,0
2020-07-24,3+2,82.79,1058,91,0
2020-07-24,4+0,38.59,1595,228,0
2020-07-24,2+2,18.45,16672,1633,0
2020-07-24,3+1,12.58,27279,3184,0
2020-07-24,3+0,8.78,72778,9637,0
2020-07-24,1+2,9.10,84996,8217,0
2020-07-24,2+1,5.85,416403,47041,0
2020-07-24,2+0,3.48,1125472,146815,0
2020-07-28,5+2,26261754.00,0,0,1
2020-07-28,5+1,120865.88,4,0,0
2020-07-28,5+0,16141.91,7,0,0
2020-07-28,4+2,799.87,44,8,0
2020-07-28,4+1,87.49,741,92,0
2020-07-28,3+2,32.74,2093,209,0
2020-07-28,4+0,34.54,1394,170,0
2020-07-28,2+2,8.44,28516,3290,0
2020-07-28,3+1,8.21,32694,3937,0
2020-07-28,3+0,8.29,60275,7179,0
2020-07-28,1+2,4.46,135763,14781,0
2020-07-28,2+1,4.38,434961,50974,0
2020-07-28,2+0,3.71,826953,95997,0
2020-07-31,5+2,38953665.25,0,0,1
2020-07-31,5+1,0.00,0,0,0
2020-07-31,5+0,136226.51,6,0,0
2020-07-31,4+2,1786.26,27,3,0
2020-07-31,4+1,167.94,529,41,0
2020-07-31,3+2,62.36,1506,184,0
2020-07-31,4+0,53.83,1226,109,0
2020-07-31,2+2,13.56,24333,3179,0
2020-07-31,3+1,13.24,27797,2820,0
2020-07-31,3+0,11.77,58195,5685,0
2020-07-31,1+2,5.69,145640,20477,0
2020-07-31,2+1,5.80,450152,51085,0
2020-07-31,2+0,4.58,919223,93641,0
2020-08-04,5+2,49112673.00,0,0,1
2020-08-04,5+1,265150.09,2,0,0
2020-08-04,5+0,123939.89,1,0,0
2020-08-04,4+2,941.56,41,7,0
2020-08-04,4+1,105.50,674,89,0
2020-08-04,3+2,38.89,1933,276,0
2020-08-04,4+0,44.31,1192,119,0
2020-08-04,2+2,9.41,28050,3945,0
2020-08-04,3+1,9.33,31560,3950,0
2020-08-04,3+0,8.81,62253,6681,0
2020-08-04,1+2,4.70,141282,19568,0
2020-08-04,2+1,4.89,427402,50396,0
2020-08-04,2+0,3.99,843157,84210,0
2020-08-07,5+2,64058391.05,0,0,1
2020-08-07,5+1,195041.62,4,1,0
2020-08-07,5+0,26048.25,7,0,0
2020-08-07,4+2,1577.60,36,1,0
2020-08-07,4+1,170.39,614,53,0
2020-08-07,3+2,72.95,1516,136,0
2020-08-07,4+0,50.69,1533,146,0
2020-08-07,2+2,16.63,23353,2086,0
2020-08-07,3+1,13.47,32163,3057,0
2020-08-07,3+0,10.58,76263,7795,0
2020-08-07,1+2,7.55,129363,11707,0
2020-08-07,2+1,6.18,497396,49865,0
2020-08-07,2+0,4.13,1199060,127432,0
2020-08-11,5+2,73494414.41,0,0,1
2020-08-11,5+1,293190.72,2,0,0
2020-08-11,5+0,68523.50,2,0,0
2020-08-11,4+2,1376.99,31,7,0
2020-08-11,4+1,148.36,530,56,0
2020-08-11,3+2,48.16,1726,214,0
2020-08-11,4+0,47.22,1237,121,0
2020-08-11,2+2,11.09,26334,3086,0
2020-08-11,3+1,11.80,27592,2988,0
2020-08-11,3+0,10.15,59707,6215,0
2020-08-11,1+2,5.09,144296,16920,0
2020-08-11,2+1,5.31,435472,48160,0
2020-08-11,2+0,4.06,916256,95853,0
2020-08-14,5+2,86162555.12,0,0,1
2020-08-14,5+1,157446.89,5,0,0
2020-08-14,5+0,36797.93,5,1,0
2020-08-14,4+2,2387.84,24,2,0
2020-08-14,4+1,157.56,670,68,0
2020-08-14,3+2,77.01,1449,124,0
2020-08-14,4+0,43.32,1810,189,0
2020-08-14,2+2,18.55,21133,1901,0
2020-08-14,3+1,12.83,34068,3253,0
2020-08-14,3+0,8.87,91743,10129,0
2020-08-14,1+2,8.83,111645,9868,0
2020-08-14,2+1,6.08,510793,48675,0
2020-08-14,2+0,3.70,1349713,145054,0
2020-08-18,5+2,96747721.25,0,0,1
2020-08-18,5+1,131558.49,5,0,0
2020-08-18,5+0,30747.38,5,1,0
2020-08-18,4+2,1596.17,30,1,0
2020-08-18,4+1,118.24,746,51,0
2020-08-18,3+2,68.87,1354,120,0
2020-08-18,4+0,34.36,1907,155,0
2020-08-18,2+2,17.70,18506,1646,0
2020-08-18,3+1,11.14,32782,3076,0
2020-08-18,3+0,8.45,80439,6970,0
2020-08-18,1+2,8.55,96316,8910,0
2020-08-18,2+1,5.67,457082,45129,0
2020-08-18,2+0,3.74,1116083,102356,0
2020-08-21,5+2,111858946.00,0,0,1
2020-08-21,5+1,156509.11,6,2,0
2020-08-21,5+0,24385.83,9,2,0
2020-08-21,4+2,1454.47,47,9,0
2020-08-21,4+1,126.81,993,152,0
2020-08-21,3+2,51.00,2610,496,0
2020-08-21,4+0,47.29,1978,254,0
2020-08-21,2+2,11.25,41568,7345,0
2020-08-21,3+1,11.62,44889,6285,0
2020-08-21,3+0,10.84,89552,10373,0
2020-08-21,1+2,5.35,219696,33598,0
2020-08-21,2+1,5.45,679218,88834,0
2020-08-21,2+0,4.37,1364172,149796,0
2020-08-25,5+2,125020060.00,0,0,1
2020-08-25,5+1,163573.84,5,1,0
2020-08-25,5+0,17377.22,11,1,0
2020-08-25,4+2,1266.77,47,0,0
2020-08-25,4+1,116.18,944,69,0
2020-08-25,3+2,66.40,1746,134,0
2020-08-25,4+0,39.99,2037,145,0
2020-08-25,2+2,16.05,25376,1881,0
2020-08-25,3+1,11.35,40006,2987,0
2020-08-25,3+0,9.11,92808,7130,0
2020-08-25,1+2,7.71,132800,10562,0
2020-08-25,2+1,5.71,564682,46060,0
2020-08-25,2+0,3.86,1345481,110847,0
2020-08-28,5+2,142306851.00,0,0,1
2020-08-28,5+1,119361.17,9,3,0
2020-08-28,5+0,13948.33,18,2,0
2020-08-28,4+2,751.94,104,14,0
2020-08-28,4+1,83.22,1731,163,0
2020-08-28,3+2,36.76,4142,460,0
2020-08-28,4+0,33.15,3228,310,0
2020-08-28,2+2,9.49,56369,6110,0
2020-08-28,3+1,8.14,73247,7581,0
2020-08-28,3+0,8.35,132973,12699,0
2020-08-28,1+2,5.14,261389,26792,0
2020-08-28,2+1,4.34,974840,100985,0
2020-08-28,2+0,3.76,1815616,179875,0
2020-09-01,5+2,157170843.00,1,0,0
2020-09-01,5+1,153948.48,6,1,0
2020-09-01,5+0,35980.29,6,2,0
2020-09-01,4+2,1528.22,44,8,0
2020-09-01,4+1,123.12,1006,115,0
2020-09-01,3+2,66.36,1973,209,0
2020-09-01,4+0,44.88,2050,189,0
2020-09-01,2+2,15.91,28911,3176,0
2020-09-01,3+1,11.21,45746,4953,0
2020-09-01,3+0,9.52,100330,10336,0
2020-09-01,1+2,7.60,152250,15763,0
2020-09-01,2+1,5.57,654019,69501,0
2020-09-01,2+0,3.94,1486934,149953,0
2020-09-04,5+2,17000000.00,0,0,1
2020-09-04,5+1,176702.35,4,0,0
2020-09-04,5+0,20649.12,8,0,0
2020-09-04,4+2,1354.04,38,3,0
2020-09-04,4+1,140.62,674,65,0
2020-09-04,3+2,53.69,1866,180,0
2020-09-04,4+0,46.94,1500,151,0
2020-09-04,2+2,12.16,28936,2919,0
2020-09-04,3+1,12.14,32338,3365,0
2020-09-04,3+0,10.73,68089,7777,0
2020-09-04,1+2,5.40,163884,16723,0
2020-09-04,2+1,5.67,491615,53165,0
2020-09-04,2+0,4.43,1013742,117950,0
2020-09-08,5+2,27031840.00,0,0,1
2020-09-08,5+1,261831.02,2,0,0
2020-09-08,5+0,30597.11,4,0,0
2020-09-08,4+2,1657.43,23,2,0
2020-09-08,4+1,164.07,428,47,0
2020-09-08,3+2,90.42,821,84,0
2020-09-08,4+0,52.85,987,100,0
2020-09-08,2+2,20.95,12450,1170,0
2020-09-08,3+1,14.23,20444,2151,0
2020-09-08,3+0,11.13,48658,5171,0
2020-09-08,1+2,9.58,68440,6462,0
2020-09-08,2+1,6.45,320138,34132,0
2020-09-08,2+0,4.24,783822,87252,0
2020-09-11,5+2,40532810.40,0,0,1
2020-09-11,5+1,352375.32,2,0,0
2020-09-11,5+0,20588.97,8,2,0
2020-09-11,4+2,2052.14,25,8,0
2020-09-11,4+1,162.94,580,76,0
2020-09-11,3+2,94.69,1055,103,0
2020-09-11,4+0,49.23,1426,164,0
2020-09-11,2+2,21.63,16223,1522,0
2020-09-11,3+1,15.18,25778,2508,0
2020-09-11,3+0,11.59,62894,6604,0
2020-09-11,1+2,10.02,88055,8264,0
2020-09-11,2+1,7.13,389847,40203,0
2020-09-11,2+0,4.62,969300,106945,0
2020-09-15,5+2,51364535.00,0,0,1
2020-09-15,5+1,188472.00,3,0,0
2020-09-15,5+0,18878.14,7,0,0
2020-09-15,4+2,1143.34,36,8,0
2020-09-15,4+1,115.75,655,79,0
2020-09-15,3+2,52.01,1541,197,0
2020-09-15,4+0,41.90,1344,148,0
2020-09-15,2+2,12.77,22037,2690,0
2020-09-15,3+1,10.70,29331,3251,0
2020-09-15,3+0,9.69,60360,6357,0
2020-09-15,1+2,6.24,113496,13275,0
2020-09-15,2+1,5.37,414876,45757,0
2020-09-15,2+0,4.11,873152,91766,0
2020-09-18,5+2,67276035.00,0,0,1
2020-09-18,5+1,166116.06,5,0,0
2020-09-18,5+0,32353.38,6,1,0
2020-09-18,4+2,991.20,61,9,0
2020-09-18,4+1,96.18,1158,110,0
2020-09-18,3+2,48.53,2426,239,0
2020-09-18,4+0,33.96,2436,283,0
2020-09-18,2+2,12.41,33330,2979,0
2020-09-18,3+1,9.82,46944,4502,0
2020-09-18,3+0,8.46,101487,10144,0
2020-09-18,1+2,6.23,166868,14742,0
2020-09-18,2+1,5.06,646705,61572,0
2020-09-18,2+0,3.85,1368514,133662,0
2020-09-22,5+2,77251357.00,0,0,1
2020-09-22,5+1,123979.00,5,0,0
2020-09-22,5+0,48293.22,3,0,0
2020-09-22,4+2,2148.87,21,2,0
2020-09-22,4+1,138.54,600,73,0
2020-09-22,3+2,68.38,1285,133,0
2020-09-22,4+0,42.79,1443,200,0
2020-09-22,2+2,15.42,20023,2030,0
2020-09-22,3+1,12.64,27225,2998,0
2020-09-22,3+0,9.96,64322,7829,0
2020-09-22,1+2,7.23,107403,10744,0
2020-09-22,2+1,6.04,404454,42396,0
2020-09-22,2+0,4.17,944456,104545,0
2020-09-25,5+2,130000000.00,1,0,0
2020-09-25,5+1,247047.86,5,1,0
2020-09-25,5+0,11547.83,25,4,0
2020-09-25,4+2,1152.84,78,4,0
2020-09-25,4+1,104.17,1590,145,0
2020-09-25,3+2,55.37,3162,275,0
2020-09-25,4+0,33.31,3694,331,0
2020-09-25,2+2,13.85,44420,4083,0
2020-09-25,3+1,10.78,63635,6171,0
2020-09-25,3+0,8.97,142425,13811,0
2020-09-25,1+2,6.52,237240,21500,0
2020-09-25,2+1,5.61,867562,82769,0
2020-09-25,2+0,4.08,1921549,187036,0
2020-09-29,5+2,17000000.00,0,0,1
2020-09-29,5+1,511878.39,1,0,0
2020-09-29,5+0,19939.06,6,0,0
2020-09-29,4+2,2328.94,16,0,0
2020-09-29,4+1,152.53,450,48,0
2020-09-29,3+2,84.67,857,80,0
2020-09-29,4+0,35.65,1430,218,0
2020-09-29,2+2,21.26,11989,1153,0
2020-09-29,3+1,14.43,19701,2106,0
2020-09-29,3+0,8.86,59701,7491,0
2020-09-29,1+2,10.00,64119,6227,0
2020-09-29,2+1,7.24,278746,26983,0
2020-09-29,2+0,3.77,862108,100551,0
2020-10-02,5+2,30627859.00,1,0,0
2020-10-02,5+1,88921.77,8,0,0
2020-10-02,5+0,20782.48,8,0,0
2020-10-02,4+2,1078.87,48,8,0
2020-10-02,4+1,125.19,762,90,0
2020-10-02,3+2,45.94,2195,290,0
2020-10-02,4+0,47.18,1502,184,0
2020-10-02,2+2,10.96,32321,3972,0
2020-10-02,3+1,11.38,34706,4393,0
2020-10-02,3+0,10.06,73110,8849,0
2020-10-02,1+2,5.25,169534,20410,0
2020-10-02,2+1,5.35,524166,62986,0
2020-10-02,2+0,4.16,1086594,125020,0
2020-10-06,5+2,17000000.00,0,0,1
2020-10-06,5+1,165112.69,3,0,0
2020-10-06,5+0,23153.73,5,0,0
2020-10-06,4+2,2253.69,16,5,0
2020-10-06,4+1,168.16,395,38,0
2020-10-06,3+2,79.16,887,88,0
2020-10-06,4+0,52.32,943,85,0
2020-10-06,2+2,18.89,13056,1222,0
2020-10-06,3+1,14.29,19244,1828,0
2020-10-06,3+0,11.64,43992,4369,0
2020-10-06,1+2,8.48,73158,7137,0
2020-10-06,2+1,6.62,295086,28978,0
2020-10-06,2+0,4.58,686274,69818,0
2020-10-09,5+2,30301316.05,0,0,1
2020-10-09,5+1,347164.34,2,0,0
2020-10-09,5+0,54092.01,3,0,0
2020-10-09,4+2,1148.75,44,13,0
2020-10-09,4+1,137.53,677,99,0
2020-10-09,3+2,49.38,1993,371,0
2020-10-09,4+0,50.67,1365,143,0
2020-10-09,2+2,10.89,31728,5581,0
2020-10-09,3+1,12.25,31487,4485,0
2020-10-09,3+0,11.47,62584,7228,0
2020-10-09,1+2,4.82,180330,28948,0
2020-10-09,2+1,5.73,477696,66392,0
2020-10-09,2+0,4.55,969596,111172,0
2020-10-13,5+2,40315607.15,0,0,1
2020-10-13,5+1,522745.99,1,0,0
2020-10-13,5+0,122174.35,1,0,0
2020-10-13,4+2,2002.85,19,1,0
2020-10-13,4+1,170.97,410,48,0
2020-10-13,3+2,78.08,949,91,0
2020-10-13,4+0,48.80,1067,142,0
2020-10-13,2+2,20.46,12725,1144,0
2020-10-13,3+1,14.58,19911,2047,0
2020-10-13,3+0,10.55,51243,6279,0
2020-10-13,1+2,9.04,72442,6453,0
2020-10-13,2+1,6.96,296170,28840,0
2020-10-13,2+0,4.30,772207,85875,0
2020-10-16,5+2,54453448.45,0,0,1
2020-10-16,5+1,737995.31,1,0,0
2020-10-16,5+0,34496.33,5,1,0
2020-10-16,4+2,1074.47,50,6,0
2020-10-16,4+1,143.21,691,93,0
2020-10-16,3+2,61.79,1693,230,0
2020-10-16,4+0,51.05,1440,166,0
2020-10-16,2+2,13.79,26653,3202,0
2020-10-16,3+1,13.06,31378,3991,0
2020-10-16,3+0,11.23,67950,8491,0
2020-10-16,1+2,5.87,157351,17844,0
2020-10-16,2+1,5.98,486562,58229,0
2020-10-16,2+0,4.55,1029066,119606,0
2020-10-20,5+2,65338543.00,0,0,1
2020-10-20,5+1,189400.64,3,0,0
2020-10-20,5+0,18971.16,7,1,0
2020-10-20,4+2,1798.40,23,3,0
2020-10-20,4+1,130.02,586,59,0
2020-10-20,3+2,69.98,1151,110,0
2020-10-20,4+0,44.01,1286,124,0
2020-10-20,2+2,15.71,18004,1712,0
2020-10-20,3+1,11.24,28060,2846,0
2020-10-20,3+0,9.98,58880,5842,0
2020-10-20,1+2,7.28,97757,9214,0
2020-10-20,2+1,5.25,426910,43295,0
2020-10-20,2+0,4.11,878501,88087,0
2020-10-23,5+2,77965255.25,0,0,1
2020-10-23,5+1,261553.32,3,1,0
2020-10-23,5+0,7053.38,26,5,0
2020-10-23,4+2,1842.60,31,2,0
2020-10-23,4+1,74.62,1410,174,0
2020-10-23,3+2,69.00,1612,147,0
2020-10-23,4+0,23.16,3375,422,0
2020-10-23,2+2,17.27,22625,2034,0
2020-10-23,3+1,8.77,49699,6161,0
2020-10-23,3+0,6.50,124813,15416,0
2020-10-23,1+2,8.87,110757,9723,0
2020-10-23,2+1,4.97,622490,73417,0
2020-10-23,2+0,3.21,1551438,184173,0
2020-10-27,5+2,87757466.00,1,0,0
2020-10-27,5+1,152128.98,4,1,0
2020-10-27,5+0,15802.24,9,2,0
2020-10-27,4+2,1845.75,24,3,0
2020-10-27,4+1,111.02,735,77,0
2020-10-27,3+2,74.88,1152,83,0
2020-10-27,4+0,32.43,1869,179,0
2020-10-27,2+2,17.81,17011,1300,0
2020-10-27,3+1,11.05,30567,3063,0
2020-10-27,3+0,8.27,76077,7805,0
2020-10-27,1+2,8.73,87237,6915,0
2020-10-27,2+1,5.69,421362,41956,0
2020-10-27,2+0,3.68,1050009,106270,0
2020-10-30,5+2,17000000.00,0,0,1
2020-10-30,5+1,163187.02,4,1,0
2020-10-30,5+0,19069.74,8,2,0
2020-10-30,4+2,879.96,54,11,0
2020-10-30,4+1,83.60,1047,153,0
2020-10-30,3+2,36.48,2536,329,0
2020-10-30,4+0,31.21,2083,257,0
2020-10-30,2+2,9.63,33733,4230,0
2020-10-30,3+1,8.80,41198,5028,0
2020-10-30,3+0,8.03,83988,9881,0
2020-10-30,1+2,4.94,165331,20518,0
2020-10-30,2+1,4.75,541770,65670,0
2020-10-30,2+0,3.75,1105289,128491,0
2020-11-03,5+2,26511570.20,0,0,1
2020-11-03,5+1,70929.13,7,2,0
2020-11-03,5+0,8288.65,14,1,0
2020-11-03,4+2,840.55,43,4,0
2020-11-03,4+1,59.02,1128,108,0
2020-11-03,3+2,42.29,1664,159,0
2020-11-03,4+0,25.50,1939,197,0
2020-11-03,2+2,11.76,21016,2127,0
2020-11-03,3+1,7.04,39142,4155,0
2020-11-03,3+0,7.35,69786,7332,0
2020-11-03,1+2,6.27,99060,9706,0
2020-11-03,2+1,4.16,470113,49875,0
2020-11-03,2+0,3.62,869851,92529,0
2020-11-06,5+2,39829739.35,0,0,1
2020-11-06,5+1,347604.21,2,0,0
2020-11-06,5+0,27080.27,6,3,0
2020-11-06,4+2,1234.36,41,7,0
2020-11-06,4+1,128.58,725,84,0
2020-11-06,3+2,73.76,1336,138,0
2020-11-06,4+0,46.54,1488,168,0
2020-11-06,2+2,16.34,21182,2290,0
2020-11-06,3+1,12.01,32150,3458,0
2020-11-06,3+0,9.98,72026,8040,0
2020-11-06,1+2,7.71,112945,12349,0
2020-11-06,2+1,5.65,484902,52820,0
2020-11-06,2+0,4.04,1091274,119601,0
2020-11-10,5+2,50553655.00,0,0,1
2020-11-10,5+1,279894.19,2,0,0
2020-11-10,5+0,43610.58,3,0,0
2020-11-10,4+2,1940.51,21,2,0
2020-11-10,4+1,141.90,529,65,0
2020-11-10,3+2,73.20,1084,96,0
2020-11-10,4+0,41.00,1360,157,0
2020-11-10,2+2,18.42,15129,1471,0
2020-11-10,3+1,11.85,26244,2686,0
2020-11-10,3+0,9.23,62688,6149,0
2020-11-10,1+2,8.83,79417,7528,0
2020-11-10,2+1,5.78,381713,40589,0
2020-11-10,2+0,3.83,927880,90986,0
2020-11-13,5+2,67599950.00,0,0,1
2020-11-13,5+1,222454.15,4,0,0
2020-11-13,5+0,7998.64,26,3,0
2020-11-13,4+2,1156.71,56,4,0
2020-11-13,4+1,89.85,1328,145,0
2020-11-13,3+2,60.85,2073,149,0
2020-11-13,4+0,26.99,3283,312,0
2020-11-13,2+2,16.21,27330,2307,0
2020-11-13,3+1,9.74,50710,4906,0
2020-11-13,3+0,7.32,125599,12487,0
2020-11-13,1+2,8.35,133357,11039,0
2020-11-13,2+1,5.44,644710,61335,0
2020-11-13,2+0,3.46,1633896,165962,0
2020-11-17,5+2,77412811.00,0,0,1
2020-11-17,5+1,609799.22,1,0,0
2020-11-17,5+0,35630.03,4,0,0
2020-11-17,4+2,965.03,46,4,0
2020-11-17,4+1,109.03,750,62,0
2020-11-17,3+2,45.59,1896,218,0
2020-11-17,4+0,38.54,1576,137,0
2020-11-17,2+2,11.42,26592,2888,0
2020-11-17,3+1,10.30,32885,3165,0
2020-11-17,3+0,8.93,70609,6826,0
2020-11-17,1+2,5.61,135999,15207,0
2020-11-17,2+1,5.17,464581,46077,0
2020-11-17,2+0,3.94,982134,95973,0
2020-11-20,5+2,130000000.00,0,0,1
2020-11-20,5+1,209127.72,6,2,0
2020-11-20,5+0,41894.22,7,0,0
2020-11-20,4+2,1497.42,61,8,0
2020-11-20,4+1,147.08,1144,121,0
2020-11-20,3+2,57.19,3110,408,0
2020-11-20,4+0,47.98,2605,250,0
2020-11-20,2+2,12.59,49635,6195,0
2020-11-20,3+1,13.10,53181,5611,0
2020-11-20,3+0,11.40,113770,11321,0
2020-11-20,1+2,5.26,298808,34940,0
2020-11-20,2+1,5.87,842595,87644,0
2020-11-20,2+0,4.60,1730636,163473,0
2020-11-24,5+2,144228546.00,0,0,1
2020-11-24,5+1,176840.49,5,0,0
2020-11-24,5+0,17221.05,12,2,0
2020-11-24,4+2,1609.18,40,3,0
2020-11-24,4+1,142.85,830,75,0
2020-11-24,3+2,77.61,1615,149,0
2020-11-24,4+0,43.77,2012,185,0
2020-11-24,2+2,18.48,23825,2014,0
2020-11-24,3+1,12.98,37825,3394,0
2020-11-24,3+0,10.16,90012,8243,0
2020-11-24,1+2,8.84,125229,10357,0
2020-11-24,2+1,6.31,552652,50904,0
2020-11-24,2+0,4.25,1321424,121439,0
2020-11-27,5+2,163105527.00,0,0,1
2020-11-27,5+1,391023.17,3,0,0
2020-11-27,5+0,9791.63,28,1,0
2020-11-27,4+2,948.84,90,4,0
2020-11-27,4+1,72.92,2157,214,0
2020-11-27,3+2,55.82,2979,280,0
2020-11-27,4+0,27.10,4312,397,0
2020-11-27,2+2,14.39,40603,3795,0
2020-11-27,3+1,8.44,77208,8024,0
2020-11-27,3+0,7.88,153979,14540,0
2020-11-27,1+2,7.48,196484,18536,0
2020-11-27,2+1,4.74,976295,100837,0
2020-11-27,2+0,3.72,1999670,189870,0
2020-12-01,5+2,178983729.24,0,0,1
2020-12-01,5+1,328905.62,3,0,0
2020-12-01,5+0,38435.33,6,0,0
2020-12-01,4+2,1355.28,53,4,0
2020-12-01,4+1,161.16,821,60,0
2020-12-01,3+2,75.69,1848,120,0
2020-12-01,4+0,49.97,1967,137,0
2020-12-01,2+2,18.64,26355,1578,0
2020-12-01,3+1,13.77,39794,2541,0
2020-12-01,3+0,10.50,97165,6801,0
2020-12-01,1+2,8.60,143597,8434,0
2020-12-01,2+1,6.41,606731,39939,0
2020-12-01,2+0,4.17,1502470,109244,0
2020-12-04,5+2,200000000.00,0,0,1
2020-12-04,5+1,1385679.23,6,1,0
2020-12-04,5+0,15425.57,26,1,0
2020-12-04,4+2,1643.70,76,7,0
2020-12-04,4+1,131.72,1747,149,0
2020-12-04,3+2,71.08,3422,269,0
2020-12-04,4+0,36.34,4703,489,0
2020-12-04,2+2,16.78,50925,3647,0
2020-12-04,3+1,12.30,77496,6238,0
2020-12-04,3+0,8.67,204601,19444,0
2020-12-04,1+2,7.91,271544,19589,0
2020-12-04,2+1,6.11,1107720,85348,0
2020-12-04,2+0,3.83,2840869,247103,0
2020-12-08,5+2,200000000.00,0,0,1
2020-12-08,5+1,5684144.43,4,1,0
2020-12-08,5+0,19431.33,16,3,0
2020-12-08,4+2,1489.81,65,2,0
2020-12-08,4+1,135.24,1319,111,0
2020-12-08,3+2,72.08,2616,150,0
2020-12-08,4+0,42.66,3106,231,0
2020-12-08,2+2,17.35,38177,2406,0
2020-12-08,3+1,12.55,58844,4611,0
2020-12-08,3+0,9.63,142857,10899,0
2020-12-08,1+2,8.19,203482,12975,0
2020-12-08,2+1,6.00,874394,67097,0
2020-12-08,2+0,3.96,2132408,170013,0
2020-12-11,5+2,200000000.00,1,0,0
2020-12-11,5+1,2364169.13,12,1,0
2020-12-11,5+0,22819.62,17,2,0
2020-12-11,4+2,1655.22,73,5,0
2020-12-11,4+1,98.01,2271,200,0
2020-12-11,3+2,62.51,3764,272,0
2020-12-11,4+0,31.32,5278,527,0
2020-12-11,2+2,16.26,50834,3480,0
2020-12-11,3+1,10.05,91723,8391,0
2020-12-11,3+0,7.83,219032,20325,0
2020-12-11,1+2,8.04,258453,17855,0
2020-12-11,2+1,5.34,1224812,108039,0
2020-12-11,2+0,3.64,2892569,257971,0
2020-12-15,5+2,17000000.00,0,0,1
2020-12-15,5+1,81129.18,7,0,0
2020-12-15,5+0,12066.23,11,2,0
2020-12-15,4+2,1968.65,21,3,0
2020-12-15,4+1,97.26,783,102,0
2020-12-15,3+2,62.74,1283,153,0
2020-12-15,4+0,29.66,1907,257,0
2020-12-15,2+2,15.51,18232,2126,0
2020-12-15,3+1,9.50,33176,4199,0
2020-12-15,3+0,7.65,76794,9750,0
2020-12-15,1+2,7.72,92101,10474,0
2020-12-15,2+1,5.08,441028,53217,0
2020-12-15,2+0,3.57,1008542,121200,0
2020-12-18,5+2,31733127.00,0,0,1
2020-12-18,5+1,192267.30,4,1,0
2020-12-18,5+0,17974.41,10,2,0
2020-12-18,4+2,699.82,80,6,0
2020-12-18,4+1,61.90,1666,206,0
2020-12-18,3+2,43.69,2495,288,0
2020-12-18,4+0,27.30,2806,370,0
2020-12-18,2+2,12.38,30918,3518,0
2020-12-18,3+1,6.80,62830,8207,0
2020-12-18,3+0,7.11,111763,13878,0
2020-12-18,1+2,6.78,142041,15607,0
2020-12-18,2+1,4.00,757863,93824,0
2020-12-18,2+0,3.51,1390130,164965,0
2020-12-22,5+2,43704037.00,1,0,0
2020-12-22,5+1,156220.36,4,0,0
2020-12-22,5+0,48681.69,3,0,0
2020-12-22,4+2,3032.63,15,2,0
2020-12-22,4+1,141.30,593,62,0
2020-12-22,3+2,69.58,1273,114,0
2020-12-22,4+0,43.37,1435,178,0
2020-12-22,2+2,16.94,18373,1747,0
2020-12-22,3+1,13.05,26586,2758,0
2020-12-22,3+0,9.75,66274,7304,0
2020-12-22,1+2,7.89,99104,9172,0
2020-12-22,2+1,6.11,403099,42258,0
2020-12-22,2+0,3.99,995329,113546,0
2020-12-25,5+2,17000000.00,0,0,1
2020-12-25,5+1,0.00,0,0,0
2020-12-25,5+0,207160.13,4,1,0
2020-12-25,4+2,888.99,55,8,0
2020-12-25,4+1,110.92,812,97,0
2020-12-25,3+2,40.39,2357,391,0
2020-12-25,4+0,41.48,1613,168,0
2020-12-25,2+2,10.14,32983,5228,0
2020-12-25,3+1,10.14,36790,4164,0
2020-12-25,3+0,9.84,70599,6692,0
2020-12-25,1+2,4.92,170909,24976,0
2020-12-25,2+1,4.96,533541,61235,0
2020-12-25,2+0,4.15,1026611,96948,0
2020-12-29,5+2,28138113.00,0,0,1
2020-12-29,5+1,581409.48,1,0,0
2020-12-29,5+0,33971.24,4,0,0
2020-12-29,4+2,1511.60,28,2,0
2020-12-29,4+1,154.38,505,46,0
2020-12-29,3+2,61.92,1331,167,0
2020-12-29,4+0,57.28,1011,115,0
2020-12-29,2+2,13.31,21753,2825,0
2020-12-29,3+1,12.92,24993,2718,0
2020-12-29,3+0,11.16,53878,5488,0
2020-12-29,1+2,5.81,125339,16306,0
2020-12-29,2+1,5.97,384162,44658,0
2020-12-29,2+0,4.53,814532,86244,0
2021-01-01,5+2,44958140.00,1,0,0
2021-01-01,5+1,109750.67,8,1,0
2021-01-01,5+0,20520.43,10,3,0
2021-01-01,4+2,1359.91,47,8,0
2021-01-01,4+1,116.80,1008,70,0
2021-01-01,3+2,66.24,1879,145,0
2021-01-01,4+0,35.91,2435,203,0
2021-01-01,2+2,15.43,28333,2160,0
2021-01-01,3+1,12.22,39885,2977,0
2021-01-01,3+0,9.44,96183,7798,0
2021-01-01,1+2,7.00,156929,12952,0
2021-01-01,2+1,6.13,565121,43604,0
2021-01-01,2+0,4.21,1323070,108093,0
2021-01-05,5+2,17000000.00,0,0,1
2021-01-05,5+1,131718.17,4,1,0
2021-01-05,5+0,0.00,0,0,0
2021-01-05,4+2,10093.34,16,4,0
2021-01-05,4+1,160.21,441,54,0
2021-01-05,3+2,70.86,1054,104,0
2021-01-05,4+0,54.05,971,101,0
2021-01-05,2+2,17.64,14869,1489,0
2021-01-05,3+1,12.92,22652,2280,0
2021-01-05,3+0,10.38,52480,5158,0
2021-01-05,1+2,7.58,87049,8981,0
2021-01-05,2+1,6.19,335506,33737,0
2021-01-05,2+0,4.41,759051,75026,0
2021-01-08,5+2,30824040.45,0,0,1
2021-01-08,5+1,180403.72,4,0,0
2021-01-08,5+0,28108.88,6,1,0
2021-01-08,4+2,1117.68,47,6,0
2021-01-08,4+1,133.84,723,57,0
2021-01-08,3+2,59.57,1717,171,0
2021-01-08,4+0,48.80,1473,117,0
2021-01-08,2+2,12.74,28209,2837,0
2021-01-08,3+1,12.60,31800,3145,0
2021-01-08,3+0,10.84,68850,6948,0
2021-01-08,1+2,5.90,153197,15902,0
2021-01-08,2+1,5.90,482668,47916,0
2021-01-08,2+0,4.33,1057516,110793,0
2021-01-12,5+2,41607178.20,0,0,1
2021-01-12,5+1,562879.79,1,0,0
2021-01-12,5+0,32888.57,4,1,0
2021-01-12,4+2,1639.03,25,1,0
2021-01-12,4+1,124.35,607,56,0
2021-01-12,3+2,57.65,1384,147,0
2021-01-12,4+0,40.13,1397,106,0
2021-01-12,2+2,13.48,20787,2056,0
2021-01-12,3+1,12.28,25458,2525,0
2021-01-12,3+0,10.30,56481,5513,0
2021-01-12,1+2,5.99,117669,11866,0
2021-01-12,2+1,5.76,385051,38508,0
2021-01-12,2+0,4.23,844610,84673,0
2021-01-15,5+2,56331898.10,0,0,1
2021-01-15,5+1,384315.18,2,0,0
2021-01-15,5+0,59880.52,3,0,0
2021-01-15,4+2,1271.68,44,3,0
2021-01-15,4+1,124.63,827,111,0
2021-01-15,3+2,63.09,1727,150,0
2021-01-15,4+0,38.82,1972,229,0
2021-01-15,2+2,15.65,24461,2110,0
2021-01-15,3+1,11.37,37538,4267,0
2021-01-15,3+0,9.08,87508,10290,0
2021-01-15,1+2,7.55,127458,10631,0
2021-01-15,2+1,5.59,541887,59819,0
2021-01-15,2+0,3.90,1251776,136032,0
2021-01-19,5+2,67733808.00,0,0,1
2021-01-19,5+1,99196.61,6,0,0
2021-01-19,5+0,34775.82,4,0,0
2021-01-19,4+2,1883.79,23,2,0
2021-01-19,4+1,146.17,546,29,0
2021-01-19,3+2,65.81,1282,104,0
2021-01-19,4+0,49.16,1206,74,0
2021-01-19,2+2,15.40,19246,1658,0
2021-01-19,3+1,12.00,27536,2336,0
2021-01-19,3+0,11.05,55707,4239,0
2021-01-19,1+2,7.18,103841,9076,0
2021-01-19,2+1,5.52,425335,39475,0
2021-01-19,2+0,4.48,843964,68078,0
2021-01-22,5+2,80566353.00,1,0,0
2021-01-22,5+1,797450.99,1,0,0
2021-01-22,5+0,93188.71,2,0,0
2021-01-22,4+2,1658.62,35,3,0
2021-01-22,4+1,148.11,722,58,0
2021-01-22,3+2,67.53,1674,122,0
2021-01-22,4+0,49.68,1599,111,0
2021-01-22,2+2,15.16,26200,2115,0
2021-01-22,3+1,12.04,36769,3110,0
2021-01-22,3+0,11.04,74683,6238,0
2021-01-22,1+2,6.89,144978,11741,0
2021-01-22,2+1,5.58,563565,46765,0
2021-01-22,2+0,4.47,1133936,96396,0
2021-01-26,5+2,17000000.00,0,0,1
2021-01-26,5+1,0.00,0,0,0
2021-01-26,5+0,122065.63,5,0,0
2021-01-26,4+2,1440.52,25,3,0
2021-01-26,4+1,111.49,595,53,0
2021-01-26,3+2,41.99,1670,178,0
2021-01-26,4+0,35.81,1376,120,0
2021-01-26,2+2,10.34,23815,2671,0
2021-01-26,3+1,10.55,26029,2511,0
2021-01-26,3+0,8.82,58012,5329,0
2021-01-26,1+2,4.97,124550,14518,0
2021-01-26,2+1,5.23,373011,37083,0
2021-01-26,2+0,3.81,824253,78265,0
2021-01-29,5+2,30681161.00,0,0,1
2021-01-29,5+1,238052.20,3,1,0
2021-01-29,5+0,41727.54,4,0,0
2021-01-29,4+2,1732.94,30,4,0
2021-01-29,4+1,143.58,667,53,0
2021-01-29,3+2,59.48,1702,161,0
2021-01-29,4+0,45.92,1549,128,0
2021-01-29,2+2,14.01,25376,2504,0
2021-01-29,3+1,11.76,33713,3201,0
2021-01-29,3+0,9.85,74940,7117,0
2021-01-29,1+2,6.75,132397,13042,0
2021-01-29,2+1,5.54,508307,49850,0
2021-01-29,2+0,4.02,1128677,109799,0
2021-02-02,5+2,41721143.00,0,0,1
2021-02-02,5+1,576287.01,1,0,0
2021-02-02,5+0,13468.77,10,3,0
2021-02-02,4+2,1498.28,28,2,0
2021-02-02,4+1,147.19,525,66,0
2021-02-02,3+2,82.93,985,84,0
2021-02-02,4+0,45.88,1251,124,0
2021-02-02,2+2,20.77,13819,1138,0
2021-02-02,3+1,13.59,23549,2322,0
2021-02-02,3+0,10.09,59074,6187,0
2021-02-02,1+2,9.44,76406,6322,0
2021-02-02,2+1,6.71,338644,31856,0
2021-02-02,2+0,4.36,838385,82850,0
2021-02-05,5+2,130000000.00,0,0,1
2021-02-05,5+1,151022.61,9,0,0
2021-02-05,5+0,26472.35,12,2,0
2021-02-05,4+2,875.62,113,10,0
2021-02-05,4+1,113.21,1610,115,0
2021-02-05,3+2,50.52,3814,308,0
2021-02-05,4+0,39.25,3449,274,0
2021-02-05,2+2,12.26,55212,5029,0
2021-02-05,3+1,10.96,68836,5593,0
2021-02-05,3+0,9.56,147030,12306,0
2021-02-05,1+2,5.93,287111,27961,0
2021-02-05,2+1,5.47,980351,83766,0
2021-02-05,2+0,4.09,2108737,178798,0
2021-02-09,5+2,145042671.00,0,0,1
2021-02-09,5+1,934794.52,1,0,0
2021-02-09,5+0,27309.61,8,0,0
2021-02-09,4+2,1215.18,56,4,0
2021-02-09,4+1,116.28,1078,99,0
2021-02-09,3+2,74.15,1787,124,0
2021-02-09,4+0,37.33,2494,215,0
2021-02-09,2+2,17.93,25963,1953,0
2021-02-09,3+1,10.85,47850,3760,0
2021-02-09,3+0,8.81,109736,9227,0
2021-02-09,1+2,8.69,134742,10420,0
2021-02-09,2+1,5.52,667850,55493,0
2021-02-09,2+0,3.82,1553129,135682,0
2021-02-12,5+2,164677184.00,0,0,1
2021-02-12,5+1,406714.91,3,0,0
2021-02-12,5+0,21935.99,13,0,0
2021-02-12,4+2,1480.37,60,3,0
2021-02-12,4+1,137.96,1186,108,0
2021-02-12,3+2,74.30,2328,197,0
2021-02-12,4+0,40.32,3014,292,0
2021-02-12,2+2,17.95,33839,2783,0
2021-02-12,3+1,11.98,56573,4957,0
2021-02-12,3+0,8.87,142207,13168,0
2021-02-12,1+2,8.59,177849,15209,0
2021-02-12,2+1,5.94,810020,74488,0
2021-02-12,2+0,3.78,2047679,193474,0
2021-02-16,5+2,180847515.00,0,0,1
2021-02-16,5+1,200974.11,5,0,0
2021-02-16,5+0,13814.98,17,2,0
2021-02-16,4+2,975.35,75,3,0
2021-02-16,4+1,88.94,1515,108,0
2021-02-16,3+2,51.99,2740,204,0
2021-02-16,4+0,31.24,3204,318,0
2021-02-16,2+2,12.86,38901,2929,0
2021-02-16,3+1,8.89,62736,5224,0
2021-02-16,3+0,8.35,124483,10568,0
2021-02-16,1+2,6.51,193196,14237,0
2021-02-16,2+1,4.66,850401,68846,0
2021-02-16,2+0,3.80,1678423,138193,0
2021-02-19,5+2,206564757.33,0,0,1
2021-02-19,5+1,177571.43,9,2,0
2021-02-19,5+0,24900.82,15,0,0
2021-02-19,4+2,1789.84,65,3,0
2021-02-19,4+1,130.27,1645,114,0
2021-02-19,3+2,69.49,3260,233,0
2021-02-19,4+0,43.99,3619,226,0
2021-02-19,2+2,16.96,46931,3235,0
2021-02-19,3+1,12.07,73511,5136,0
2021-02-19,3+0,9.96,165838,12152,0
2021-02-19,1+2,8.03,249124,16967,0
2021-02-19,2+1,5.89,1070213,80395,0
2021-02-19,2+0,4.14,2450775,195330,0
2021-02-23,5+2,210000000.00,0,0,1
2021-02-23,5+1,3519853.77,6,1,0
2021-02-23,5+0,37306.44,9,1,0
2021-02-23,4+2,1515.65,69,6,0
2021-02-23,4+1,115.91,1662,110,0
2021-02-23,3+2,64.61,3152,238,0
2021-02-23,4+0,36.98,3869,280,0
2021-02-23,2+2,15.53,46060,3813,0
2021-02-23,3+1,11.06,72114,5580,0
2021-02-23,3+0,9.21,161187,12976,0
2021-02-23,1+2,7.11,252839,21759,0
2021-02-23,2+1,5.65,1002759,82706,0
2021-02-23,2+0,4.07,2239261,183394,0
2021-02-26,5+2,210000000.00,1,0,0
2021-02-26,5+1,2494703.88,12,1,0
2021-02-26,5+0,11695.79,35,4,0
2021-02-26,4+2,1180.58,108,8,0
2021-02-26,4+1,97.62,2406,236,0
2021-02-26,3+2,52.16,4760,340,0
2021-02-26,4+0,32.19,5419,481,0
2021-02-26,2+2,13.83,63073,4793,0
2021-02-26,3+1,9.56,101722,9054,0
2021-02-26,3+0,7.97,227281,20120,0
2021-02-26,1+2,7.07,310363,23739,0
2021-02-26,2+1,5.18,1334324,117026,0
2021-02-26,2+0,3.64,3053393,276698,0
2021-03-02,5+2,17000000.00,0,0,1
2021-03-02,5+1,296930.72,2,0,0
2021-03-02,5+0,27759.04,5,1,0
2021-03-02,4+2,1441.04,30,2,0
2021-03-02,4+1,111.84,712,66,0
2021-03-02,3+2,54.77,1537,124,0
2021-03-02,4+0,40.24,1470,110,0
2021-03-02,2+2,13.84,21358,1943,0
2021-03-02,3+1,9.99,33011,2876,0
2021-03-02,3+0,9.46,64927,6146,0
2021-03-02,1+2,6.49,114577,11031,0
2021-03-02,2+1,4.96,471779,44962,0
2021-03-02,2+0,4.06,928312,91876,0
2021-03-05,5+2,32402008.05,0,0,1
2021-03-05,5+1,267994.94,3,0,0
2021-03-05,5+0,37580.89,5,0,0
2021-03-05,4+2,2544.67,23,0,0
2021-03-05,4+1,168.98,638,65,0
2021-03-05,3+2,78.54,1451,102,0
2021-03-05,4+0,59.85,1338,122,0
2021-03-05,2+2,17.57,22791,1813,0
2021-03-05,3+1,14.44,30928,3078,0
2021-03-05,3+0,12.21,68082,6899,0
2021-03-05,1+2,7.54,133487,11305,0
2021-03-05,2+1,6.34,499764,48561,0
2021-03-05,2+0,4.52,1129766,119457,0
2021-03-09,5+2,44153103.00,0,0,1
2021-03-09,5+1,306703.57,2,0,0
2021-03-09,5+0,28672.67,5,1,0
2021-03-09,4+2,1089.12,41,3,0
2021-03-09,4+1,172.44,477,40,0
2021-03-09,3+2,83.37,1043,108,0
2021-03-09,4+0,44.08,1386,145,0
2021-03-09,2+2,20.15,15161,1398,0
2021-03-09,3+1,14.57,23387,2038,0
2021-03-09,3+0,9.44,67182,7200,0
2021-03-09,1+2,9.54,80486,7462,0
2021-03-09,2+1,6.88,351440,32381,0
2021-03-09,2+0,3.76,1035128,113692,0
2021-03-12,5+2,60764885.45,0,0,1
2021-03-12,5+1,123876.43,7,2,0
2021-03-12,5+0,15589.51,13,1,0
2021-03-12,4+2,1803.56,35,0,0
2021-03-12,4+1,105.90,1098,76,0
2021-03-12,3+2,70.28,1749,158,0
2021-03-12,4+0,27.27,3167,332,0
2021-03-12,2+2,17.90,24117,2139,0
2021-03-12,3+1,10.86,44346,3753,0
2021-03-12,3+0,6.83,131304,13436,0
2021-03-12,1+2,9.03,120258,10759,0
2021-03-12,2+1,5.90,579055,51320,0
2021-03-12,2+0,3.27,1684823,177932,0
2021-03-16,5+2,73410604.25,0,0,1
2021-03-16,5+1,165026.63,4,0,0
2021-03-16,5+0,25712.96,6,0,0
2021-03-16,4+2,1201.34,40,2,0
2021-03-16,4+1,140.95,628,54,0
2021-03-16,3+2,55.50,1686,174,0
2021-03-16,4+0,48.28,1362,119,0
2021-03-16,2+2,13.06,25162,2755,0
2021-03-16,3+1,12.28,29856,2915,0
2021-03-16,3+0,10.49,65078,6261,0
2021-03-16,1+2,5.86,140955,15336,0
2021-03-16,2+1,5.83,446089,42853,0
2021-03-16,2+0,4.35,963090,92479,0
2021-03-19,5+2,87587639.27,0,0,1
2021-03-19,5+1,220250.36,4,2,0
2021-03-19,5+0,34317.42,6,0,0
2021-03-19,4+2,2466.70,26,3,0
2021-03-19,4+1,167.10,707,72,0
2021-03-19,3+2,81.78,1527,124,0
2021-03-19,4+0,48.22,1820,221,0
2021-03-19,2+2,19.28,22752,1956,0
2021-03-19,3+1,14.51,33727,3319,0
2021-03-19,3+0,10.29,88534,9921,0
2021-03-19,1+2,8.86,124513,10924,0
2021-03-19,2+1,6.55,530063,52312,0
2021-03-19,2+0,3.98,1406445,157367,0
2021-03-23,5+2,99009615.37,0,0,1
2021-03-23,5+1,236598.07,3,0,0
2021-03-23,5+0,20736.32,8,0,0
2021-03-23,4+2,1565.78,33,1,0
2021-03-23,4+1,151.56,628,47,0
2021-03-23,3+2,57.30,1756,147,0
2021-03-23,4+0,52.22,1354,94,0
2021-03-23,2+2,12.56,28140,2668,0
2021-03-23,3+1,13.05,30210,2538,0
2021-03-23,3+0,11.24,65288,5518,0
2021-03-23,1+2,5.49,161700,15446,0
2021-03-23,2+1,5.92,473034,42275,0
2021-03-23,2+0,4.55,990928,85180,0
2021-03-26,5+2,115321837.45,0,0,1
2021-03-26,5+1,202737.61,5,0,0
2021-03-26,5+0,11281.69,21,4,0
2021-03-26,4+2,1341.69,55,6,0
2021-03-26,4+1,134.19,1013,77,0
2021-03-26,3+2,55.37,2595,267,0
2021-03-26,4+0,46.72,2161,171,0
2021-03-26,2+2,12.47,40468,4814,0
2021-03-26,3+1,11.94,47140,4672,0
2021-03-26,3+0,10.46,100247,9420,0
2021-03-26,1+2,5.62,225736,27167,0
2021-03-26,2+1,5.58,716203,75925,0
2021-03-26,2+0,4.26,1509225,145806,0
2021-03-30,5+2,128213947.00,0,0,1
2021-03-30,5+1,200288.12,4,0,0
2021-03-30,5+0,46810.63,4,0,0
2021-03-30,4+2,1495.42,39,2,0
2021-03-30,4+1,140.43,765,57,0
2021-03-30,3+2,52.67,2156,176,0
2021-03-30,4+0,50.73,1573,125,0
2021-03-30,2+2,11.96,33349,3325,0
2021-03-30,3+1,11.88,37459,3448,0
2021-03-30,3+0,10.15,81606,7238,0
2021-03-30,1+2,5.50,182285,19216,0
2021-03-30,2+1,5.38,586711,56929,0
2021-03-30,2+0,4.03,1261780,119573,0
2021-04-02,5+2,144755907.00,1,0,0
2021-04-02,5+1,1027964.67,1,1,0
2021-04-02,5+0,30031.53,8,1,0
2021-04-02,4+2,1700.74,44,7,0
2021-04-02,4+1,135.81,1015,99,0
2021-04-02,3+2,58.33,2498,357,0
2021-04-02,4+0,47.69,2147,172,0
2021-04-02,2+2,13.34,38360,4889,0
2021-04-02,3+1,12.51,45644,4753,0
2021-04-02,3+0,11.19,95022,8200,0
2021-04-02,1+2,5.83,220716,26196,0
2021-04-02,2+1,5.83,694744,71989,0
2021-04-02,2+0,4.55,1435512,125297,0
2021-04-06,5+2,17000000.00,0,0,1
2021-04-06,5+1,171378.87,3,0,0
2021-04-06,5+0,60081.09,2,0,0
2021-04-06,4+2,1871.37,20,4,0
2021-04-06,4+1,163.76,421,45,0
2021-04-06,3+2,74.22,982,98,0
2021-04-06,4+0,53.79,952,100,0
2021-04-06,2+2,16.56,15459,1828,0
2021-04-06,3+1,13.04,21900,2676,0
2021-04-06,3+0,11.84,44909,5021,0
2021-04-06,1+2,7.26,88631,9327,0
2021-04-06,2+1,5.71,354897,42325,0
2021-04-06,2+0,4.69,696508,77036,0
2021-04-09,5+2,31216341.15,0,0,1
2021-04-09,5+1,247364.33,3,1,0
2021-04-09,5+0,13341.48,13,0,0
2021-04-09,4+2,2077.77,26,1,0
2021-04-09,4+1,128.07,777,92,0
2021-04-09,3+2,69.21,1520,178,0
2021-04-09,4+0,44.47,1662,163,0
2021-04-09,2+2,17.25,21426,2318,0
2021-04-09,3+1,11.81,34882,4188,0
2021-04-09,3+0,9.97,76962,8345,0
2021-04-09,1+2,8.11,114624,12468,0
2021-04-09,2+1,5.94,492560,55677,0
2021-04-09,2+0,4.23,1114677,120855,0
2021-04-13,5+2,42155143.20,0,0,1
2021-04-13,5+1,0.00,0,0,0
2021-04-13,5+0,78273.20,9,0,0
2021-04-13,4+2,1340.88,31,4,0
2021-04-13,4+1,142.85,536,40,0
2021-04-13,3+2,61.41,1318,138,0
2021-04-13,4+0,51.01,1115,101,0
2021-04-13,2+2,12.92,22013,2750,0
2021-04-13,3+1,13.17,24079,2328,0
2021-04-13,3+0,11.19,52748,5118,0
2021-04-13,1+2,5.36,133290,17470,0
2021-04-13,2+1,6.18,364122,38673,0
2021-04-13,2+0,4.51,804157,79511,0
2021-04-16,5+2,56913174.40,0,0,1
2021-04-16,5+1,154073.84,5,0,0
2021-04-16,5+0,36009.59,5,3,0
2021-04-16,4+2,1099.61,51,5,0
2021-04-16,4+1,134.68,767,85,0
2021-04-16,3+2,49.37,2212,320,0
2021-04-16,4+0,45.62,1682,148,0
2021-04-16,2+2,11.79,32527,4440,0
2021-04-16,3+1,11.78,36313,4059,0
2021-04-16,3+0,10.50,75862,7664,0
2021-04-16,1+2,5.35,180117,24290,0
2021-04-16,2+1,5.51,551262,61822,0
2021-04-16,2+0,4.30,1136433,113127,0
2021-04-20,5+2,68414615.00,1,0,0
2021-04-20,5+1,200125.05,3,1,0
2021-04-20,5+0,20045.36,7,1,0
2021-04-20,4+2,1560.90,28,0,0
2021-04-20,4+1,125.99,639,59,0
2021-04-20,3+2,74.59,1141,107,0
2021-04-20,4+0,38.14,1568,174,0
2021-04-20,2+2,18.77,15930,1381,0
2021-04-20,3+1,12.71,26236,2313,0
2021-04-20,3+0,8.97,69173,7015,0
2021-04-20,1+2,9.01,83399,7214,0
2021-04-20,2+1,6.41,369576,31395,0
2021-04-20,2+0,3.81,1000036,101321,0
2021-04-23,5+2,17000000.00,0,0,1
2021-04-23,5+1,136455.95,5,1,0
2021-04-23,5+0,17717.78,9,1,0
2021-04-23,4+2,730.40,68,10,0
2021-04-23,4+1,93.45,979,99,0
2021-04-23,3+2,35.86,2697,372,0
2021-04-23,4+0,31.09,2186,233,0
2021-04-23,2+2,9.05,37526,5274,0
2021-04-23,3+1,9.08,41712,4943,0
2021-04-23,3+0,7.58,93109,10356,0
2021-04-23,1+2,4.71,181368,25520,0
2021-04-23,2+1,4.85,555053,65443,0
2021-04-23,2+0,3.56,1216697,134205,0
2021-04-27,5+2,27232271.00,0,0,1
2021-04-27,5+1,267062.27,2,0,0
2021-04-27,5+0,124833.70,1,0,0
2021-04-27,4+2,1851.55,21,2,0
2021-04-27,4+1,146.17,490,34,0
2021-04-27,3+2,77.50,977,64,0
2021-04-27,4+0,45.01,1182,107,0
2021-04-27,2+2,18.70,14222,1139,0
2021-04-27,3+1,13.31,22290,1901,0
2021-04-27,3+0,9.40,58745,5441,0
2021-04-27,1+2,8.81,75911,6457,0
2021-04-27,2+1,6.37,330528,30564,0
2021-04-27,2+0,3.84,883871,88636,0
2021-04-30,5+2,43409687.00,0,0,1
2021-04-30,5+1,281487.03,3,0,0
2021-04-30,5+0,19736.44,10,0,0
2021-04-30,4+2,1117.71,55,6,0
2021-04-30,4+1,142.62,794,69,0
2021-04-30,3+2,63.94,1872,164,0
2021-04-30,4+0,43.45,1936,165,0
2021-04-30,2+2,15.62,26918,2254,0
2021-04-30,3+1,12.32,38059,3459,0
2021-04-30,3+0,9.60,90986,8368,0
2021-04-30,1+2,7.39,143162,11715,0
2021-04-30,2+1,5.98,556634,50172,0
2021-04-30,2+0,4.05,1322178,120074,0
2021-05-04,5+2,54222329.10,0,0,1
2021-05-04,5+1,188139.97,3,0,0
2021-05-04,5+0,10992.85,12,1,0
2021-05-04,4+2,1284.00,32,5,0
2021-05-04,4+1,112.96,670,70,0
2021-05-04,3+2,58.57,1366,144,0
2021-05-04,4+0,31.20,1802,201,0
2021-05-04,2+2,15.40,18248,1520,0
2021-05-04,3+1,10.67,29362,2842,0
2021-05-04,3+0,7.66,76213,8539,0
2021-05-04,1+2,7.68,91973,7661,0
2021-05-04,2+1,5.50,404486,38028,0
2021-05-04,2+0,3.53,1014527,107672,0
2021-05-07,5+2,69463976.00,1,1,0
2021-05-07,5+1,198903.48,4,1,0
2021-05-07,5+0,23243.51,8,2,0
2021-05-07,4+2,1485.08,39,7,0
2021-05-07,4+1,103.48,1031,164,0
2021-05-07,3+2,66.85,1687,171,0
2021-05-07,4+0,37.29,2125,277,0
2021-05-07,2+2,17.21,23019,2193,0
2021-05-07,3+1,10.56,41841,4949,0
2021-05-07,3+0,9.59,85768,8879,0
2021-05-07,1+2,7.86,126706,12325,0
2021-05-07,2+1,5.52,567932,61493,0
2021-05-07,2+0,4.29,1177496,114968,0
2021-05-11,5+2,17000000.00,0,0,1
2021-05-11,5+1,507955.63,1,0,0
2021-05-11,5+0,23743.52,5,0,0
2021-05-11,4+2,1946.19,19,3,0
2021-05-11,4+1,136.78,498,54,0
2021-05-11,3+2,72.15,998,84,0
2021-05-11,4+0,50.34,1005,96,0
2021-05-11,2+2,16.36,15462,1479,0
2021-05-11,3+1,12.32,22890,2442,0
2021-05-11,3+0,11.41,46031,4284,0
2021-05-11,1+2,7.19,88416,9266,0
2021-05-11,2+1,5.91,338989,35772,0
2021-05-11,2+0,4.78,674594,63781,0
2021-05-14,5+2,30241215.35,0,0,1
2021-05-14,5+1,172797.86,4,1,0
2021-05-14,5+0,23077.54,7,0,0
2021-05-14,4+2,1572.39,32,5,0
2021-05-14,4+1,115.86,800,93,0
2021-05-14,3+2,56.57,1732,177,0
2021-05-14,4+0,37.62,1830,209,0
2021-05-14,2+2,14.07,24464,2475,0
2021-05-14,3+1,10.80,35541,4005,0
2021-05-14,3+0,8.83,80947,9083,0
2021-05-14,1+2,7.42,116601,11019,0
2021-05-14,2+1,5.54,491563,53673,0
2021-05-14,2+0,3.87,1134203,126528,0
2021-05-18,5+2,40625089.00,0,0,1
2021-05-18,5+1,542038.19,1,1,0
2021-05-18,5+0,63341.62,2,0,0
2021-05-18,4+2,2192.15,18,2,0
2021-05-18,4+1,158.01,460,43,0
2021-05-18,3+2,85.37,900,79,0
2021-05-18,4+0,47.44,1138,113,0
2021-05-18,2+2,19.12,14120,1101,0
2021-05-18,3+1,13.95,21583,1893,0
2021-05-18,3+0,10.08,55601,5682,0
2021-05-18,1+2,8.94,75896,6217,0
2021-05-18,2+1,6.47,330144,30006,0
2021-05-18,2+0,3.96,869002,92574,0
2021-05-21,5+2,54934280.00,0,0,1
2021-05-21,5+1,149387.95,5,0,0
2021-05-21,5+0,34914.42,5,1,0
2021-05-21,4+2,1264.53,43,4,0
2021-05-21,4+1,118.96,842,88,0
2021-05-21,3+2,57.86,1830,165,0
2021-05-21,4+0,37.11,2005,210,0
2021-05-21,2+2,14.34,25929,2290,0
2021-05-21,3+1,10.50,39484,4158,0
2021-05-21,3+0,8.17,94556,10161,0
2021-05-21,1+2,7.02,133141,11742,0
2021-05-21,2+1,5.25,561023,60243,0
2021-05-21,2+0,3.60,1318698,147454,0
2021-05-25,5+2,65838496.00,0,0,1
2021-05-25,5+1,0.00,0,0,0
2021-05-25,5+0,234077.16,3,1,0
2021-05-25,4+2,1479.85,28,3,0
2021-05-25,4+1,138.78,550,61,0
2021-05-25,3+2,48.34,1669,203,0
2021-05-25,4+0,49.91,1136,88,0
2021-05-25,2+2,11.16,25385,3277,0
2021-05-25,3+1,11.63,27184,2718,0
2021-05-25,3+0,10.17,57873,5254,0
2021-05-25,1+2,5.12,139240,17129,0
2021-05-25,2+1,5.57,403152,41303,0
2021-05-25,2+0,4.14,872777,82801,0
2021-05-28,5+2,78620802.21,0,0,1
2021-05-28,5+1,198582.26,4,0,0
2021-05-28,5+0,23205.97,8,0,0
2021-05-28,4+2,2514.11,23,3,0
2021-05-28,4+1,159.69,667,51,0
2021-05-28,3+2,77.12,1460,132,0
2021-05-28,4+0,43.66,1812,173,0
2021-05-28,2+2,18.32,21591,1879,0
2021-05-28,3+1,14.06,31367,2847,0
2021-05-28,3+0,9.23,89013,9539,0
2021-05-28,1+2,8.34,119317,10254,0
2021-05-28,2+1,6.57,476856,43711,0
2021-05-28,2+0,3.70,1364346,147821,0
2021-06-01,5+2,88760288.00,0,0,1
2021-06-01,5+1,157524.14,4,0,0
2021-06-01,5+0,10518.85,14,3,0
2021-06-01,4+2,1764.19,26,4,0
2021-06-01,4+1,109.45,772,117,0
2021-06-01,3+2,59.23,1508,161,0
2021-06-01,4+0,41.10,1527,268,0
2021-06-01,2+2,13.97,22450,2061,0
2021-06-01,3+1,10.45,33487,3825,0
2021-06-01,3+0,9.74,66919,7901,0
2021-06-01,1+2,6.32,124879,11441,0
2021-06-01,2+1,5.18,479419,48473,0
2021-06-01,2+0,4.19,954097,99537,0
2021-06-04,5+2,130000000.00,1,0,0
2021-06-04,5+1,422567.42,3,0,0
2021-06-04,5+0,19752.19,15,2,0
2021-06-04,4+2,1337.46,69,6,0
2021-06-04,4+1,143.94,1181,109,0
2021-06-04,3+2,68.51,2623,244,0
2021-06-04,4+0,51.37,2458,188,0
2021-06-04,2+2,15.21,41510,3897,0
2021-06-04,3+1,12.90,54563,4815,0
2021-06-04,3+0,11.07,118452,10519,0
2021-06-04,1+2,6.84,232145,22204,0
2021-06-04,2+1,5.93,843437,77288,0
2021-06-04,2+0,4.38,1836279,171657,0
2021-06-08,5+2,17000000.00,0,0,1
2021-06-08,5+1,169023.94,3,0,0
2021-06-08,5+0,39503.68,3,0,0
2021-06-08,4+2,1272.87,29,2,0
2021-06-08,4+1,130.51,521,37,0
2021-06-08,3+2,55.21,1302,118,0
2021-06-08,4+0,45.87,1101,99,0
2021-06-08,2+2,12.47,20252,1850,0
2021-06-08,3+1,11.47,24558,2372,0
2021-06-08,3+0,10.91,48064,4745,0
2021-06-08,1+2,5.62,113013,10929,0
2021-06-08,2+1,5.44,367540,36242,0
2021-06-08,2+0,4.46,721818,73222,0
2021-06-11,5+2,30382655.00,1,0,0
2021-06-11,5+1,99796.37,7,0,0
2021-06-11,5+0,9604.02,17,2,0
2021-06-11,4+2,747.85,68,10,0
2021-06-11,4+1,80.75,1160,161,0
2021-06-11,3+2,47.27,2095,193,0
2021-06-11,4+0,28.41,2449,461,0
2021-06-11,2+2,13.13,26487,2500,0
2021-06-11,3+1,8.84,43854,5404,0
2021-06-11,3+0,7.72,93506,12322,0
2021-06-11,1+2,6.78,128929,11900,0
2021-06-11,2+1,5.00,551033,59987,0
2021-06-11,2+0,3.73,1189088,139698,0
2021-06-15,5+2,17000000.00,0,0,1
2021-06-15,5+1,241573.87,2,0,0
2021-06-15,5+0,18819.93,6,0,0
2021-06-15,4+2,1099.11,32,4,0
2021-06-15,4+1,89.11,727,90,0
2021-06-15,3+2,55.10,1243,152,0
2021-06-15,4+0,35.94,1339,147,0
2021-06-15,2+2,14.89,16157,1678,0
2021-06-15,3+1,8.80,30482,3496,0
2021-06-15,3+0,8.48,58911,6209,0
2021-06-15,1+2,7.28,83088,8733,0
2021-06-15,2+1,4.75,400903,43044,0
2021-06-15,2+0,3.97,771992,76596,0
2021-06-18,5+2,29998047.15,0,0,1
2021-06-18,5+1,96928.29,7,2,0
2021-06-18,5+0,19822.02,8,1,0
2021-06-18,4+2,809.71,61,17,0
2021-06-18,4+1,99.33,916,127,0
2021-06-18,3+2,37.42,2570,442,0
2021-06-18,4+0,37.38,1808,198,0
2021-06-18,2+2,9.95,33949,5595,0
2021-06-18,3+1,9.41,40030,5250,0
2021-06-18,3+0,9.17,76478,8144,0
2021-06-18,1+2,4.97,171005,27099,0
2021-06-18,2+1,4.82,554561,68990,0
2021-06-18,2+0,4.06,1061478,112007,0
2021-06-22,5+2,39918304.00,0,0,1
2021-06-22,5+1,517837.38,1,0,0
2021-06-22,5+0,40342.37,3,1,0
2021-06-22,4+2,1449.88,26,3,0
2021-06-22,4+1,129.31,537,56,0
2021-06-22,3+2,48.84,1503,191,0
2021-06-22,4+0,46.98,1098,93,0
2021-06-22,2+2,11.50,22412,2760,0
2021-06-22,3+1,11.17,25742,2965,0
2021-06-22,3+0,9.99,53604,5468,0
2021-06-22,1+2,5.34,121431,14925,0
2021-06-22,2+1,5.29,386296,43336,0
2021-06-22,2+0,4.10,801213,80362,0
2021-06-25,5+2,53683594.00,0,0,1
2021-06-25,5+1,0.00,0,0,0
2021-06-25,5+0,126640.66,7,1,0
2021-06-25,4+2,2179.50,24,4,0
2021-06-25,4+1,184.23,523,46,0
2021-06-25,3+2,86.54,1177,91,0
2021-06-25,4+0,59.50,1203,90,0
2021-06-25,2+2,19.51,18343,1565,0
2021-06-25,3+1,14.93,26737,2566,0
2021-06-25,3+0,11.72,63393,5945,0
2021-06-25,1+2,8.96,100417,8298,0
2021-06-25,2+1,6.55,432899,44465,0
2021-06-25,2+0,4.35,1049471,107765,0
2021-06-29,5+2,64340127.45,0,0,1
2021-06-29,5+1,111254.21,5,1,0
2021-06-29,5+0,26001.94,5,0,0
2021-06-29,4+2,736.26,55,9,0
2021-06-29,4+1,65.49,1139,137,0
2021-06-29,3+2,45.19,1745,179,0
2021-06-29,4+0,29.74,1863,176,0
2021-06-29,2+2,12.73,21751,2155,0
2021-06-29,3+1,8.43,36620,3667,0
2021-06-29,3+0,8.70,66073,5652,0
2021-06-29,1+2,6.66,104567,9950,0
2021-06-29,2+1,4.72,464731,46705,0
2021-06-29,2+0,4.01,881402,76886,0
2021-07-02,5+2,77959528.00,1,0,0
2021-07-02,5+1,423174.21,2,0,0
2021-07-02,5+0,28257.93,7,0,0
2021-07-02,4+2,1502.72,41,4,0
2021-07-02,4+1,117.12,969,112,0
2021-07-02,3+2,59.39,2020,159,0
2021-07-02,4+0,40.74,2069,238,0
2021-07-02,2+2,15.42,27338,1956,0
2021-07-02,3+1,11.08,42415,4031,0
2021-07-02,3+0,9.22,94868,9872,0
2021-07-02,1+2,7.29,145272,10863,0
2021-07-02,2+1,5.65,590518,52553,0
2021-07-02,2+0,4.08,1317318,129149,0
2021-07-06,5+2,17000000.00,1,0,0
2021-07-06,5+1,241620.43,2,0,0
2021-07-06,5+0,18823.55,6,1,0
2021-07-06,4+2,1529.49,23,3,0
2021-07-06,4+1,110.96,584,58,0
2021-07-06,3+2,62.10,1103,110,0
2021-07-06,4+0,33.97,1417,163,0
2021-07-06,2+2,15.93,15104,1483,0
2021-07-06,3+1,10.34,25950,2663,0
2021-07-06,3+0,7.86,63521,6935,0
2021-07-06,1+2,7.95,76100,7680,0
2021-07-06,2+1,5.34,356761,36970,0
2021-07-06,2+0,3.53,870053,96347,0
2021-07-09,5+2,17000000.00,0,0,1
2021-07-09,5+1,319379.49,2,1,0
2021-07-09,5+0,29857.70,5,2,0
2021-07-09,4+2,1499.99,31,2,0
2021-07-09,4+1,148.45,577,58,0
2021-07-09,3+2,69.33,1306,112,0
2021-07-09,4+0,48.27,1318,147,0
2021-07-09,2+2,17.58,18096,1648,0
2021-07-09,3+1,13.86,25590,2477,0
2021-07-09,3+0,10.78,61276,6198,0
2021-07-09,1+2,8.11,98577,9167,0
2021-07-09,2+1,6.40,393624,37985,0
2021-07-09,2+0,4.22,959979,101137,0
2021-07-13,5+2,26482986.00,1,0,0
2021-07-13,5+1,99002.36,5,0,0
2021-07-13,5+0,6805.43,17,1,0
2021-07-13,4+2,537.84,67,7,0
2021-07-13,4+1,53.83,1233,108,0
2021-07-13,3+2,41.86,1676,170,0
2021-07-13,4+0,19.06,2587,221,0
2021-07-13,2+2,12.71,19398,1898,0
2021-07-13,3+1,7.09,38766,4082,0
2021-07-13,3+0,6.30,81167,8471,0
2021-07-13,1+2,7.09,87429,8637,0
2021-07-13,2+1,4.26,458457,47609,0
2021-07-13,2+0,3.40,924406,95583,0
2021-07-16,5+2,17000000.00,0,0,1
2021-07-16,5+1,123838.48,5,0,0
2021-07-16,5+0,36178.86,4,0,0
2021-07-16,4+2,1609.83,28,5,0
2021-07-16,4+1,152.63,544,43,0
2021-07-16,3+2,69.55,1262,110,0
2021-07-16,4+0,53.91,1144,94,0
2021-07-16,2+2,17.12,18008,1679,0
2021-07-16,3+1,13.53,25421,2626,0
2021-07-16,3+0,11.24,56981,5634,0
2021-07-16,1+2,7.74,100104,9580,0
2021-07-16,2+1,6.26,390232,41555,0
2021-07-16,2+0,4.43,888347,92215,0
2021-07-20,5+2,26211196.00,0,0,1
2021-07-20,5+1,120206.10,4,1,0
2021-07-20,5+0,22475.31,5,0,0
2021-07-20,4+2,1250.09,28,4,0
2021-07-20,4+1,130.25,495,52,0
2021-07-20,3+2,47.17,1445,128,0
2021-07-20,4+0,42.35,1131,125,0
2021-07-20,2+2,11.71,20443,2073,0
2021-07-20,3+1,11.06,24133,2383,0
2021-07-20,3+0,9.66,51440,4913,0
2021-07-20,1+2,5.66,106277,11466,0
2021-07-20,2+1,5.31,357031,36486,0
2021-07-20,2+0,4.01,760337,77595,0
2021-07-23,5+2,38825770.00,0,0,1
2021-07-23,5+1,0.00,0,0,0
2021-07-23,5+0,116054.08,7,0,0
2021-07-23,4+2,1497.98,32,4,0
2021-07-23,4+1,167.55,527,61,0
2021-07-23,3+2,63.98,1459,195,0
2021-07-23,4+0,54.52,1203,164,0
2021-07-23,2+2,14.41,22745,2781,0
2021-07-23,3+1,12.31,29694,4061,0
2021-07-23,3+0,10.86,62673,8258,0
2021-07-23,1+2,6.40,128849,15649,0
2021-07-23,2+1,5.53,469135,57778,0
2021-07-23,2+0,4.25,982592,120335,0
2021-07-27,5+2,48844837.20,0,0,1
2021-07-27,5+1,130748.82,4,1,0
2021-07-27,5+0,5556.02,22,3,0
2021-07-27,4+2,1312.84,29,1,0
2021-07-27,4+1,100.04,701,54,0
2021-07-27,3+2,65.26,1136,95,0
2021-07-27,4+0,16.93,3077,363,0
2021-07-27,2+2,18.35,14194,1203,0
2021-07-27,3+1,10.86,26730,2301,0
2021-07-27,3+0,5.32,101650,11513,0
2021-07-27,1+2,9.50,68940,5776,0
2021-07-27,2+1,6.13,336665,29383,0
2021-07-27,2+0,2.87,1154418,128489,0
2021-07-30,5+2,62793085.25,0,0,1
2021-07-30,5+1,364049.27,2,0,0
2021-07-30,5+0,17016.86,10,1,0
2021-07-30,4+2,1432.52,37,6,0
2021-07-30,4+1,117.77,829,120,0
2021-07-30,3+2,58.44,1766,229,0
2021-07-30,4+0,41.75,1737,200,0
2021-07-30,2+2,14.60,24831,3029,0
2021-07-30,3+1,11.69,34600,4571,0
2021-07-30,3+0,9.75,77234,9139,0
2021-07-30,1+2,6.91,131983,15626,0
2021-07-30,2+1,5.71,502696,63219,0
2021-07-30,2+0,4.08,1133827,129371,0
2021-08-03,5+2,72123753.21,0,0,1
2021-08-03,5+1,193278.12,3,0,0
2021-08-03,5+0,19359.54,7,1,0
2021-08-03,4+2,1507.50,28,5,0
2021-08-03,4+1,136.41,570,52,0
2021-08-03,3+2,60.13,1367,119,0
2021-08-03,4+0,45.76,1262,104,0
2021-08-03,2+2,13.19,21882,2121,0
2021-08-03,3+1,11.43,28177,2679,0
2021-08-03,3+0,10.14,59138,6023,0
2021-08-03,1+2,6.68,108734,9576,0
2021-08-03,2+1,5.39,424487,42800,0
2021-08-03,2+0,4.03,913172,96993,0
2021-08-06,5+2,84880433.45,0,0,1
2021-08-06,5+1,99092.06,8,0,0
2021-08-06,5+0,10898.56,17,5,0
2021-08-06,4+2,1697.31,34,4,0
2021-08-06,4+1,91.95,1156,144,0
2021-08-06,3+2,67.57,1663,148,0
2021-08-06,4+0,22.23,3552,561,0
2021-08-06,2+2,17.69,22313,2056,0
2021-08-06,3+1,10.01,43955,4798,0
2021-08-06,3+0,6.73,121748,15709,0
2021-08-06,1+2,8.73,113718,10317,0
2021-08-06,2+1,5.70,548208,56404,0
2021-08-06,2+0,3.45,1458856,171322,0
2021-08-10,5+2,95302087.15,0,0,1
2021-08-10,5+1,0.00,0,0,0
2021-08-10,5+0,159798.69,5,0,0
2021-08-10,4+2,1746.13,27,2,0
2021-08-10,4+1,160.53,541,46,0
2021-08-10,3+2,62.71,1464,140,0
2021-08-10,4+0,55.66,1159,103,0
2021-08-10,2+2,13.14,24538,2192,0
2021-08-10,3+1,13.29,27053,2298,0
2021-08-10,3+0,11.57,57882,4938,0
2021-08-10,1+2,5.53,146686,13535,0
2021-08-10,2+1,6.15,414997,36814,0
2021-08-10,2+0,4.77,862282,75856,0
2021-08-13,5+2,113156128.00,1,0,0
2021-08-13,5+1,221900.22,5,1,0
2021-08-13,5+0,86436.22,3,0,0
2021-08-13,4+2,1835.64,44,2,0
2021-08-13,4+1,159.12,935,67,0
2021-08-13,3+2,78.32,2008,182,0
2021-08-13,4+0,51.45,2148,174,0
2021-08-13,2+2,18.21,30340,2824,0
2021-08-13,3+1,13.57,45411,3983,0
2021-08-13,3+0,10.62,108054,9640,0
2021-08-13,1+2,8.47,164079,15865,0
2021-08-13,2+1,6.27,698112,67025,0
2021-08-13,2+0,4.15,1697705,160625,0
2021-08-17,5+2,17000000.00,0,0,1
2021-08-17,5+1,478210.58,1,1,0
2021-08-17,5+0,18627.61,6,0,0
2021-08-17,4+2,2047.78,17,1,0
2021-08-17,4+1,161.93,396,42,0
2021-08-17,3+2,63.83,1062,105,0
2021-08-17,4+0,54.19,879,71,0
2021-08-17,2+2,14.33,16616,1657,0
2021-08-17,3+1,13.90,19110,1929,0
2021-08-17,3+0,12.12,40811,4045,0
2021-08-17,1+2,6.14,97577,10446,0
2021-08-17,2+1,6.32,298416,29998,0
2021-08-17,2+0,4.64,655080,69259,0
2021-08-20,5+2,29593864.00,0,0,1
2021-08-20,5+1,109566.61,6,2,0
2021-08-20,5+0,12803.76,12,2,0
2021-08-20,4+2,1139.44,42,4,0
2021-08-20,4+1,67.34,1309,159,0
2021-08-20,3+2,50.53,1844,219,0
2021-08-20,4+0,23.38,2801,364,0
2021-08-20,2+2,14.00,23380,2747,0
2021-08-20,3+1,7.93,46025,5801,0
2021-08-20,3+0,6.38,106470,14495,0
2021-08-20,1+2,7.76,106081,11791,0
2021-08-20,2+1,4.68,554276,66752,0
2021-08-20,2+0,3.19,1305852,162688,0
2021-08-24,5+2,39413483.00,0,0,1
2021-08-24,5+1,512584.11,1,0,0
2021-08-24,5+0,29949.83,4,2,0
2021-08-24,4+2,2665.32,14,3,0
2021-08-24,4+1,133.99,513,73,0
2021-08-24,3+2,66.78,1088,127,0
2021-08-24,4+0,46.37,1101,124,0
2021-08-24,2+2,16.33,15634,1577,0
2021-08-24,3+1,10.08,28240,4265,0
2021-08-24,3+0,9.35,56666,7232,0
2021-08-24,1+2,7.33,87604,8639,0
2021-08-24,2+1,6.00,337024,39068,0
2021-08-24,2+0,4.22,771144,86943,0
2021-08-27,5+2,53070091.00,0,0,1
2021-08-27,5+1,0.00,0,0,0
2021-08-27,5+0,146580.92,6,2,0
2021-08-27,4+2,1789.48,29,4,0
2021-08-27,4+1,185.98,514,46,0
2021-08-27,3+2,83.38,1212,132,0
2021-08-27,4+0,55.17,1287,132,0
2021-08-27,2+2,19.70,18015,1977,0
2021-08-27,3+1,14.76,26816,3025,0
2021-08-27,3+0,11.44,64454,7548,0
2021-08-27,1+2,9.07,98442,11074,0
2021-08-27,2+1,6.69,420407,49687,0
2021-08-27,2+0,4.34,1043071,124121,0
2021-08-31,5+2,21214762.00,3,0,0
2021-08-31,5+1,275986.45,2,0,0
2021-08-31,5+0,10750.43,12,2,0
2021-08-31,4+2,1255.68,32,5,0
2021-08-31,4+1,102.80,720,60,0
2021-08-31,3+2,58.04,1348,117,0
2021-08-31,4+0,29.57,1859,155,0
2021-08-31,2+2,14.89,18459,1559,0
2021-08-31,3+1,10.52,29147,2740,0
2021-08-31,3+0,7.78,73331,7427,0
2021-08-31,1+2,7.52,91842,7833,0
2021-08-31,2+1,5.46,398312,39924,0
2021-08-31,2+0,3.57,980564,104738,0
2021-09-03,5+2,17000000.00,0,0,1
2021-09-03,5+1,54980.56,12,2,0
2021-09-03,5+0,22028.33,7,0,0
2021-09-03,4+2,421.30,114,13,0
2021-09-03,4+1,65.58,1349,173,0
2021-09-03,3+2,18.96,4933,729,0
2021-09-03,4+0,31.87,2062,248,0
2021-09-03,2+2,5.73,57297,8540,0
2021-09-03,3+1,6.98,52470,6553,0
2021-09-03,3+0,7.88,86583,10081,0
2021-09-03,1+2,3.61,228457,31787,0
2021-09-03,2+1,4.12,630803,76781,0
2021-09-03,2+0,3.71,1128625,130342,0
2021-09-07,5+2,26572332.00,1,0,0
2021-09-07,5+1,166558.57,3,0,0
2021-09-07,5+0,16683.20,7,0,0
2021-09-07,4+2,887.19,41,5,0
2021-09-07,4+1,102.45,654,58,0
2021-09-07,3+2,41.20,1719,198,0
2021-09-07,4+0,39.16,1271,118,0
2021-09-07,2+2,10.13,24562,2636,0
2021-09-07,3+1,10.00,27743,2747,0
2021-09-07,3+0,10.25,50390,4647,0
2021-09-07,1+2,5.15,121431,12761,0
2021-09-07,2+1,4.97,396556,40403,0
2021-09-07,2+0,4.36,727146,70764,0
2021-09-10,5+2,17000000.00,0,0,1
2021-09-10,5+1,127306.66,5,0,0
2021-09-10,5+0,9298.02,16,4,0
2021-09-10,4+2,538.81,86,8,0
2021-09-10,4+1,83.03,1028,138,0
2021-09-10,3+2,31.56,2859,409,0
2021-09-10,4+0,27.06,2343,291,0
2021-09-10,2+2,8.71,36393,5001,0
2021-09-10,3+1,8.62,40988,5063,0
2021-09-10,3+0,7.11,92523,11003,0
2021-09-10,1+2,4.87,163738,23017,0
2021-09-10,2+1,4.72,531205,63721,0
2021-09-10,2+0,3.47,1163970,134868,0
2021-09-14,5+2,26452496.35,0,0,1
2021-09-14,5+1,164473.43,3,0,0
2021-09-14,5+0,115320.45,1,0,0
2021-09-14,4+2,1496.64,24,2,0
2021-09-14,4+1,139.29,475,48,0
2021-09-14,3+2,50.54,1384,162,0
2021-09-14,4+0,48.23,1019,94,0
2021-09-14,2+2,11.37,21603,2851,0
2021-09-14,3+1,12.42,22064,2385,0
2021-09-14,3+0,10.77,47353,4772,0
2021-09-14,1+2,5.16,119659,15567,0
2021-09-14,2+1,5.81,334955,36312,0
2021-09-14,2+0,4.36,719187,73168,0
2021-09-17,5+2,39791600.15,0,0,1
2021-09-17,5+1,348150.60,2,0,0
2021-09-17,5+0,12518.23,13,1,0
2021-09-17,4+2,817.55,62,8,0
2021-09-17,4+1,105.26,887,81,0
2021-09-17,3+2,41.40,2384,261,0
2021-09-17,4+0,34.13,2032,210,0
2021-09-17,2+2,11.59,29898,3342,0
2021-09-17,3+1,9.59,40330,4353,0
2021-09-17,3+0,7.46,96460,11103,0
2021-09-17,1+2,6.16,141575,15343,0
2021-09-17,2+1,4.98,551567,59098,0
2021-09-17,2+0,3.42,1291010,142775,0
2021-09-21,5+2,50323000.00,0,0,1
2021-09-21,5+1,274869.52,2,0,0
2021-09-21,5+0,42827.69,3,0,0
2021-09-21,4+2,1333.97,30,5,0
2021-09-21,4+1,118.71,621,78,0
2021-09-21,3+2,46.05,1692,217,0
2021-09-21,4+0,46.88,1168,101,0
2021-09-21,2+2,11.04,24791,3158,0
2021-09-21,3+1,11.68,26134,2752,0
2021-09-21,3+0,10.14,56056,5260,0
2021-09-21,1+2,5.06,136014,17904,0
2021-09-21,2+1,5.57,388839,42385,0
2021-09-21,2+0,4.14,842501,85975,0
2021-09-24,5+2,130000000.00,0,0,1
2021-09-24,5+1,259151.20,5,2,0
2021-09-24,5+0,23295.34,13,3,0
2021-09-24,4+2,1849.55,51,3,0
2021-09-24,4+1,130.94,1327,105,0
2021-09-24,3+2,72.31,2540,214,0
2021-09-24,4+0,32.85,3929,377,0
2021-09-24,2+2,17.73,36399,2683,0
2021-09-24,3+1,12.33,58376,4541,0
2021-09-24,3+0,8.09,165561,15637,0
2021-09-24,1+2,8.67,187120,13683,0
2021-09-24,2+1,6.35,804602,61091,0
2021-09-24,2+0,3.58,2298981,216092,0
2021-09-28,5+2,144513199.00,0,0,1
2021-09-28,5+1,225472.90,4,1,0
2021-09-28,5+0,210786.93,1,0,0
2021-09-28,4+2,1396.91,47,3,0
2021-09-28,4+1,125.45,964,68,0
2021-09-28,3+2,51.82,2467,188,0
2021-09-28,4+0,42.04,2137,149,0
2021-09-28,2+2,11.92,37666,2976,0
2021-09-28,3+1,10.20,49107,3755,0
2021-09-28,3+0,9.04,103133,7445,0
2021-09-28,1+2,5.97,188980,14359,0
2021-09-28,2+1,4.90,725287,56287,0
2021-09-28,2+0,3.77,1518558,116450,0
2021-10-01,5+2,164139268.24,0,0,1
2021-10-01,5+1,174231.43,7,0,0
2021-10-01,5+0,17815.33,16,1,0
2021-10-01,4+2,1644.15,54,4,0
2021-10-01,4+1,129.08,1267,75,0
2021-10-01,3+2,68.06,2540,168,0
2021-10-01,4+0,40.45,3003,238,0
2021-10-01,2+2,16.72,36320,2506,0
2021-10-01,3+1,12.41,54580,4273,0
2021-10-01,3+0,9.19,137241,11484,0
2021-10-01,1+2,8.04,190019,12921,0
2021-10-01,2+1,6.02,798724,65161,0
2021-10-01,2+0,3.86,2008099,179209,0
2021-10-05,5+2,180775500.16,0,0,1
2021-10-05,5+1,1033822.98,1,0,0
2021-10-05,5+0,60405.36,4,1,0
2021-10-05,4+2,1233.75,61,3,0
2021-10-05,4+1,141.75,978,74,0
2021-10-05,3+2,52.30,2802,206,0
2021-10-05,4+0,50.13,2054,145,0
2021-10-05,2+2,11.65,44193,3026,0
2021-10-05,3+1,11.42,50287,3514,0
2021-10-05,3+0,10.64,100508,6919,0
2021-10-05,1+2,5.50,235077,15753,0
2021-10-05,2+1,5.20,783281,55470,0
2021-10-05,2+0,4.21,1560164,108407,0
2021-10-08,5+2,204959523.00,0,0,1
2021-10-08,5+1,166984.91,9,1,0
2021-10-08,5+0,15271.48,23,1,0
2021-10-08,4+2,1402.61,78,7,0
2021-10-08,4+1,130.27,1547,114,0
2021-10-08,3+2,52.90,4027,439,0
2021-10-08,4+0,46.87,3194,229,0
2021-10-08,2+2,12.00,62333,7249,0
2021-10-08,3+1,11.50,72563,6177,0
2021-10-08,3+0,10.23,151970,11429,0
2021-10-08,1+2,5.47,343913,39229,0
2021-10-08,2+1,5.41,1094972,96389,0
2021-10-08,2+0,4.23,2257847,174947,0
2021-10-12,5+2,220000000.00,0,0,1
2021-10-12,5+1,1315699.94,9,1,0
2021-10-12,5+0,14703.32,25,1,0
2021-10-12,4+2,1467.86,78,5,0
2021-10-12,4+1,134.59,1567,102,0
2021-10-12,3+2,73.46,3035,168,0
2021-10-12,4+0,39.45,3971,254,0
2021-10-12,2+2,17.50,44764,2775,0
2021-10-12,3+1,12.35,70710,4377,0
2021-10-12,3+0,9.13,178170,12143,0
2021-10-12,1+2,8.28,237961,14145,0
2021-10-12,2+1,6.07,1020988,60649,0
2021-10-12,2+0,3.86,2584226,179289,0
2021-10-15,5+2,220000000.00,1,0,0
2021-10-15,5+1,4608445.76,7,0,0
2021-10-15,5+0,33931.79,13,0,0
2021-10-15,4+2,1416.45,97,10,0
2021-10-15,4+1,155.27,1630,113,0
2021-10-15,3+2,60.63,4413,389,0
2021-10-15,4+0,52.53,3579,247,0
2021-10-15,2+2,13.78,68202,6183,0
2021-10-15,3+1,12.63,82993,6025,0
2021-10-15,3+0,10.96,178081,11400,0
2021-10-15,1+2,6.14,384869,35235,0
2021-10-15,2+1,5.77,1290335,99024,0
2021-10-15,2+0,4.39,2730160,180668,0
2021-10-19,5+2,17000000.00,0,0,1
2021-10-19,5+1,135573.40,4,0,0
2021-10-19,5+0,25348.58,5,0,0
2021-10-19,4+2,1462.12,27,1,0
2021-10-19,4+1,162.68,447,41,0
2021-10-19,3+2,78.36,981,92,0
2021-10-19,4+0,54.23,996,84,0
2021-10-19,2+2,17.17,15725,1567,0
2021-10-19,3+1,14.63,20587,2054,0
2021-10-19,3+0,11.76,47669,4764,0
2021-10-19,1+2,7.49,90618,8796,0
2021-10-19,2+1,6.53,327664,32975,0
2021-10-19,2+0,4.59,750694,79048,0
2021-10-22,5+2,30765413.00,0,0,1
2021-10-22,5+1,359277.28,2,1,0
2021-10-22,5+0,13994.83,12,2,0
2021-10-22,4+2,2011.86,26,2,0
2021-10-22,4+1,111.39,865,90,0
2021-10-22,3+2,69.24,1471,128,0
2021-10-22,4+0,31.31,2286,252,0
2021-10-22,2+2,17.14,20875,1957,0
2021-10-22,3+1,11.04,36139,3842,0
2021-10-22,3+0,7.72,96218,10418,0
2021-10-22,1+2,8.75,102778,8829,0
2021-10-22,2+1,5.61,505361,53737,0
2021-10-22,2+0,3.55,1286325,141704,0
2021-10-26,5+2,41218951.00,0,0,1
2021-10-26,5+1,181891.56,3,0,0
2021-10-26,5+0,21255.52,6,1,0
2021-10-26,4+2,1727.10,23,0,0
2021-10-26,4+1,98.22,745,41,0
2021-10-26,3+2,69.37,1115,105,0
2021-10-26,4+0,44.12,1232,111,0
2021-10-26,2+2,16.36,16605,1647,0
2021-10-26,3+1,11.60,26132,2443,0
2021-10-26,3+0,9.68,58287,5535,0
2021-10-26,1+2,7.79,87663,9011,0
2021-10-26,2+1,5.45,394546,38864,0
2021-10-26,2+0,3.92,884029,86856,0
2021-10-29,5+2,56130474.00,0,0,1
2021-10-29,5+1,155676.29,5,1,0
2021-10-29,5+0,30320.09,6,1,0
2021-10-29,4+2,1049.32,54,9,0
2021-10-29,4+1,120.25,868,99,0
2021-10-29,3+2,48.84,2259,276,0
2021-10-29,4+0,44.00,1762,201,0
2021-10-29,2+2,11.48,33767,3619,0
2021-10-29,3+1,11.15,38760,4445,0
2021-10-29,3+0,10.03,80265,8969,0
2021-10-29,1+2,5.21,187159,21121,0
2021-10-29,2+1,5.41,567616,62007,0
2021-10-29,2+0,4.17,1184940,123597,0
2021-11-02,5+2,67114273.00,0,0,1
2021-11-02,5+1,286677.15,2,0,0
2021-11-02,5+0,14889.15,9,0,0
2021-11-02,4+2,1814.71,23,0,0
2021-11-02,4+1,115.44,666,52,0
2021-11-02,3+2,62.23,1306,93,0
2021-11-02,4+0,37.79,1511,112,0
2021-11-02,2+2,15.77,18106,1455,0
2021-11-02,3+1,11.17,28511,2249,0
2021-11-02,3+0,8.77,67606,5815,0
2021-11-02,1+2,7.61,94282,7772,0
2021-11-02,2+1,5.47,412990,35060,0
2021-11-02,2+0,3.75,969695,87720,0
2021-11-05,5+2,80098420.00,0,0,1
2021-11-05,5+1,161374.40,5,0,0
2021-11-05,5+0,17143.57,11,0,0
2021-11-05,4+2,1957.92,30,3,0
2021-11-05,4+1,122.26,885,77,0
2021-11-05,3+2,69.15,1654,140,0
2021-11-05,4+0,36.43,2206,200,0
2021-11-05,2+2,16.89,23785,2170,0
2021-11-05,3+1,11.61,38610,3513,0
2021-11-05,3+0,8.79,94863,8733,0
2021-11-05,1+2,7.96,126840,11909,0
2021-11-05,2+1,5.80,548191,51009,0
2021-11-05,2+0,3.86,1327463,123849,0
2021-11-09,5+2,90574742.00,0,0,1
2021-11-09,5+1,651028.56,1,0,0
2021-11-09,5+0,19019.51,8,0,0
2021-11-09,4+2,2060.56,23,1,0
2021-11-09,4+1,148.47,588,46,0
2021-11-09,3+2,64.49,1431,124,0
2021-11-09,4+0,43.96,1475,98,0
2021-11-09,2+2,15.64,20724,1812,0
2021-11-09,3+1,12.06,29969,2532,0
2021-11-09,3+0,9.29,72476,5906,0
2021-11-09,1+2,7.23,112801,9892,0
2021-11-09,2+1,5.78,444087,41227,0
2021-11-09,2+0,3.95,1047359,91923,0
2021-11-12,5+2,104804310.15,0,0,1
2021-11-12,5+1,294755.33,3,0,0
2021-11-12,5+0,20666.75,10,1,0
2021-11-12,4+2,1693.99,38,3,0
2021-11-12,4+1,134.90,879,97,0
2021-11-12,3+2,55.66,2252,228,0
2021-11-12,4+0,49.32,1786,178,0
2021-11-12,2+2,12.10,36380,3909,0
2021-11-12,3+1,11.82,41559,4457,0
2021-11-12,3+0,10.26,89086,9071,0
2021-11-12,1+2,5.80,190793,19925,0
2021-11-12,2+1,5.52,631438,67092,0
2021-11-12,2+0,4.17,1347420,142289,0
2021-11-16,5+2,116414664.00,0,0,1
2021-11-16,5+1,180375.13,4,0,0
2021-11-16,5+0,18736.28,9,1,0
2021-11-16,4+2,1694.29,31,4,0
2021-11-16,4+1,104.71,924,98,0
2021-11-16,3+2,59.22,1727,153,0
2021-11-16,4+0,39.36,1826,164,0
2021-11-16,2+2,14.93,24055,1960,0
2021-11-16,3+1,9.89,40494,3814,0
2021-11-16,3+0,9.26,80527,7262,0
2021-11-16,1+2,7.17,125935,10228,0
2021-11-16,2+1,4.97,572426,50436,0
2021-11-16,2+0,3.98,1150170,100823,0
2021-11-19,5+2,132310193.47,0,0,1
2021-11-19,5+1,493896.80,2,0,0
2021-11-19,5+0,46172.72,5,0,0
2021-11-19,4+2,1467.51,49,4,0
2021-11-19,4+1,154.38,858,85,0
2021-11-19,3+2,57.76,2424,274,0
2021-11-19,4+0,43.42,2266,230,0
2021-11-19,2+2,13.45,36558,4072,0
2021-11-19,3+1,12.56,43673,4164,0
2021-11-19,3+0,10.74,95105,9218,0
2021-11-19,1+2,6.01,205647,21990,0
2021-11-19,2+1,6.04,644602,62729,0
2021-11-19,2+0,4.47,1404040,135813,0
2021-11-23,5+2,145091098.22,0,0,1
2021-11-23,5+1,397120.96,2,0,0
2021-11-23,5+0,23203.42,8,0,0
2021-11-23,4+2,1445.45,40,1,0
2021-11-23,4+1,128.16,831,61,0
2021-11-23,3+2,62.69,1796,123,0
2021-11-23,4+0,43.49,1819,141,0
2021-11-23,2+2,15.41,25664,1593,0
2021-11-23,3+1,12.20,36160,2774,0
2021-11-23,3+0,10.46,78528,6278,0
2021-11-23,1+2,7.01,141863,9376,0
2021-11-23,2+1,5.86,534870,40632,0
2021-11-23,2+0,4.31,1170306,95764,0
2021-11-26,5+2,162289050.00,1,0,0
2021-11-26,5+1,152675.68,7,1,0
2021-11-26,5+0,35682.82,7,1,0
2021-11-26,4+2,1852.38,42,5,0
2021-11-26,4+1,154.60,927,71,0
2021-11-26,3+2,62.86,2410,285,0
2021-11-26,4+0,52.21,2039,191,0
2021-11-26,2+2,12.32,43207,4830,0
2021-11-26,3+1,13.77,43094,4092,0
2021-11-26,3+0,11.51,95975,8866,0
2021-11-26,1+2,4.79,279019,31865,0
2021-11-26,2+1,6.16,684207,62767,0
2021-11-26,2+0,4.64,1461450,136608,0
2021-11-30,5+2,17000000.00,0,0,1
2021-11-30,5+1,523711.82,1,0,0
2021-11-30,5+0,40800.02,3,0,0
2021-11-30,4+2,1657.59,23,0,0
2021-11-30,4+1,142.45,493,44,0
2021-11-30,3+2,70.77,1049,102,0
2021-11-30,4+0,47.21,1105,67,0
2021-11-30,2+2,16.30,16002,1615,0
2021-11-30,3+1,12.63,23029,2144,0
2021-11-30,3+0,10.10,53637,5069,0
2021-11-30,1+2,7.57,86639,8739,0
2021-11-30,2+1,5.86,352475,35376,0
2021-11-30,2+0,4.02,826573,86931,0
2021-12-03,5+2,130000000.00,0,0,1
2021-12-03,5+1,197329.29,6,0,0
2021-12-03,5+0,30746.07,9,0,0
2021-12-03,4+2,1915.32,45,3,0
2021-12-03,4+1,154.29,1029,101,0
2021-12-03,3+2,80.11,2095,152,0
2021-12-03,4+0,49.12,2401,264,0
2021-12-03,2+2,18.85,31282,2306,0
2021-12-03,3+1,12.93,50869,4733,0
2021-12-03,3+0,10.47,116931,12145,0
2021-12-03,1+2,8.82,168029,12376,0
2021-12-03,2+1,6.03,774721,67030,0
2021-12-03,2+0,4.14,1816954,173767,0
2021-12-07,5+2,143469842.00,1,0,0
2021-12-07,5+1,418527.23,2,0,0
2021-12-07,5+0,24454.17,8,1,0
2021-12-07,4+2,1603.55,38,3,0
2021-12-07,4+1,150.87,744,61,0
2021-12-07,3+2,71.22,1666,126,0
2021-12-07,4+0,52.24,1596,154,0
2021-12-07,2+2,15.97,26098,2052,0
2021-12-07,3+1,12.91,36010,3042,0
2021-12-07,3+0,11.16,77524,6580,0
2021-12-07,1+2,7.13,147002,11636,0
2021-12-07,2+1,6.17,534527,44122,0
2021-12-07,2+0,4.60,1156075,99148,0
2021-12-10,5+2,17000000.00,0,0,1
2021-12-10,5+1,702913.64,1,0,0
2021-12-10,5+0,18253.61,9,3,0
2021-12-10,4+2,1003.33,51,10,0
2021-12-10,4+1,109.86,858,107,0
2021-12-10,3+2,41.24,2416,389,0
2021-12-10,4+0,37.48,1868,250,0
2021-12-10,2+2,10.20,34309,4998,0
2021-12-10,3+1,10.78,36195,4721,0
2021-12-10,3+0,9.26,78448,9278,0
2021-12-10,1+2,4.96,177263,24896,0
2021-12-10,2+1,5.41,511808,62222,0
2021-12-10,2+0,4.00,1114785,125766,0
2021-12-14,5+2,27297367.30,0,0,1
2021-12-14,5+1,268761.28,2,0,0
2021-12-14,5+0,25125.57,5,0,0
2021-12-14,4+2,1397.49,28,3,0
2021-12-14,4+1,134.73,535,48,0
2021-12-14,3+2,59.62,1278,122,0
2021-12-14,4+0,47.72,1122,117,0
2021-12-14,2+2,13.30,20117,2024,0
2021-12-14,3+1,12.44,23986,2331,0
2021-12-14,3+0,10.91,50934,4560,0
2021-12-14,1+2,5.83,115410,11935,0
2021-12-14,2+1,5.69,372695,36505,0
2021-12-14,2+0,4.38,779628,74985,0
2021-12-17,5+2,41402488.00,0,0,1
2021-12-17,5+1,0.00,0,0,0
2021-12-17,5+0,181673.95,5,0,0
2021-12-17,4+2,1116.65,48,5,0
2021-12-17,4+1,131.47,751,71,0
2021-12-17,3+2,47.53,2196,264,0
2021-12-17,4+0,52.05,1409,137,0
2021-12-17,2+2,10.74,34116,3834,0
2021-12-17,3+1,11.43,35775,4018,0
2021-12-17,3+0,10.87,70036,7691,0
2021-12-17,1+2,4.93,186957,20013,0
2021-12-17,2+1,5.30,547917,62154,0
2021-12-17,2+0,4.36,1072072,118394,0
2021-12-21,5+2,52678478.00,0,0,1
2021-12-21,5+1,65400.74,9,0,0
2021-12-21,5+0,11463.92,12,4,0
2021-12-21,4+2,1020.20,42,4,0
2021-12-21,4+1,84.78,931,133,0
2021-12-21,3+2,56.49,1477,149,0
2021-12-21,4+0,32.39,1810,253,0
2021-12-21,2+2,14.23,20595,2132,0
2021-12-21,3+1,8.68,37634,4419,0
2021-12-21,3+0,8.68,70096,7538,0
2021-12-21,1+2,7.05,104598,10564,0
2021-12-21,2+1,4.63,501404,54485,0
2021-12-21,2+0,3.91,956524,95006,0
2021-12-24,5+2,69443074.00,0,0,1
2021-12-24,5+1,437555.94,2,0,0
2021-12-24,5+0,29218.29,7,0,0
2021-12-24,4+2,1990.79,32,0,0
2021-12-24,4+1,162.53,722,68,0
2021-12-24,3+2,75.05,1653,154,0
2021-12-24,4+0,52.76,1652,141,0
2021-12-24,2+2,16.08,27096,2467,0
2021-12-24,3+1,13.58,35790,3450,0
2021-12-24,3+0,10.97,82458,7424,0
2021-12-24,1+2,7.22,151724,13892,0
2021-12-24,2+1,6.16,560096,54638,0
2021-12-24,2+0,4.33,1282198,116034,0
2021-12-28,5+2,79411191.00,1,0,0
2021-12-28,5+1,123889.45,5,0,0
2021-12-28,5+0,7238.75,20,7,0
2021-12-28,4+2,1554.96,29,5,0
2021-12-28,4+1,97.15,855,83,0
2021-12-28,3+2,69.36,1266,126,0
2021-12-28,4+0,26.01,2372,275,0
2021-12-28,2+2,17.90,17231,1457,0
2021-12-28,3+1,10.13,33956,3306,0
2021-12-28,3+0,7.08,90446,9958,0
2021-12-28,1+2,8.84,87730,7621,0
2021-12-28,2+1,5.46,447127,44704,0
2021-12-28,2+0,3.39,1159648,124947,0
2021-12-31,5+2,17571602.00,1,0,0
2021-12-31,5+1,70556.73,13,1,0
2021-12-31,5+0,15312.39,14,0,0
2021-12-31,4+2,1059.87,63,2,0
2021-12-31,4+1,86.49,1422,88,0
2021-12-31,3+2,52.26,2488,194,0
2021-12-31,4+0,32.13,2843,163,0
2021-12-31,2+2,13.47,33903,2703,0
2021-12-31,3+1,9.75,52251,4219,0
2021-12-31,3+0,9.76,97175,7683,0
2021-12-31,1+2,6.54,175632,14977,0
2021-12-31,2+1,4.96,729226,61879,0
2021-12-31,2+0,4.21,1384192,114147,0
2022-01-04,5+2,17000000.00,0,0,1
2022-01-04,5+1,0.00,0,0,0
2022-01-04,5+0,153095.54,4,0,0
2022-01-04,4+2,2408.95,15,0,0
2022-01-04,4+1,150.93,441,44,0
2022-01-04,3+2,76.98,914,88,0
2022-01-04,4+0,50.14,986,75,0
2022-01-04,2+2,17.48,14142,1221,0
2022-01-04,3+1,14.33,19243,1772,0
2022-01-04,3+0,11.49,44666,4109,0
2022-01-04,1+2,7.95,78161,7000,0
2022-01-04,2+1,6.65,294292,28914,0
2022-01-04,2+0,4.50,700245,70711,0
2022-01-07,5+2,30434021.15,0,0,1
2022-01-07,5+1,175313.97,4,1,0
2022-01-07,5+0,54631.68,3,2,0
2022-01-07,4+2,1458.55,35,2,0
2022-01-07,4+1,134.91,697,63,0
2022-01-07,3+2,65.35,1521,121,0
2022-01-07,4+0,46.69,1496,127,0
2022-01-07,2+2,15.73,22200,1951,0
2022-01-07,3+1,12.61,30889,2895,0
2022-01-07,3+0,10.17,71317,7424,0
2022-01-07,1+2,7.10,123601,11124,0
2022-01-07,2+1,6.04,457480,45884,0
2022-01-07,2+0,4.36,1021956,109816,0
2022-01-11,5+2,41198749.00,0,0,1
2022-01-11,5+1,140479.69,4,1,0
2022-01-11,5+0,18761.38,7,0,0
2022-01-11,4+2,1704.41,24,0,0
2022-01-11,4+1,125.37,601,54,0
2022-01-11,3+2,78.79,1011,99,0
2022-01-11,4+0,34.70,1613,172,0
2022-01-11,2+2,19.36,14452,1133,0
2022-01-11,3+1,11.50,27126,2569,0
2022-01-11,3+0,8.11,71603,7894,0
2022-01-11,1+2,9.24,76170,5872,0
2022-01-11,2+1,5.98,370274,33510,0
2022-01-11,2+0,3.76,949409,94847,0
2022-01-14,5+2,55802638.00,0,0,1
2022-01-14,5+1,108903.28,7,0,0
2022-01-14,5+0,16197.04,11,1,0
2022-01-14,4+2,1681.65,33,2,0
2022-01-14,4+1,132.76,770,56,0
2022-01-14,3+2,77.97,1386,102,0
2022-01-14,4+0,36.82,2062,161,0
2022-01-14,2+2,18.60,20404,1624,0
2022-01-14,3+1,12.06,35096,2952,0
2022-01-14,3+0,8.88,88805,7863,0
2022-01-14,1+2,9.03,105704,8380,0
2022-01-14,2+1,6.07,495606,44462,0
2022-01-14,2+0,3.85,1256717,120705,0
2022-01-18,5+2,67441797.00,1,0,0
2022-01-18,5+1,86794.87,7,1,0
2022-01-18,5+0,10922.90,13,0,0
2022-01-18,4+2,552.86,80,8,0
2022-01-18,4+1,64.91,1255,117,0
2022-01-18,3+2,31.26,2755,296,0
2022-01-18,4+0,23.96,2525,228,0
2022-01-18,2+2,9.81,30831,3430,0
2022-01-18,3+1,7.35,45913,4303,0
2022-01-18,3+0,6.92,90734,7614,0
2022-01-18,1+2,5.39,141146,16741,0
2022-01-18,2+1,4.42,541879,51840,0
2022-01-18,2+0,3.56,1081853,91805,0
2022-01-21,5+2,26158375.00,0,0,1
2022-01-21,5+1,455155.71,3,0,0
2022-01-21,5+0,22795.15,14,0,0
2022-01-21,4+2,1684.77,59,5,0
2022-01-21,4+1,151.57,1208,84,0
2022-01-21,3+2,79.26,2442,160,0
2022-01-21,4+0,46.95,2897,249,0
2022-01-21,2+2,17.46,38943,2739,0
2022-01-21,3+1,13.36,56740,4797,0
2022-01-21,3+0,10.77,131061,11647,0
2022-01-21,1+2,7.93,215662,14960,0
2022-01-21,2+1,6.12,879290,70864,0
2022-01-21,2+0,4.28,2027241,179735,0
2022-01-25,5+2,36602485.15,0,0,1
2022-01-25,5+1,272591.28,2,1,0
2022-01-25,5+0,25483.62,5,1,0
2022-01-25,4+2,1984.38,20,1,0
2022-01-25,4+1,140.32,521,45,0
2022-01-25,3+2,64.56,1197,102,0
2022-01-25,4+0,45.52,1193,107,0
2022-01-25,2+2,14.69,18475,1786,0
2022-01-25,3+1,12.13,24959,2312,0
2022-01-25,3+0,10.62,53056,5031,0
2022-01-25,1+2,6.63,103012,10216,0
2022-01-25,2+1,5.67,379068,35345,0
2022-01-25,2+0,4.29,806852,77728,0
2022-01-28,5+2,51355483.00,0,0,1
2022-01-28,5+1,385053.23,2,0,0
2022-01-28,5+0,22498.32,8,1,0
2022-01-28,4+2,2156.20,26,1,0
2022-01-28,4+1,141.85,728,83,0
2022-01-28,3+2,81.96,1332,121,0
2022-01-28,4+0,46.10,1664,200,0
2022-01-28,2+2,18.74,20463,1780,0
2022-01-28,3+1,12.52,34148,3628,0
2022-01-28,3+0,10.32,77190,8966,0
2022-01-28,1+2,8.96,107585,9433,0
2022-01-28,2+1,5.91,514161,52497,0
2022-01-28,2+0,4.13,1184365,129249,0
2022-02-01,5+2,62918725.10,0,0,1
2022-02-01,5+1,301800.62,2,0,0
2022-02-01,5+0,70535.77,2,0,0
2022-02-01,4+2,1515.18,29,5,0
2022-02-01,4+1,154.47,524,40,0
2022-02-01,3+2,59.33,1442,130,0
2022-02-01,4+0,50.31,1195,104,0
2022-02-01,2+2,13.68,21962,1984,0
2022-02-01,3+1,12.96,25874,2127,0
2022-02-01,3+0,11.22,55604,4665,0
2022-02-01,1+2,6.08,124262,11530,0
2022-02-01,2+1,5.95,400084,35205,0
2022-02-01,2+0,4.45,861844,75759,0
2022-02-04,5+2,130000000.00,1,0,0
2022-02-04,5+1,151235.58,9,0,0
2022-02-04,5+0,28919.65,11,1,0
2022-02-04,4+2,1193.79,83,9,0
2022-02-04,4+1,137.75,1325,71,0
2022-02-04,3+2,44.52,4334,341,0
2022-02-04,4+0,48.49,2796,154,0
2022-02-04,2+2,9.96,68027,6410,0
2022-02-04,3+1,11.91,63476,4442,0
2022-02-04,3+0,10.92,128892,8571,0
2022-02-04,1+2,4.49,378974,38818,0
2022-02-04,2+1,5.64,951638,72203,0
2022-02-04,2+0,4.51,1915122,140121,0
2022-02-08,5+2,17000000.00,0,0,1
2022-02-08,5+1,172300.87,3,0,0
2022-02-08,5+0,120808.65,1,1,0
2022-02-08,4+2,1980.46,19,0,0
2022-02-08,4+1,140.03,495,46,0
2022-02-08,3+2,73.13,1002,82,0
2022-02-08,4+0,49.55,1039,98,0
2022-02-08,2+2,17.29,14890,1168,0
2022-02-08,3+1,13.99,20518,1833,0
2022-02-08,3+0,11.44,46707,4655,0
2022-02-08,1+2,7.51,86129,6900,0
2022-02-08,2+1,6.33,322187,29539,0
2022-02-08,2+0,4.57,718892,70291,0
2022-02-11,5+2,30928078.00,1,0,0
2022-02-11,5+1,242348.54,3,0,0
2022-02-11,5+0,24274.64,7,2,0
2022-02-11,4+2,1603.83,33,2,0
2022-02-11,4+1,130.69,746,78,0
2022-02-11,3+2,63.34,1627,141,0
2022-02-11,4+0,42.10,1720,197,0
2022-02-11,2+2,14.51,24950,2320,0
2022-02-11,3+1,11.67,34601,3579,0
2022-02-11,3+0,10.00,75151,8360,0
2022-02-11,1+2,6.83,133275,12237,0
2022-02-11,2+1,5.61,511434,51873,0
2022-02-11,2+0,4.14,1115721,119406,0
2022-02-15,5+2,17000000.00,0,0,1
2022-02-15,5+1,248591.95,2,0,0
2022-02-15,5+0,12911.11,9,1,0
2022-02-15,4+2,1645.15,22,2,0
2022-02-15,4+1,143.69,464,58,0
2022-02-15,3+2,71.99,979,82,0
2022-02-15,4+0,35.52,1394,134,0
2022-02-15,2+2,18.53,13358,1053,0
2022-02-15,3+1,12.57,21957,2124,0
2022-02-15,3+0,9.03,56956,5824,0
2022-02-15,1+2,8.97,69371,5673,0
2022-02-15,2+1,6.15,318971,30963,0
2022-02-15,2+0,3.87,814913,82595,0
2022-02-18,5+2,30386297.00,0,0,1
2022-02-18,5+1,349382.33,2,0,0
2022-02-18,5+0,32662.56,5,0,0
2022-02-18,4+2,1640.90,31,1,0
2022-02-18,4+1,175.80,533,52,0
2022-02-18,3+2,73.32,1351,112,0
2022-02-18,4+0,49.86,1396,146,0
2022-02-18,2+2,17.77,19585,1917,0
2022-02-18,3+1,14.35,27049,2653,0
2022-02-18,3+0,11.25,64231,6755,0
2022-02-18,1+2,8.02,109089,10460,0
2022-02-18,2+1,6.84,403027,39621,0
2022-02-18,2+0,4.61,962264,103699,0
2022-02-22,5+2,40960814.35,0,0,1
2022-02-22,5+1,183996.60,3,0,0
2022-02-22,5+0,43003.03,3,1,0
2022-02-22,4+2,521.85,77,10,0
2022-02-22,4+1,92.64,799,72,0
2022-02-22,3+2,29.04,2694,292,0
2022-02-22,4+0,36.90,1490,123,0
2022-02-22,2+2,7.82,35158,4055,0
2022-02-22,3+1,9.10,33685,3320,0
2022-02-22,3+0,8.69,65678,6229,0
2022-02-22,1+2,3.97,174133,19927,0
2022-02-22,2+1,4.76,457147,44886,0
2022-02-22,2+0,3.94,889711,87087,0
2022-02-25,5+2,55111352.00,0,0,1
2022-02-25,5+1,184664.51,4,2,0
2022-02-25,5+0,28772.75,6,1,0
2022-02-25,4+2,1378.77,39,5,0
2022-02-25,4+1,92.57,1070,118,0
2022-02-25,3+2,50.83,2060,247,0
2022-02-25,4+0,32.96,2232,200,0
2022-02-25,2+2,12.71,28930,3186,0
2022-02-25,3+1,9.49,43199,4921,0
2022-02-25,3+0,8.20,93110,8980,0
2022-02-25,1+2,6.55,141194,15091,0
2022-02-25,2+1,5.00,582386,63648,0
2022-02-25,2+0,3.73,1257206,121333,0
2022-03-01,5+2,65887876.40,0,0,1
2022-03-01,5+1,112506.91,5,0,0
2022-03-01,5+0,11952.14,11,1,0
2022-03-01,4+2,890.23,46,7,0
2022-03-01,4+1,104.33,723,57,0
2022-03-01,3+2,45.77,1742,259,0
2022-03-01,4+0,37.43,1497,106,0
2022-03-01,2+2,11.22,24968,3060,0
2022-03-01,3+1,10.45,29894,2950,0
2022-03-01,3+0,9.71,59918,4808,0
2022-03-01,1+2,5.32,132283,15904,0
2022-03-01,2+1,5.25,422388,39100,0
2022-03-01,2+0,4.24,842682,67122,0
2022-03-04,5+2,78587957.00,1,1,0
2022-03-04,5+1,394609.63,2,0,0
2022-03-04,5+0,30742.25,6,1,0
2022-03-04,4+2,1981.12,29,4,0
2022-03-04,4+1,174.93,605,52,0
2022-03-04,3+2,91.70,1220,104,0
2022-03-04,4+0,52.87,1487,148,0
2022-03-04,2+2,20.14,19512,1558,0
2022-03-04,3+1,15.48,28323,2384,0
2022-03-04,3+0,11.00,74154,7198,0
2022-03-04,1+2,9.36,105583,8200,0
2022-03-04,2+1,7.30,426633,34859,0
2022-03-04,2+0,4.23,1184843,116057,0
2022-03-08,5+2,17000000.00,0,0,1
2022-03-08,5+1,122344.20,4,1,0
2022-03-08,5+0,7148.46,16,0,0
2022-03-08,4+2,774.45,46,5,0
2022-03-08,4+1,79.54,825,90,0
2022-03-08,3+2,42.02,1651,169,0
2022-03-08,4+0,28.42,1715,161,0
2022-03-08,2+2,11.35,21459,2013,0
2022-03-08,3+1,8.52,31873,3142,0
2022-03-08,3+0,7.70,65731,6264,0
2022-03-08,1+2,5.85,104736,10174,0
2022-03-08,2+1,4.72,409157,40817,0
2022-03-08,2+0,3.66,848061,81875,0
2022-03-11,5+2,30105266.00,0,0,1
2022-03-11,5+1,684094.87,1,0,0
2022-03-11,5+0,15988.42,10,0,0
2022-03-11,4+2,996.00,50,5,0
2022-03-11,4+1,111.60,822,69,0
2022-03-11,3+2,38.65,2509,285,0
2022-03-11,4+0,39.14,1741,161,0
2022-03-11,2+2,9.90,34390,3871,0
2022-03-11,3+1,9.56,39716,3793,0
2022-03-11,3+0,8.52,82995,7849,0
2022-03-11,1+2,5.31,161325,18961,0
2022-03-11,2+1,4.72,571093,58869,0
2022-03-11,2+0,3.68,1180456,117247,0
2022-03-15,5+2,40030704.40,0,0,1
2022-03-15,5+1,0.00,0,0,0
2022-03-15,5+0,79899.78,8,0,0
2022-03-15,4+2,433.52,87,14,0
2022-03-15,4+1,66.10,1051,91,0
2022-03-15,3+2,27.15,2705,301,0
2022-03-15,4+0,27.77,1858,155,0
2022-03-15,2+2,8.34,30929,3653,0
2022-03-15,3+1,7.79,36928,3636,0
2022-03-15,3+0,7.42,72137,6286,0
2022-03-15,1+2,4.68,138426,17117,0
2022-03-15,2+1,4.61,442888,43847,0
2022-03-15,2+0,3.62,907842,82319,0
2022-03-18,5+2,26825597.00,2,0,0
2022-03-18,5+1,355494.74,2,0,0
2022-03-18,5+0,41542.48,4,1,0
2022-03-18,4+2,1262.38,41,2,0
2022-03-18,4+1,135.04,706,55,0
2022-03-18,3+2,68.33,1475,109,0
2022-03-18,4+0,37.73,1877,179,0
2022-03-18,2+2,17.37,20381,1477,0
2022-03-18,3+1,11.92,33136,2881,0
2022-03-18,3+0,8.23,89281,8828,0
2022-03-18,1+2,8.37,106380,8331,0
2022-03-18,2+1,5.92,473322,44752,0
2022-03-18,2+0,3.58,1262098,133087,0
2022-03-22,5+2,17000000.00,0,0,1
2022-03-22,5+1,154557.36,3,0,0
2022-03-22,5+0,9030.65,12,3,0
2022-03-22,4+2,1534.26,22,6,0
2022-03-22,4+1,98.85,629,101,0
2022-03-22,3+2,60.97,1078,128,0
2022-03-22,4+0,28.26,1634,218,0
2022-03-22,2+2,15.41,14982,1587,0
2022-03-22,3+1,9.61,26797,3229,0
2022-03-22,3+0,7.17,66812,8053,0
2022-03-22,1+2,7.98,72714,7638,0
2022-03-22,2+1,5.18,352656,38756,0
2022-03-22,2+0,3.38,870083,96277,0
2022-03-25,5+2,30608285.35,0,0,1
2022-03-25,5+1,710352.49,1,0,0
2022-03-25,5+0,11068.07,15,2,0
2022-03-25,4+2,1723.71,30,2,0
2022-03-25,4+1,92.21,1033,130,0
2022-03-25,3+2,66.29,1519,152,0
2022-03-25,4+0,27.52,2571,289,0
2022-03-25,2+2,16.82,21028,2072,0
2022-03-25,3+1,9.81,40218,4452,0
2022-03-25,3+0,7.38,99544,10161,0
2022-03-25,1+2,8.43,105464,10018,0
2022-03-25,2+1,5.29,529199,57733,0
2022-03-25,2+0,3.48,1295523,130060,0
2022-03-29,5+2,40310864.00,0,0,1
2022-03-29,5+1,101294.92,5,1,0
2022-03-29,5+0,16910.20,7,2,0
2022-03-29,4+2,2168.81,17,1,0
2022-03-29,4+1,131.87,515,41,0
2022-03-29,3+2,70.32,1021,77,0
2022-03-29,4+0,42.39,1190,108,0
2022-03-29,2+2,15.35,16431,1362,0
2022-03-29,3+1,12.40,22684,2037,0
2022-03-29,3+0,9.82,53313,4884,0
2022-03-29,1+2,7.35,86320,6932,0
2022-03-29,2+1,5.90,338438,29812,0
2022-03-29,2+0,3.98,807430,74406,0
2022-04-01,5+2,54338154.00,0,0,1
2022-04-01,5+1,366112.25,2,0,0
2022-04-01,5+0,19014.77,9,1,0
2022-04-01,4+2,1440.64,37,6,0
2022-04-01,4+1,121.22,810,77,0
2022-04-01,3+2,64.59,1607,135,0
2022-04-01,4+0,34.98,2085,257,0
2022-04-01,2+2,15.86,22986,1792,0
2022-04-01,3+1,11.57,35148,3499,0
2022-04-01,3+0,8.29,91275,10407,0
2022-04-01,1+2,7.72,118816,9063,0
2022-04-01,2+1,5.73,503421,47307,0
2022-04-01,2+0,3.64,1277295,138909,0
2022-04-05,5+2,64950730.30,0,0,1
2022-04-05,5+1,138494.12,4,0,0
2022-04-05,5+0,16184.17,8,0,0
2022-04-05,4+2,960.18,42,1,0
2022-04-05,4+1,90.04,825,92,0
2022-04-05,3+2,50.11,1567,158,0
2022-04-05,4+0,33.42,1651,177,0
2022-04-05,2+2,13.30,20735,1946,0
2022-04-05,3+1,9.00,34174,3505,0
2022-04-05,3+0,8.21,69799,6762,0
2022-04-05,1+2,6.82,101715,9751,0
2022-04-05,2+1,4.73,461263,46762,0
2022-04-05,2+0,3.79,926680,86181,0
2022-04-08,5+2,77113731.00,0,0,1
2022-04-08,5+1,0.00,0,0,0
2022-04-08,5+0,186499.34,5,0,0
2022-04-08,4+2,1618.32,34,1,0
2022-04-08,4+1,166.16,610,50,0
2022-04-08,3+2,74.04,1447,120,0
2022-04-08,4+0,51.71,1456,164,0
2022-04-08,2+2,17.49,21524,1990,0
2022-04-08,3+1,14.11,29759,2838,0
2022-04-08,3+0,10.85,72027,7590,0
2022-04-08,1+2,7.89,119901,10569,0
2022-04-08,2+1,6.32,471896,46711,0
2022-04-08,2+0,4.18,1146720,126606,0
2022-04-12,5+2,86707525.00,0,0,1
2022-04-12,5+1,596185.77,1,0,0
2022-04-12,5+0,34834.60,4,0,0
2022-04-12,4+2,2284.23,19,2,0
2022-04-12,4+1,170.10,470,53,0
2022-04-12,3+2,75.73,1116,79,0
2022-04-12,4+0,55.24,1075,112,0
2022-04-12,2+2,17.33,17129,1252,0
2022-04-12,3+1,14.37,23046,1913,0
2022-04-12,3+0,11.19,55100,5068,0
2022-04-12,1+2,7.74,96434,7198,0
2022-04-12,2+1,6.44,364947,31953,0
2022-04-12,2+0,4.33,873641,80238,0
2022-04-15,5+2,99284232.00,0,0,1
2022-04-15,5+1,781552.49,1,0,0
2022-04-15,5+0,22832.71,8,0,0
2022-04-15,4+2,1264.32,45,8,0
2022-04-15,4+1,112.93,928,101,0
2022-04-15,3+2,58.06,1908,187,0
2022-04-15,4+0,44.38,1754,158,0
2022-04-15,2+2,14.73,26410,2399,0
2022-04-15,3+1,11.00,39470,3703,0
2022-04-15,3+0,10.44,77433,6208,0
2022-04-15,1+2,6.94,140945,13394,0
2022-04-15,2+1,5.39,572191,53788,0
2022-04-15,2+0,4.42,1122181,92262,0
2022-04-19,5+2,109726011.45,0,0,1
2022-04-19,5+1,324441.01,2,0,0
2022-04-19,5+0,30330.88,5,0,0
2022-04-19,4+2,1049.70,45,4,0
2022-04-19,4+1,113.00,770,56,0
2022-04-19,3+2,56.95,1615,135,0
2022-04-19,4+0,33.91,1906,157,0
2022-04-19,2+2,14.86,21749,1677,0
2022-04-19,3+1,10.91,33018,2508,0
2022-04-19,3+0,8.06,83185,6964,0
2022-04-19,1+2,7.34,110648,8253,0
2022-04-19,2+1,5.62,455485,35411,0
2022-04-19,2+0,3.60,1142793,99102,0
2022-04-22,5+2,125443189.08,0,0,1
2022-04-22,5+1,195342.06,5,0,0
2022-04-22,5+0,25363.69,9,1,0
2022-04-22,4+2,1269.66,56,1,0
2022-04-22,4+1,132.03,992,100,0
2022-04-22,3+2,60.48,2289,208,0
2022-04-22,4+0,43.10,2257,206,0
2022-04-22,2+2,14.11,34473,3218,0
2022-04-22,3+1,11.87,45706,4392,0
2022-04-22,3+0,9.54,105901,10678,0
2022-04-22,1+2,6.63,184360,17369,0
2022-04-22,2+1,5.71,674804,61862,0
2022-04-22,2+0,3.98,1559220,147865,0
2022-04-26,5+2,138997634.29,0,0,1
2022-04-26,5+1,280770.65,3,0,0
2022-04-26,5+0,39372.43,5,0,0
2022-04-26,4+2,1703.27,36,2,0
2022-04-26,4+1,141.72,797,61,0
2022-04-26,3+2,70.53,1693,139,0
2022-04-26,4+0,47.86,1753,148,0
2022-04-26,2+2,16.60,25263,2030,0
2022-04-26,3+1,12.69,36848,3020,0
2022-04-26,3+0,10.32,84377,6645,0
2022-04-26,1+2,7.75,136157,11135,0
2022-04-26,2+1,5.93,560118,45979,0
2022-04-26,2+0,4.11,1301549,104102,0
2022-04-29,5+2,158670926.23,0,0,1
2022-04-29,5+1,1222554.57,1,0,0
2022-04-29,5+0,31747.90,9,0,0
2022-04-29,4+2,1186.64,75,4,0
2022-04-29,4+1,149.04,1100,97,0
2022-04-29,3+2,43.11,4020,422,0
2022-04-29,4+0,48.46,2513,197,0
2022-04-29,2+2,8.94,68076,7067,0
2022-04-29,3+1,11.76,57714,4741,0
2022-04-29,3+0,10.57,119581,9392,0
2022-04-29,1+2,4.08,374753,38331,0
2022-04-29,2+1,5.35,900439,74361,0
2022-04-29,2+0,4.23,1835388,150746,0
2022-05-03,5+2,174025283.24,0,0,1
2022-05-03,5+1,238540.90,4,0,0
2022-05-03,5+0,44600.75,5,2,0
2022-05-03,4+2,1477.87,47,4,0
2022-05-03,4+1,143.44,892,48,0
2022-05-03,3+2,55.00,2459,204,0
2022-05-03,4+0,51.32,1852,109,0
2022-05-03,2+2,12.44,38194,3523,0
2022-05-03,3+1,12.23,43316,3231,0
2022-05-03,3+0,10.92,90377,6156,0
2022-05-03,1+2,5.74,208019,19537,0
2022-05-03,2+1,5.66,664875,53520,0
2022-05-03,2+0,4.38,1383542,101375,0
2022-05-06,5+2,195426739.00,0,0,1
2022-05-06,5+1,265989.51,5,0,0
2022-05-06,5+0,19426.91,16,0,0
2022-05-06,4+2,1087.82,89,6,0
2022-05-06,4+1,105.46,1691,136,0
2022-05-06,3+2,55.54,3394,221,0
2022-05-06,4+0,34.85,3801,263,0
2022-05-06,2+2,14.23,46528,2840,0
2022-05-06,3+1,9.99,73930,5443,0
2022-05-06,3+0,8.29,165872,11963,0
2022-05-06,1+2,7.10,234573,14469,0
2022-05-06,2+1,5.30,989228,73938,0
2022-05-06,2+0,3.77,2237066,164621,0
2022-05-10,5+2,215840341.00,1,0,0
2022-05-10,5+1,211426.59,6,1,0
2022-05-10,5+0,26953.02,11,2,0
2022-05-10,4+2,1300.66,71,7,0
2022-05-10,4+1,110.89,1534,103,0
2022-05-10,3+2,50.71,3546,234,0
2022-05-10,4+0,38.44,3287,252,0
2022-05-10,2+2,11.25,56158,4103,0
2022-05-10,3+1,10.83,65036,4695,0
2022-05-10,3+0,9.06,144748,10829,0
2022-05-10,1+2,5.20,305303,23104,0
2022-05-10,2+1,5.29,946218,68487,0
2022-05-10,2+0,3.83,2100825,155193,0
2022-05-13,5+2,17000000.00,0,0,1
2022-05-13,5+1,160032.06,5,0,0
2022-05-13,5+0,23376.33,8,1,0
2022-05-13,4+2,1021.91,57,6,0
2022-05-13,4+1,140.07,766,83,0
2022-05-13,3+2,51.79,2190,220,0
2022-05-13,4+0,43.17,1846,175,0
2022-05-13,2+2,12.11,32898,3513,0
2022-05-13,3+1,11.57,38410,3900,0
2022-05-13,3+0,9.34,88536,9291,0
2022-05-13,1+2,5.76,173927,19538,0
2022-05-13,2+1,5.50,573450,60722,0
2022-05-13,2+0,3.91,1298894,139259,0
2022-05-17,5+2,26854990.20,0,0,1
2022-05-17,5+1,257215.24,2,0,0
2022-05-17,5+0,60115.44,2,0,0
2022-05-17,4+2,1970.99,19,2,0
2022-05-17,4+1,154.32,447,46,0
2022-05-17,3+2,68.15,1070,110,0
2022-05-17,4+0,55.46,924,75,0
2022-05-17,2+2,15.49,16535,1751,0
2022-05-17,3+1,12.64,22610,2084,0
2022-05-17,3+0,11.01,48320,4113,0
2022-05-17,1+2,7.14,90264,9792,0
2022-05-17,2+1,5.84,347142,34645,0
2022-05-17,2+0,4.31,756950,68248,0
2022-05-20,5+2,40361205.45,0,0,1
2022-05-20,5+1,235008.14,3,0,0
2022-05-20,5+0,27462.63,6,1,0
2022-05-20,4+2,1006.34,51,4,0
2022-05-20,4+1,126.22,749,114,0
2022-05-20,3+2,48.94,2042,258,0
2022-05-20,4+0,45.34,1549,226,0
2022-05-20,2+2,10.90,32205,3736,0
2022-05-20,3+1,11.08,35345,4648,0
2022-05-20,3+0,9.51,76630,9369,0
2022-05-20,1+2,5.18,170398,19544,0
2022-05-20,2+1,5.24,530839,61904,0
2022-05-20,2+0,3.97,1128168,123575,0
2022-05-24,5+2,50656220.00,1,0,0
2022-05-24,5+1,537399.72,1,0,0
2022-05-24,5+0,41866.38,3,0,0
2022-05-24,4+2,1150.61,34,1,0
2022-05-24,4+1,133.20,541,43,0
2022-05-24,3+2,59.65,1277,63,0
2022-05-24,4+0,40.67,1316,118,0
2022-05-24,2+2,14.75,18138,823,0
2022-05-24,3+1,11.73,25446,1551,0
2022-05-24,3+0,9.12,60944,4085,0
2022-05-24,1+2,7.23,93118,4185,0
2022-05-24,2+1,5.64,375666,21012,0
2022-05-24,2+0,3.80,898612,54120,0
2022-05-27,5+2,17000000.00,0,0,1
2022-05-27,5+1,160252.91,4,0,0
2022-05-27,5+0,16646.10,9,3,0
2022-05-27,4+2,1138.13,41,8,0
2022-05-27,4+1,116.63,737,85,0
2022-05-27,3+2,46.48,1955,317,0
2022-05-27,4+0,44.93,1421,126,0
2022-05-27,2+2,10.69,29864,4760,0
2022-05-27,3+1,10.71,33243,4117,0
2022-05-27,3+0,10.44,63461,6514,0
2022-05-27,1+2,5.04,159182,25044,0
2022-05-27,2+1,5.15,490862,60419,0
2022-05-27,2+0,4.30,945421,97615,0
2022-05-31,5+2,26862123.00,0,0,1
2022-05-31,5+1,128700.69,4,0,0
2022-05-31,5+0,60158.94,2,0,0
2022-05-31,4+2,720.69,52,7,0
2022-05-31,4+1,100.05,690,68,0
2022-05-31,3+2,35.95,2030,249,0
2022-05-31,4+0,43.49,1179,106,0
2022-05-31,2+2,8.58,29855,3884,0
2022-05-31,3+1,9.43,30324,3284,0
2022-05-31,3+0,9.40,56635,5275,0
2022-05-31,1+2,4.88,132089,14425,0
2022-05-31,2+1,4.77,425458,44803,0
2022-05-31,2+0,3.98,820737,77694,0
2022-06-03,5+2,40193759.00,0,0,1
2022-06-03,5+1,347955.69,2,1,0
2022-06-03,5+0,54215.31,3,2,0
2022-06-03,4+2,2202.61,23,4,0
2022-06-03,4+1,165.75,563,49,0
2022-06-03,3+2,74.62,1322,106,0
2022-06-03,4+0,47.74,1452,109,0
2022-06-03,2+2,17.62,19667,1676,0
2022-06-03,3+1,12.73,30360,2554,0
2022-06-03,3+0,10.03,71744,6316,0
2022-06-03,1+2,8.16,106808,10068,0
2022-06-03,2+1,5.97,459619,43188,0
2022-06-03,2+0,4.07,1086312,104809,0
2022-06-07,5+2,50425091.15,0,0,1
2022-06-07,5+1,106815.11,5,1,0
2022-06-07,5+0,10401.85,12,0,0
2022-06-07,4+2,827.21,47,8,0
2022-06-07,4+1,81.57,878,81,0
2022-06-07,3+2,35.74,2118,220,0
2022-06-07,4+0,33.77,1575,137,0
2022-06-07,2+2,10.29,25851,2874,0
2022-06-07,3+1,9.13,32464,2985,0
2022-06-07,3+0,8.54,64639,5653,0
2022-06-07,1+2,5.38,124247,13760,0
2022-06-07,2+1,4.88,431683,41210,0
2022-06-07,2+0,3.83,884753,80876,0
2022-06-10,5+2,64382899.00,1,0,0
2022-06-10,5+1,728597.52,1,0,0
2022-06-10,5+0,42571.31,4,0,0
2022-06-10,4+2,1828.95,29,2,0
2022-06-10,4+1,151.24,646,70,0
2022-06-10,3+2,82.43,1253,84,0
2022-06-10,4+0,40.86,1776,192,0
2022-06-10,2+2,20.06,18083,1256,0
2022-06-10,3+1,13.85,29222,2589,0
2022-06-10,3+0,10.61,71030,6730,0
2022-06-10,1+2,9.21,99015,7532,0
2022-06-10,2+1,6.57,437591,36102,0
2022-06-10,2+0,4.25,1088946,99540,0
2022-06-14,5+2,17000000.00,0,0,1
2022-06-14,5+1,122154.34,4,0,0
2022-06-14,5+0,14274.74,8,0,0
2022-06-14,4+2,1693.80,21,2,0
2022-06-14,4+1,131.30,499,44,0
2022-06-14,3+2,62.40,1110,104,0
2022-06-14,4+0,41.38,1176,108,0
2022-06-14,2+2,15.26,15940,1320,0
2022-06-14,3+1,11.76,23068,2233,0
2022-06-14,3+0,9.16,55124,5679,0
2022-06-14,1+2,7.31,83711,7216,0
2022-06-14,2+1,5.57,346130,35190,0
2022-06-14,2+0,3.90,795376,81587,0
2022-06-17,5+2,130000000.00,0,0,1
2022-06-17,5+1,1165998.08,1,0,0
2022-06-17,5+0,16030.17,17,0,0
2022-06-17,4+2,1326.26,64,8,0
2022-06-17,4+1,124.39,1257,91,0
2022-06-17,3+2,54.51,3032,212,0
2022-06-17,4+0,45.23,2568,186,0
2022-06-17,2+2,13.54,42883,3103,0
2022-06-17,3+1,10.93,59242,4486,0
2022-06-17,3+0,9.37,128636,9808,0
2022-06-17,1+2,6.55,222710,15785,0
2022-06-17,2+1,5.27,872854,68598,0
2022-06-17,2+0,3.89,1904166,157874,0
2022-06-21,5+2,143671414.00,0,0,1
2022-06-21,5+1,283193.57,3,0,0
2022-06-21,5+0,24820.12,8,0,0
2022-06-21,4+2,1627.54,38,3,0
2022-06-21,4+1,123.97,919,57,0
2022-06-21,3+2,69.98,1721,127,0
2022-06-21,4+0,40.72,2078,149,0
2022-06-21,2+2,17.01,24873,1686,0
2022-06-21,3+1,12.70,37137,2982,0
2022-06-21,3+0,10.15,86514,6775,0
2022-06-21,1+2,7.83,135871,9815,0
2022-06-21,2+1,6.22,538912,41708,0
2022-06-21,2+0,4.25,1270534,99427,0
2022-06-24,5+2,161066308.04,0,0,1
2022-06-24,5+1,540484.21,2,0,0
2022-06-24,5+0,28071.12,9,0,0
2022-06-24,4+2,1430.74,55,4,0
2022-06-24,4+1,114.68,1264,108,0
2022-06-24,3+2,67.03,2286,185,0
2022-06-24,4+0,34.35,3134,311,0
2022-06-24,2+2,17.17,31353,2527,0
2022-06-24,3+1,10.75,55816,5576,0
2022-06-24,3+0,8.49,131618,12116,0
2022-06-24,1+2,8.43,160498,12465,0
2022-06-24,2+1,5.69,749465,69610,0
2022-06-24,2+0,3.73,1841469,170723,0
2022-06-28,5+2,175942220.00,0,0,1
2022-06-28,5+1,184886.33,5,0,0
2022-06-28,5+0,36009.15,6,1,0
2022-06-28,4+2,2102.99,32,4,0
2022-06-28,4+1,151.91,816,63,0
2022-06-28,3+2,78.28,1674,110,0
2022-06-28,4+0,53.01,1737,126,0
2022-06-28,2+2,16.85,27324,1794,0
2022-06-28,3+1,14.51,35380,2651,0
2022-06-28,3+0,11.72,81596,5967,0
2022-06-28,1+2,7.32,158205,10906,0
2022-06-28,2+1,6.64,549223,40836,0
2022-06-28,2+0,4.61,1272807,96026,0
2022-07-01,5+2,196414962.00,0,0,1
2022-07-01,5+1,318058.67,4,2,0
2022-07-01,5+0,16519.01,18,1,0
2022-07-01,4+2,1157.68,80,4,0
2022-07-01,4+1,123.09,1386,121,0
2022-07-01,3+2,73.31,2460,158,0
2022-07-01,4+0,38.56,3286,302,0
2022-07-01,2+2,17.22,36778,2409,0
2022-07-01,3+1,11.89,59403,4991,0
2022-07-01,3+0,9.36,140590,11813,0
2022-07-01,1+2,8.29,192169,12364,0
2022-07-01,2+1,5.96,841034,67652,0
2022-07-01,2+0,4.04,1998110,162362,0
2022-07-05,5+2,215357108.44,0,0,1
2022-07-05,5+1,147139.88,8,1,0
2022-07-05,5+0,45852.02,6,0,0
2022-07-05,4+2,1404.76,61,9,0
2022-07-05,4+1,119.76,1318,86,0
2022-07-05,3+2,54.81,3044,228,0
2022-07-05,4+0,40.28,2911,156,0
2022-07-05,2+2,12.66,46292,3042,0
2022-07-05,3+1,10.95,59701,3912,0
2022-07-05,3+0,9.43,129049,8306,0
2022-07-05,1+2,5.95,247828,16712,0
2022-07-05,2+1,5.31,873761,58768,0
2022-07-05,2+0,4.00,1869390,122474,0
2022-07-08,5+2,230000000.00,0,0,1
2022-07-08,5+1,1453438.07,9,0,0
2022-07-08,5+0,19952.49,19,0,0
2022-07-08,4+2,1311.99,90,9,0
2022-07-08,4+1,138.89,1566,97,0
2022-07-08,3+2,58.28,3945,212,0
2022-07-08,4+0,47.19,3424,165,0
2022-07-08,2+2,13.52,59724,3787,0
2022-07-08,3+1,13.00,69278,4317,0
2022-07-08,3+0,11.25,149123,9260,0
2022-07-08,1+2,5.87,345994,23212,0
2022-07-08,2+1,6.08,1051572,70998,0
2022-07-08,2+0,4.64,2217981,150366,0
2022-07-12,5+2,230000000.00,0,0,1
2022-07-12,5+1,4569745.70,5,0,0
2022-07-12,5+0,31243.49,10,0,0
2022-07-12,4+2,2070.54,47,4,0
2022-07-12,4+1,136.42,1314,80,0
2022-07-12,3+2,65.59,2889,162,0
2022-07-12,4+0,44.59,2986,188,0
2022-07-12,2+2,15.20,43803,2619,0
2022-07-12,3+1,12.24,60640,3974,0
2022-07-12,3+0,9.64,143449,10026,0
2022-07-12,1+2,7.03,237936,13432,0
2022-07-12,2+1,5.76,914593,58185,0
2022-07-12,2+0,3.94,2152649,144561,0
2022-07-15,5+2,230000000.00,0,0,1
2022-07-15,5+1,1884992.99,14,2,0
2022-07-15,5+0,25775.51,14,0,0
2022-07-15,4+2,1050.44,107,5,0
2022-07-15,4+1,91.98,2251,192,0
2022-07-15,3+2,52.57,4163,236,0
2022-07-15,4+0,31.07,4949,485,0
2022-07-15,2+2,14.01,54892,3334,0
2022-07-15,3+1,9.95,86203,7062,0
2022-07-15,3+0,8.34,191410,17619,0
2022-07-15,1+2,6.84,282715,17692,0
2022-07-15,2+1,5.34,1140157,84908,0
2022-07-15,2+0,3.86,2538124,209152,0
2022-07-19,5+2,230000000.00,1,0,0
2022-07-19,5+1,4413400.88,5,0,0
2022-07-19,5+0,30174.56,10,0,0
2022-07-19,4+2,1402.78,67,5,0
2022-07-19,4+1,135.68,1276,74,0
2022-07-19,3+2,69.35,2639,143,0
2022-07-19,4+0,41.05,3133,228,0
2022-07-19,2+2,17.08,37647,1955,0
2022-07-19,3+1,12.30,58277,4087,0
2022-07-19,3+0,9.38,142338,10589,0
2022-07-19,1+2,8.09,199892,10641,0
2022-07-19,2+1,5.93,857757,57186,0
2022-07-19,2+0,3.92,2091175,149800,0
2022-07-22,5+2,17000000.00,0,0,1
2022-07-22,5+1,0.00,0,0,0
2022-07-22,5+0,112283.58,9,2,0
2022-07-22,4+2,1863.40,32,2,0
2022-07-22,4+1,141.00,779,61,0
2022-07-22,3+2,67.55,1719,153,0
2022-07-22,4+0,44.17,1847,166,0
2022-07-22,2+2,15.83,25769,2014,0
2022-07-22,3+1,12.52,36344,3180,0
2022-07-22,3+0,10.00,84710,8284,0
2022-07-22,1+2,7.66,133912,10427,0
2022-07-22,2+1,6.06,532663,46702,0
2022-07-22,2+0,4.12,1262564,122340,0
2022-07-26,5+2,27478522.45,0,0,1
2022-07-26,5+1,109395.77,5,1,0
2022-07-26,5+0,7989.87,16,1,0
2022-07-26,4+2,926.00,43,5,0
2022-07-26,4+1,72.05,1018,112,0
2022-07-26,3+2,38.38,2020,226,0
2022-07-26,4+0,21.53,2530,318,0
2022-07-26,2+2,11.19,24340,2589,0
2022-07-26,3+1,7.92,38350,4109,0
2022-07-26,3+0,6.24,90657,9894,0
2022-07-26,1+2,6.29,108805,10938,0
2022-07-26,2+1,4.62,466657,48281,0
2022-07-26,2+0,3.17,1093742,114091,0
2022-07-29,5+2,41717625.00,1,0,0
2022-07-29,5+1,247760.38,3,1,0
2022-07-29,5+0,19301.89,9,0,0
2022-07-29,4+2,1040.54,52,8,0
2022-07-29,4+1,112.49,886,79,0
2022-07-29,3+2,41.64,2530,308,0
2022-07-29,4+0,44.23,1674,123,0
2022-07-29,2+2,11.30,32761,4037,0
2022-07-29,3+1,10.56,39072,4416,0
2022-07-29,3+0,10.48,73325,6485,0
2022-07-29,1+2,5.35,173838,21566,0
2022-07-29,2+1,5.55,528289,56341,0
2022-07-29,2+0,4.48,1053160,99040,0
2022-08-02,5+2,17000000.00,0,0,1
2022-08-02,5+1,128508.65,4,0,0
2022-08-02,5+0,40046.11,3,0,0
2022-08-02,4+2,1336.43,28,3,0
2022-08-02,4+1,110.46,624,72,0
2022-08-02,3+2,59.10,1233,115,0
2022-08-02,4+0,37.26,1374,120,0
2022-08-02,2+2,15.96,16037,1693,0
2022-08-02,3+1,10.44,27347,2907,0
2022-08-02,3+0,9.03,58837,5626,0
2022-08-02,1+2,7.83,82240,8561,0
2022-08-02,2+1,5.65,358935,36725,0
2022-08-02,2+0,3.91,834701,82725,0
2022-08-05,5+2,30356111.45,0,0,1
2022-08-05,5+1,232396.33,3,0,0
2022-08-05,5+0,32588.91,5,1,0
2022-08-05,4+2,1180.30,43,7,0
2022-08-05,4+1,157.39,594,58,0
2022-08-05,3+2,73.59,1343,126,0
2022-08-05,4+0,48.09,1444,132,0
2022-08-05,2+2,17.72,19596,1949,0
2022-08-05,3+1,12.92,29962,3292,0
2022-08-05,3+0,9.90,72826,7935,0
2022-08-05,1+2,8.17,106863,10306,0
2022-08-05,2+1,6.12,449494,49215,0
2022-08-05,2+0,4.07,1086210,120205,0
2022-08-09,5+2,40859540.00,0,0,1
2022-08-09,5+1,548278.94,1,0,0
2022-08-09,5+0,25628.36,5,0,0
2022-08-09,4+2,1814.22,22,5,0
2022-08-09,4+1,132.95,553,59,0
2022-08-09,3+2,57.31,1356,133,0
2022-08-09,4+0,43.10,1267,122,0
2022-08-09,2+2,14.00,19501,2124,0
2022-08-09,3+1,10.70,28461,2868,0
2022-08-09,3+0,8.81,64345,6211,0
2022-08-09,1+2,6.93,99093,11264,0
2022-08-09,2+1,5.15,419668,44212,0
2022-08-09,2+0,3.69,943205,92907,0
2022-08-12,5+2,54932236.10,0,0,1
2022-08-12,5+1,734594.75,1,0,0
2022-08-12,5+0,34337.37,5,0,0
2022-08-12,4+2,1620.49,33,3,0
2022-08-12,4+1,126.45,779,79,0
2022-08-12,3+2,64.88,1605,145,0
2022-08-12,4+0,38.25,1913,211,0
2022-08-12,2+2,16.04,22802,2208,0
2022-08-12,3+1,12.21,33419,3453,0
2022-08-12,3+0,9.47,80193,9249,0
2022-08-12,1+2,7.67,119960,12414,0
2022-08-12,2+1,6.15,471237,49987,0
2022-08-12,2+0,4.07,1146192,134406,0
2022-08-16,5+2,65542062.00,0,0,1
2022-08-16,5+1,553832.89,1,0,0
2022-08-16,5+0,16179.98,8,0,0
2022-08-16,4+2,1259.91,32,4,0
2022-08-16,4+1,107.94,688,66,0
2022-08-16,3+2,61.19,1283,114,0
2022-08-16,4+0,40.77,1353,122,0
2022-08-16,2+2,15.07,18294,1660,0
2022-08-16,3+1,10.34,29745,3242,0
2022-08-16,3+0,10.15,56424,5521,0
2022-08-16,1+2,7.07,98087,9118,0
2022-08-16,2+1,5.05,432022,46034,0
2022-08-16,2+0,4.26,825623,81772,0
2022-08-19,5+2,77782771.10,0,0,1
2022-08-19,5+1,95084.08,8,0,0
2022-08-19,5+0,16161.97,11,1,0
2022-08-19,4+2,954.73,58,13,0
2022-08-19,4+1,93.41,1092,116,0
2022-08-19,3+2,37.01,2913,335,0
2022-08-19,4+0,36.01,2104,199,0
2022-08-19,2+2,9.83,38526,4823,0
2022-08-19,3+1,8.64,48895,5131,0
2022-08-19,3+0,8.06,97525,10382,0
2022-08-19,1+2,5.40,176398,21760,0
2022-08-19,2+1,4.69,638876,71364,0
2022-08-19,2+0,3.63,1328725,147027,0
2022-08-23,5+2,87739478.00,0,0,1
2022-08-23,5+1,0.00,0,0,0
2022-08-23,5+0,152669.50,5,0,0
2022-08-23,4+2,2047.37,22,1,0
2022-08-23,4+1,120.59,688,47,0
2022-08-23,3+2,76.27,1150,108,0
2022-08-23,4+0,47.44,1299,100,0
2022-08-23,2+2,16.77,18375,1752,0
2022-08-23,3+1,11.80,29118,2438,0
2022-08-23,3+0,10.68,59930,4815,0
2022-08-23,1+2,7.29,106314,10693,0
2022-08-23,2+1,5.49,444562,41182,0
2022-08-23,2+0,4.40,893378,77476,0
2022-08-26,5+2,101607332.00,0,0,1
2022-08-26,5+1,143631.34,6,1,0
2022-08-26,5+0,22379.34,9,2,0
2022-08-26,4+2,1742.65,36,8,0
2022-08-26,4+1,151.85,761,59,0
2022-08-26,3+2,78.36,1559,174,0
2022-08-26,4+0,38.53,2228,176,0
2022-08-26,2+2,19.31,22218,1996,0
2022-08-26,3+1,13.20,36246,3244,0
2022-08-26,3+0,8.59,103764,10970,0
2022-08-26,1+2,9.15,117951,11429,0
2022-08-26,2+1,6.46,526132,48654,0
2022-08-26,2+0,3.64,1503262,163263,0
2022-08-30,5+2,112909220.00,0,0,1
2022-08-30,5+1,117055.26,6,0,0
2022-08-30,5+0,9119.24,18,2,0
2022-08-30,4+2,1161.99,44,4,0
2022-08-30,4+1,62.49,1507,150,0
2022-08-30,3+2,43.70,2278,273,0
2022-08-30,4+0,25.10,2787,280,0
2022-08-30,2+2,12.36,28293,2800,0
2022-08-30,3+1,8.04,48513,4762,0
2022-08-30,3+0,7.08,102550,10376,0
2022-08-30,1+2,6.87,128023,12159,0
2022-08-30,2+1,4.82,574500,55976,0
2022-08-30,2+0,3.46,1287400,134301,0
2022-09-02,5+2,128491607.00,1,0,0
2022-09-02,5+1,193666.80,5,1,0
2022-09-02,5+0,13312.68,17,3,0
2022-09-02,4+2,1762.29,40,3,0
2022-09-02,4+1,105.82,1227,132,0
2022-09-02,3+2,65.90,2083,170,0
2022-09-02,4+0,33.55,2875,286,0
2022-09-02,2+2,16.26,29649,2232,0
2022-09-02,3+1,9.75,55173,5659,0
2022-09-02,3+0,7.76,129049,12536,0
2022-09-02,1+2,8.06,150508,11108,0
2022-09-02,2+1,5.10,747913,71494,0
2022-09-02,2+0,3.46,1778737,168642,0
2022-09-06,5+2,17000000.00,0,0,1
2022-09-06,5+1,66901.27,8,1,0
2022-09-06,5+0,15635.92,8,0,0
2022-09-06,4+2,1025.30,38,0,0
2022-09-06,4+1,78.35,916,94,0
2022-09-06,3+2,49.62,1529,134,0
2022-09-06,4+0,28.54,1868,177,0
2022-09-06,2+2,13.21,20167,2011,0
2022-09-06,3+1,8.07,36811,3871,0
2022-09-06,3+0,7.56,73191,7000,0
2022-09-06,1+2,6.78,98756,9967,0
2022-09-06,2+1,4.53,465267,52150,0
2022-09-06,2+0,3.64,933795,94457,0
2022-09-09,5+2,130000000.00,0,0,1
2022-09-09,5+1,164877.85,7,1,0
2022-09-09,5+0,24522.06,11,2,0
2022-09-09,4+2,1183.35,71,6,0
2022-09-09,4+1,100.04,1547,137,0
2022-09-09,3+2,42.54,3846,312,0
2022-09-09,4+0,33.54,3427,302,0
2022-09-09,2+2,10.05,57158,5536,0
2022-09-09,3+1,9.79,65480,5850,0
2022-09-09,3+0,8.11,147134,13076,0
2022-09-09,1+2,5.11,282824,25887,0
2022-09-09,2+1,4.86,935906,89570,0
2022-09-09,2+0,3.57,2053887,202618,0
2022-09-13,5+2,143363071.41,0,0,1
2022-09-13,5+1,415209.71,2,0,0
2022-09-13,5+0,21564.74,9,3,0
2022-09-13,4+2,1950.06,31,0,0
2022-09-13,4+1,153.59,725,44,0
2022-09-13,3+2,69.49,1694,103,0
2022-09-13,4+0,45.62,1813,118,0
2022-09-13,2+2,17.81,23218,1579,0
2022-09-13,3+1,13.16,35047,2523,0
2022-09-13,3+0,9.41,91240,7478,0
2022-09-13,1+2,8.21,126596,8942,0
2022-09-13,2+1,6.18,529536,40200,0
2022-09-13,2+0,3.83,1375378,115287,0
2022-09-16,5+2,160585356.33,0,0,1
2022-09-16,5+1,178373.66,6,0,0
2022-09-16,5+0,35733.31,7,1,0
2022-09-16,4+2,2050.27,38,6,0
2022-09-16,4+1,128.02,1121,120,0
2022-09-16,3+2,75.52,2009,169,0
2022-09-16,4+0,45.42,2347,222,0
2022-09-16,2+2,16.82,31691,2799,0
2022-09-16,3+1,11.88,50031,4675,0
2022-09-16,3+0,10.51,105337,10114,0
2022-09-16,1+2,7.54,177657,15786,0
2022-09-16,2+1,5.75,733690,69126,0
2022-09-16,2+0,4.41,1541747,145312,0
2022-09-20,5+2,174393431.22,0,0,1
2022-09-20,5+1,122581.88,7,0,0
2022-09-20,5+0,18231.44,11,1,0
2022-09-20,4+2,1523.53,41,4,0
2022-09-20,4+1,115.18,999,82,0
2022-09-20,3+2,68.68,1771,115,0
2022-09-20,4+0,35.67,2396,185,0
2022-09-20,2+2,16.91,25261,1563,0
2022-09-20,3+1,11.07,43062,3491,0
2022-09-20,3+0,8.57,103568,8652,0
2022-09-20,1+2,8.23,130620,8358,0
2022-09-20,2+1,5.59,605372,48977,0
2022-09-20,2+0,3.75,1453014,119168,0
2022-09-23,5+2,193007524.00,1,0,0
2022-09-23,5+1,144591.61,8,0,0
2022-09-23,5+0,38621.07,7,0,0
2022-09-23,4+2,1079.57,78,9,0
2022-09-23,4+1,126.83,1223,94,0
2022-09-23,3+2,52.47,3125,326,0
2022-09-23,4+0,44.83,2570,167,0
2022-09-23,2+2,12.52,46012,5045,0
2022-09-23,3+1,11.58,55468,5332,0
2022-09-23,3+0,10.26,116597,9947,0
2022-09-23,1+2,5.77,251145,28229,0
2022-09-23,2+1,5.52,826670,81820,0
2022-09-23,2+0,4.23,1738164,156403,0
2022-09-27,5+2,17000000.00,0,0,1
2022-09-27,5+1,128443.88,4,2,0
2022-09-27,5+0,40025.93,3,2,0
2022-09-27,4+2,1335.76,28,4,0
2022-09-27,4+1,139.75,493,79,0
2022-09-27,3+2,70.10,1039,111,0
2022-09-27,4+0,44.69,1145,153,0
2022-09-27,2+2,15.81,16185,1763,0
2022-09-27,3+1,12.14,23499,2862,0
2022-09-27,3+0,9.69,54838,6590,0
2022-09-27,1+2,7.14,90109,9724,0
2022-09-27,2+1,5.67,357150,38308,0
2022-09-27,2+0,4.10,796179,84778,0
2022-09-30,5+2,30779317.00,0,0,1
2022-09-30,5+1,179820.08,4,1,0
2022-09-30,5+0,21013.45,8,0,0
2022-09-30,4+2,1496.04,35,2,0
2022-09-30,4+1,102.72,939,96,0
2022-09-30,3+2,72.31,1410,112,0
2022-09-30,4+0,29.90,2396,243,0
2022-09-30,2+2,17.84,20078,1655,0
2022-09-30,3+1,10.71,37307,3961,0
2022-09-30,3+0,7.59,98004,10867,0
2022-09-30,1+2,8.65,104135,8675,0
2022-09-30,2+1,5.60,506261,53496,0
2022-09-30,2+0,3.57,1280166,139264,0
2022-10-04,5+2,41404202.35,0,0,1
2022-10-04,5+1,92436.50,6,1,0
2022-10-04,5+0,16202.95,8,1,0
2022-10-04,4+2,1187.48,34,6,0
2022-10-04,4+1,132.10,563,46,0
2022-10-04,3+2,69.27,1135,85,0
2022-10-04,4+0,39.46,1400,104,0
2022-10-04,2+2,17.05,16195,1274,0
2022-10-04,3+1,11.83,26024,2296,0
2022-10-04,3+0,9.39,61054,5437,0
2022-10-04,1+2,8.32,83444,6565,0
2022-10-04,2+1,5.76,379440,35631,0
2022-10-04,2+0,3.96,888552,82106,0
2022-10-07,5+2,55925603.20,0,0,1
2022-10-07,5+1,758017.12,1,0,0
2022-10-07,5+0,25308.72,7,0,0
2022-10-07,4+2,1970.76,28,4,0
2022-10-07,4+1,166.63,610,47,0
2022-10-07,3+2,82.40,1304,129,0
2022-10-07,4+0,53.97,1399,137,0
2022-10-07,2+2,17.81,21194,1911,0
2022-10-07,3+1,15.61,26962,2508,0
2022-10-07,3+0,11.29,69411,7652,0
2022-10-07,1+2,8.30,114346,10517,0
2022-10-07,2+1,7.12,419972,39456,0
2022-10-07,2+0,4.18,1151977,124977,0
2022-10-11,5+2,67271821.00,0,0,1
2022-10-11,5+1,592272.54,1,0,0
2022-10-11,5+0,27684.77,5,0,0
2022-10-11,4+2,1596.87,27,2,0
2022-10-11,4+1,117.31,677,103,0
2022-10-11,3+2,64.19,1308,131,0
2022-10-11,4+0,35.67,1654,254,0
2022-10-11,2+2,15.76,18717,1846,0
2022-10-11,3+1,11.44,28746,3359,0
2022-10-11,3+0,9.47,64639,6926,0
2022-10-11,1+2,7.26,102097,9733,0
2022-10-11,2+1,5.90,395850,39643,0
2022-10-11,2+0,4.18,900105,86780,0
2022-10-14,5+2,79886870.48,0,0,1
2022-10-14,5+1,261311.74,3,1,0
2022-10-14,5+0,45804.64,4,0,0
2022-10-14,4+2,1214.21,47,1,0
2022-10-14,4+1,153.69,684,59,0
2022-10-14,3+2,50.60,2196,187,0
2022-10-14,4+0,51.88,1505,151,0
2022-10-14,2+2,10.32,37816,4051,0
2022-10-14,3+1,12.96,33592,2864,0
2022-10-14,3+0,11.72,69182,6166,0
2022-10-14,1+2,4.20,233505,27888,0
2022-10-14,2+1,5.70,542207,50578,0
2022-10-14,2+0,4.53,1099185,104001,0
2022-10-18,5+2,89872400.00,0,0,1
2022-10-18,5+1,155132.33,4,0,0
2022-10-18,5+0,29005.58,5,0,0
2022-10-18,4+2,1457.18,31,0,0
2022-10-18,4+1,139.85,595,44,0
2022-10-18,3+2,64.11,1372,104,0
2022-10-18,4+0,41.10,1504,119,0
2022-10-18,2+2,14.47,21352,1867,0
2022-10-18,3+1,11.23,30673,2550,0
2022-10-18,3+0,8.72,73614,6364,0
2022-10-18,1+2,7.15,108701,9264,0
2022-10-18,2+1,5.41,451977,38969,0
2022-10-18,2+0,3.70,1064813,94464,0
2022-10-21,5+2,103645225.10,0,0,1
2022-10-21,5+1,427941.35,2,0,0
2022-10-21,5+0,18184.89,11,1,0
2022-10-21,4+2,1780.16,35,5,0
2022-10-21,4+1,138.44,829,82,0
2022-10-21,3+2,70.09,1731,184,0
2022-10-21,4+0,45.71,1865,185,0
2022-10-21,2+2,16.24,26235,2667,0
2022-10-21,3+1,13.05,36432,3639,0
2022-10-21,3+0,10.31,85805,9104,0
2022-10-21,1+2,7.30,146703,14392,0
2022-10-21,2+1,6.04,558724,56742,0
2022-10-21,2+0,4.10,1324150,143397,0
2022-10-25,5+2,115163196.00,0,0,1
2022-10-25,5+1,357879.79,2,0,0
2022-10-25,5+0,33456.96,5,0,0
2022-10-25,4+2,1628.28,32,3,0
2022-10-25,4+1,149.27,643,46,0
2022-10-25,3+2,72.11,1407,92,0
2022-10-25,4+0,46.48,1534,111,0
2022-10-25,2+2,16.12,22103,1655,0
2022-10-25,3+1,13.54,29347,2263,0
2022-10-25,3+0,10.17,72763,5797,0
2022-10-25,1+2,7.31,122624,9493,0
2022-10-25,2+1,6.23,453110,35475,0
2022-10-25,2+0,4.15,1095415,90148,0
2022-10-28,5+2,130427867.29,0,0,1
2022-10-28,5+1,948590.31,1,0,0
2022-10-28,5+0,13856.32,16,3,0
2022-10-28,4+2,945.95,73,11,0
2022-10-28,4+1,54.85,2319,367,0
2022-10-28,3+2,68.40,1966,172,0
2022-10-28,4+0,12.71,7431,1287,0
2022-10-28,2+2,17.24,27405,2280,0
2022-10-28,3+1,11.70,45029,4452,0
2022-10-28,3+0,7.87,124632,14141,0
2022-10-28,1+2,8.20,144772,12457,0
2022-10-28,2+1,6.05,618311,58037,0
2022-10-28,2+0,3.70,1628382,173601,0
2022-11-01,5+2,142364827.00,0,0,1
2022-11-01,5+1,370898.38,2,0,0
2022-11-01,5+0,21671.26,8,0,0
2022-11-01,4+2,2160.02,25,5,0
2022-11-01,4+1,158.90,626,59,0
2022-11-01,3+2,78.06,1347,89,0
2022-11-01,4+0,51.35,1439,92,0
2022-11-01,2+2,16.35,22587,1547,0
2022-11-01,3+1,14.26,28884,2053,0
2022-11-01,3+0,10.87,70570,5085,0
2022-11-01,1+2,7.36,126246,8846,0
2022-11-01,2+1,6.55,446372,31578,0
2022-11-01,2+0,4.38,1075611,79357,0
2022-11-04,5+2,160788895.00,1,0,0
2022-11-04,5+1,572462.09,2,0,0
2022-11-04,5+0,26758.76,10,1,0
2022-11-04,4+2,1634.25,51,6,0
2022-11-04,4+1,139.57,1100,91,0
2022-11-04,3+2,75.87,2139,140,0
2022-11-04,4+0,50.48,2259,154,0
2022-11-04,2+2,16.77,33996,2767,0
2022-11-04,3+1,12.40,51290,4158,0
2022-11-04,3+0,11.31,104682,7565,0
2022-11-04,1+2,7.41,193417,16636,0
2022-11-04,2+1,5.66,797170,67686,0
2022-11-04,2+0,4.50,1616411,126075,0
2022-11-08,5+2,17000000.00,0,0,1
2022-11-08,5+1,173618.29,3,0,0
2022-11-08,5+0,40577.45,3,1,0
2022-11-08,4+2,2527.77,15,1,0
2022-11-08,4+1,154.87,451,43,0
2022-11-08,3+2,75.42,979,103,0
2022-11-08,4+0,46.82,1108,106,0
2022-11-08,2+2,15.62,16606,1780,0
2022-11-08,3+1,12.93,22369,2457,0
2022-11-08,3+0,10.42,51701,5460,0
2022-11-08,1+2,7.20,90609,9133,0
2022-11-08,2+1,5.77,355759,39112,0
2022-11-08,2+0,4.02,821545,85935,0
2022-11-11,5+2,30268879.25,0,0,1
2022-11-11,5+1,230878.49,3,0,0
2022-11-11,5+0,20235.04,8,2,0
2022-11-11,4+2,1440.62,35,1,0
2022-11-11,4+1,121.57,764,78,0
2022-11-11,3+2,61.10,1607,146,0
2022-11-11,4+0,43.53,1585,136,0
2022-11-11,2+2,14.60,23625,2121,0
2022-11-11,3+1,10.91,35260,3597,0
2022-11-11,3+0,9.07,78973,7578,0
2022-11-11,1+2,7.37,117657,10639,0
2022-11-11,2+1,5.36,509901,54314,0
2022-11-11,2+0,3.78,1164650,120673,0
2022-11-15,5+2,40593926.40,0,0,1
2022-11-15,5+1,179655.82,3,1,0
2022-11-15,5+0,20994.26,6,1,0
2022-11-15,4+2,1569.40,25,2,0
2022-11-15,4+1,121.47,595,56,0
2022-11-15,3+2,64.97,1176,105,0
2022-11-15,4+0,27.78,1932,200,0
2022-11-15,2+2,16.71,16057,1467,0
2022-11-15,3+1,11.48,26062,2537,0
2022-11-15,3+0,7.02,79418,8410,0
2022-11-15,1+2,8.34,80918,7018,0
2022-11-15,2+1,6.10,348245,33071,0
2022-11-15,2+0,3.33,1026922,104706,0
2022-11-18,5+2,54718416.00,0,0,1
2022-11-18,5+1,245766.11,3,0,0
2022-11-18,5+0,15665.34,11,2,0
2022-11-18,4+2,1626.45,33,2,0
2022-11-18,4+1,150.26,658,52,0
2022-11-18,3+2,73.39,1424,136,0
2022-11-18,4+0,42.65,1722,166,0
2022-11-18,2+2,17.25,21279,2022,0
2022-11-18,3+1,13.37,30629,2812,0
2022-11-18,3+0,9.69,78666,7850,0
2022-11-18,1+2,8.05,114630,10717,0
2022-11-18,2+1,6.28,463190,44766,0
2022-11-18,2+0,3.90,1201485,126951,0
2022-11-22,5+2,65446418.35,0,0,1
2022-11-22,5+1,280000.86,2,0,0
2022-11-22,5+0,43627.20,3,0,0
2022-11-22,4+2,2038.32,20,3,0
2022-11-22,4+1,149.29,503,45,0
2022-11-22,3+2,65.39,1214,92,0
2022-11-22,4+0,47.68,1170,104,0
2022-11-22,2+2,14.60,19094,1527,0
2022-11-22,3+1,11.68,26626,2311,0
2022-11-22,3+0,9.58,60413,5326,0
2022-11-22,1+2,6.90,101554,8213,0
2022-11-22,2+1,5.37,411289,38248,0
2022-11-22,2+0,3.86,921198,84371,0
2022-11-25,5+2,77861913.00,0,0,1
2022-11-25,5+1,192883.57,4,0,0
2022-11-25,5+0,18032.02,10,1,0
2022-11-25,4+2,1440.13,39,2,0
2022-11-25,4+1,127.41,812,64,0
2022-11-25,3+2,55.07,1986,211,0
2022-11-25,4+0,45.55,1687,202,0
2022-11-25,2+2,12.71,30221,3292,0
2022-11-25,3+1,11.95,35846,3750,0
2022-11-25,3+0,10.21,78160,8178,0
2022-11-25,1+2,5.87,164651,17978,0
2022-11-25,2+1,5.70,533344,52833,0
2022-11-25,2+0,4.24,1156230,115421,0
2022-11-29,5+2,87748883.00,0,0,1
2022-11-29,5+1,614404.56,1,0,0
2022-11-29,5+0,143596.46,1,0,0
2022-11-29,4+2,1863.61,24,3,0
2022-11-29,4+1,149.25,552,60,0
2022-11-29,3+2,82.87,1051,93,0
2022-11-29,4+0,43.56,1405,133,0
2022-11-29,2+2,18.92,16173,1394,0
2022-11-29,3+1,13.14,25966,2764,0
2022-11-29,3+0,9.92,64037,6683,0
2022-11-29,1+2,8.86,86791,7236,0
2022-11-29,2+1,6.22,389623,37407,0
2022-11-29,2+0,4.01,972239,93672,0
2022-12-02,5+2,130000000.00,0,0,1
2022-12-02,5+1,1174364.11,1,0,0
2022-12-02,5+0,21112.94,13,2,0
2022-12-02,4+2,1378.87,62,9,0
2022-12-02,4+1,140.35,1122,138,0
2022-12-02,3+2,65.15,2555,215,0
2022-12-02,4+0,42.09,2779,351,0
2022-12-02,2+2,15.36,38067,3060,0
2022-12-02,3+1,12.12,53798,5635,0
2022-12-02,3+0,9.85,123299,13034,0
2022-12-02,1+2,7.25,202760,14867,0
2022-12-02,2+1,5.96,776392,68500,0
2022-12-02,2+0,4.09,1820950,170119,0
2022-12-06,5+2,142897164.00,1,0,0
2022-12-06,5+1,160293.31,5,0,0
2022-12-06,5+0,46828.98,4,0,0
2022-12-06,4+2,956.46,61,3,0
2022-12-06,4+1,119.15,902,82,0
2022-12-06,3+2,65.41,1737,151,0
2022-12-06,4+0,34.19,2335,181,0
2022-12-06,2+2,16.43,24294,1859,0
2022-12-06,3+1,10.74,41422,3304,0
2022-12-06,3+0,7.95,104275,8023,0
2022-12-06,1+2,8.12,123593,9519,0
2022-12-06,2+1,5.48,576321,45581,0
2022-12-06,2+0,3.51,1447771,114651,0
2022-12-09,5+2,17000000.00,0,0,1
2022-12-09,5+1,343883.09,2,0,0
2022-12-09,5+0,26790.38,6,1,0
2022-12-09,4+2,1430.49,35,3,0
2022-12-09,4+1,157.92,584,75,0
2022-12-09,3+2,68.56,1422,144,0
2022-12-09,4+0,47.84,1432,176,0
2022-12-09,2+2,15.95,21477,2390,0
2022-12-09,3+1,13.04,29299,3243,0
2022-12-09,3+0,10.98,64789,7144,0
2022-12-09,1+2,7.08,121538,13787,0
2022-12-09,2+1,6.00,452332,50251,0
2022-12-09,2+0,4.37,999745,109255,0
2022-12-13,5+2,27040539.30,0,0,1
2022-12-13,5+1,131029.03,4,0,0
2022-12-13,5+0,7205.56,17,2,0
2022-12-13,4+2,1658.87,23,0,0
2022-12-13,4+1,90.10,780,62,0
2022-12-13,3+2,69.56,1068,90,0
2022-12-13,4+0,18.88,2764,272,0
2022-12-13,2+2,18.46,14135,1168,0
2022-12-13,3+1,10.26,28374,2278,0
2022-12-13,3+0,5.87,92344,9074,0
2022-12-13,1+2,9.18,71516,6083,0
2022-12-13,2+1,5.84,353831,29715,0
2022-12-13,2+0,3.12,1065206,107721,0
2022-12-16,5+2,40613995.00,0,0,1
2022-12-16,5+1,354267.18,2,0,0
2022-12-16,5+0,41399.03,4,1,0
2022-12-16,4+2,937.80,55,6,0
2022-12-16,4+1,117.30,810,97,0
2022-12-16,3+2,40.93,2454,298,0
2022-12-16,4+0,45.10,1565,195,0
2022-12-16,2+2,9.80,35975,3932,0
2022-12-16,3+1,10.45,37644,4474,0
2022-12-16,3+0,10.13,72341,7855,0
2022-12-16,1+2,4.91,180570,19193,0
2022-12-16,2+1,5.05,553257,61463,0
2022-12-16,2+0,4.21,1067805,113466,0
2022-12-20,5+2,51605931.00,1,0,0
2022-12-20,5+1,81968.43,7,0,0
2022-12-20,5+0,14900.17,9,1,0
2022-12-20,4+2,803.25,52,7,0
2022-12-20,4+1,71.44,1077,120,0
2022-12-20,3+2,42.45,1916,191,0
2022-12-20,4+0,26.01,2197,229,0
2022-12-20,2+2,12.01,23778,2379,0
2022-12-20,3+1,7.85,40581,4378,0
2022-12-20,3+0,7.06,84067,8350,0
2022-12-20,1+2,6.44,111476,10475,0
2022-12-20,2+1,4.41,512306,56135,0
2022-12-20,2+0,3.52,1034823,102858,0
2022-12-23,5+2,17000000.00,0,0,1
2022-12-23,5+1,363954.64,2,0,0
2022-12-23,5+0,17012.43,10,1,0
2022-12-23,4+2,1558.51,34,3,0
2022-12-23,4+1,121.10,806,80,0
2022-12-23,3+2,55.89,1846,270,0
2022-12-23,4+0,39.90,1817,217,0
2022-12-23,2+2,14.26,25410,3283,0
2022-12-23,3+1,10.13,39914,5688,0
2022-12-23,3+0,8.47,88854,10841,0
2022-12-23,1+2,7.01,130022,15432,0
2022-12-23,2+1,5.23,548914,67499,0
2022-12-23,2+0,3.73,1237331,137475,0
2022-12-27,5+2,26956990.00,1,1,0
2022-12-27,5+1,259877.42,2,0,0
2022-12-27,5+0,121475.27,1,0,0
2022-12-27,4+2,1182.39,32,2,0
2022-12-27,4+1,134.55,518,40,0
2022-12-27,3+2,54.37,1355,166,0
2022-12-27,4+0,51.01,1015,75,0
2022-12-27,2+2,12.38,20900,2500,0
2022-12-27,3+1,11.74,24579,2295,0
2022-12-27,3+0,11.02,48772,4129,0
2022-12-27,1+2,5.38,120871,16600,0
2022-12-27,2+1,5.64,363093,36572,0
2022-12-27,2+0,4.61,715483,64324,0
2022-12-30,5+2,17000000.00,0,0,1
2022-12-30,5+1,177017.39,4,1,0
2022-12-30,5+0,23641.07,7,1,0
2022-12-30,4+2,1145.45,45,0,0
2022-12-30,4+1,165.13,575,55,0
2022-12-30,3+2,68.47,1466,136,0
2022-12-30,4+0,49.70,1419,137,0
2022-12-30,2+2,16.64,21194,2273,0
2022-12-30,3+1,13.41,29331,3140,0
2022-12-30,3+0,10.72,68285,7257,0
2022-12-30,1+2,7.18,123442,14526,0
2022-12-30,2+1,6.42,434802,48239,0
2022-12-30,2+0,4.44,1011708,113854,0
2023-01-03,5+2,26981449.00,0,0,1
2023-01-03,5+1,260515.81,2,1,0
2023-01-03,5+0,24354.73,5,1,0
2023-01-03,4+2,1806.16,21,2,0
2023-01-03,4+1,174.67,400,37,0
2023-01-03,3+2,80.02,923,87,0
2023-01-03,4+0,57.47,903,104,0
2023-01-03,2+2,16.34,15877,1511,0
2023-01-03,3+1,14.28,20261,2143,0
2023-01-03,3+0,11.59,46476,5140,0
2023-01-03,1+2,7.19,90728,8276,0
2023-01-03,2+1,6.20,331619,35376,0
2023-01-03,2+0,4.38,755050,83254,0
2023-01-06,5+2,40092766.40,0,0,1
2023-01-06,5+1,342205.38,2,0,0
2023-01-06,5+0,0.00,0,0,0
2023-01-06,4+2,9989.57,21,1,0
2023-01-06,4+1,171.54,535,39,0
2023-01-06,3+2,75.21,1290,112,0
2023-01-06,4+0,50.05,1362,189,0
2023-01-06,2+2,19.57,17414,1679,0
2023-01-06,3+1,14.96,25411,2791,0
2023-01-06,3+0,11.15,63472,7773,0
2023-01-06,1+2,9.11,94055,8970,0
2023-01-06,2+1,6.92,390026,40200,0
2023-01-06,2+0,4.40,986599,117045,0
2023-01-10,5+2,51358215.00,0,0,1
2023-01-10,5+1,0.00,0,0,0
2023-01-10,5+0,145098.97,5,0,0
2023-01-10,4+2,1528.88,28,5,0
2023-01-10,4+1,142.85,552,47,0
2023-01-10,3+2,62.49,1334,96,0
2023-01-10,4+0,43.65,1342,118,0
2023-01-10,2+2,14.68,19941,1621,0
2023-01-10,3+1,12.59,25943,2388,0
2023-01-10,3+0,10.22,59495,5674,0
2023-01-10,1+2,7.00,105242,8697,0
2023-01-10,2+1,5.82,398664,38668,0
2023-01-10,2+0,4.10,911043,89762,0
2023-01-13,5+2,68825114.00,1,0,0
2023-01-13,5+1,182354.43,5,0,0
2023-01-13,5+0,19372.37,11,0,0
2023-01-13,4+2,1005.66,66,3,0
2023-01-13,4+1,108.77,1124,124,0
2023-01-13,3+2,55.16,2343,255,0
2023-01-13,4+0,32.23,2818,272,0
2023-01-13,2+2,14.21,31940,3575,0
2023-01-13,3+1,10.33,48995,5377,0
2023-01-13,3+0,8.09,116575,12556,0
2023-01-13,1+2,7.00,163100,18519,0
2023-01-13,2+1,5.39,667206,76161,0
2023-01-13,2+0,3.69,1566569,172151,0
2023-01-17,5+2,17000000.00,0,0,1
2023-01-17,5+1,82263.66,6,1,0
2023-01-17,5+0,38452.74,3,0,0
2023-01-17,4+2,1197.70,30,2,0
2023-01-17,4+1,159.49,415,33,0
2023-01-17,3+2,59.60,1174,140,0
2023-01-17,4+0,51.11,962,98,0
2023-01-17,2+2,13.07,18805,2174,0
2023-01-17,3+1,12.94,21186,2156,0
2023-01-17,3+0,11.03,46272,4682,0
2023-01-17,1+2,5.76,107208,12749,0
2023-01-17,2+1,5.89,330237,35608,0
2023-01-17,2+0,4.37,717298,76795,0
2023-01-20,5+2,30055348.35,0,0,1
2023-01-20,5+1,170372.29,4,0,0
2023-01-20,5+0,19909.40,8,2,0
2023-01-20,4+2,1378.06,36,2,0
2023-01-20,4+1,125.87,726,82,0
2023-01-20,3+2,58.58,1649,143,0
2023-01-20,4+0,42.75,1588,196,0
2023-01-20,2+2,13.80,24580,2330,0
2023-01-20,3+1,10.85,34871,3689,0
2023-01-20,3+0,8.92,78980,9348,0
2023-01-20,1+2,6.70,127330,12005,0
2023-01-20,2+1,5.31,506287,54635,0
2023-01-20,2+0,3.84,1128008,131341,0
2023-01-24,5+2,40135672.45,0,0,1
2023-01-24,5+1,263096.45,2,0,0
2023-01-24,5+0,30744.98,4,1,0
2023-01-24,4+2,1126.62,34,4,0
2023-01-24,4+1,142.26,496,61,0
2023-01-24,3+2,56.72,1315,127,0
2023-01-24,4+0,48.71,1076,104,0
2023-01-24,2+2,13.77,19025,1735,0
2023-01-24,3+1,12.02,24315,2432,0
2023-01-24,3+0,10.84,50173,5021,0
2023-01-24,1+2,6.70,98362,8473,0
2023-01-24,2+1,5.76,360151,34995,0
2023-01-24,2+0,4.46,748772,72126,0
2023-01-27,5+2,54426133.25,0,0,1
2023-01-27,5+1,186490.51,4,0,0
2023-01-27,5+0,13411.04,13,1,0
2023-01-27,4+2,1645.56,33,2,0
2023-01-27,4+1,125.51,797,54,0
2023-01-27,3+2,70.26,1505,109,0
2023-01-27,4+0,28.31,2624,229,0
2023-01-27,2+2,18.49,20087,1670,0
2023-01-27,3+1,12.32,33629,2655,0
2023-01-27,3+0,6.93,111310,10771,0
2023-01-27,1+2,9.21,101419,8330,0
2023-01-27,2+1,6.32,465139,38247,0
2023-01-27,2+0,3.21,1474197,153871,0
2023-01-31,5+2,66081021.00,1,0,0
2023-01-31,5+1,202795.03,3,0,0
2023-01-31,5+0,28437.92,5,0,0
2023-01-31,4+2,447.35,99,16,0
2023-01-31,4+1,83.93,972,93,0
2023-01-31,3+2,22.13,3897,467,0
2023-01-31,4+0,35.19,1722,121,0
2023-01-31,2+2,6.41,47231,5202,0
2023-01-31,3+1,8.02,42115,3624,0
2023-01-31,3+0,8.39,74951,6081,0
2023-01-31,1+2,3.81,199918,22020,0
2023-01-31,2+1,4.40,544979,48282,0
2023-01-31,2+0,3.86,1000376,83718,0
2023-02-03,5+2,26903914.40,0,0,1
2023-02-03,5+1,200626.33,7,0,0
2023-02-03,5+0,10940.92,30,4,0
2023-02-03,4+2,1053.96,97,7,0
2023-02-03,4+1,116.03,1623,143,0
2023-02-03,3+2,55.90,3561,241,0
2023-02-03,4+0,34.68,4033,364,0
2023-02-03,2+2,14.04,49800,3398,0
2023-02-03,3+1,11.40,68391,5390,0
2023-02-03,3+0,9.10,159540,13581,0
2023-02-03,1+2,6.73,261401,17955,0
2023-02-03,2+1,5.71,969875,77979,0
2023-02-03,2+0,3.96,2249589,187501,0
2023-02-07,5+2,37368401.40,0,0,1
2023-02-07,5+1,109249.24,5,0,0
2023-02-07,5+0,21277.79,6,1,0
2023-02-07,4+2,2092.89,19,2,0
2023-02-07,4+1,163.87,447,43,0
2023-02-07,3+2,61.07,1268,120,0
2023-02-07,4+0,51.82,1050,75,0
2023-02-07,2+2,13.27,20488,1925,0
2023-02-07,3+1,13.46,22536,2155,0
2023-02-07,3+0,11.35,49757,4499,0
2023-02-07,1+2,5.62,121583,12031,0
2023-02-07,2+1,5.96,361349,34501,0
2023-02-07,2+0,4.46,778049,71924,0
2023-02-10,5+2,51805568.10,0,0,1
2023-02-10,5+1,62801.67,12,3,0
2023-02-10,5+0,10360.79,17,0,0
2023-02-10,4+2,660.97,83,11,0
2023-02-10,4+1,87.80,1151,106,0
2023-02-10,3+2,33.55,3184,309,0
2023-02-10,4+0,35.76,2099,163,0
2023-02-10,2+2,10.71,35034,4312,0
2023-02-10,3+1,9.99,41898,4340,0
2023-02-10,3+0,9.50,82058,7450,0
2023-02-10,1+2,5.36,176046,21526,0
2023-02-10,2+1,5.02,592301,65370,0
2023-02-10,2+0,4.12,1160251,111893,0
2023-02-14,5+2,63133766.30,0,0,1
2023-02-14,5+1,147832.98,4,0,0
2023-02-14,5+0,69102.00,2,0,0
2023-02-14,4+2,2049.86,21,2,0
2023-02-14,4+1,129.78,611,52,0
2023-02-14,3+2,77.76,1078,108,0
2023-02-14,4+0,51.49,1144,118,0
2023-02-14,2+2,17.80,16539,1380,0
2023-02-14,3+1,12.81,25640,2095,0
2023-02-14,3+0,11.50,53177,4183,0
2023-02-14,1+2,7.77,95339,8762,0
2023-02-14,2+1,5.94,392777,34559,0
2023-02-14,2+0,4.67,803215,66168,0
2023-02-17,5+2,78038271.30,0,0,1
2023-02-17,5+1,389007.58,2,0,0
2023-02-17,5+0,18183.49,10,2,0
2023-02-17,4+2,1490.45,38,6,0
2023-02-17,4+1,114.02,915,106,0
2023-02-17,3+2,57.11,1931,189,0
2023-02-17,4+0,36.36,2131,268,0
2023-02-17,2+2,13.66,28368,2777,0
2023-02-17,3+1,10.95,39444,3957,0
2023-02-17,3+0,8.42,95550,10258,0
2023-02-17,1+2,6.66,146242,14959,0
2023-02-17,2+1,5.55,553040,55136,0
2023-02-17,2+0,3.74,1322109,136024,0
2023-02-21,5+2,87872368.18,0,0,1
2023-02-21,5+1,305559.43,2,1,0
2023-02-21,5+0,47609.51,3,0,0
2023-02-21,4+2,1202.36,37,4,0
2023-02-21,4+1,138.66,591,49,0
2023-02-21,3+2,54.24,1597,115,0
2023-02-21,4+0,49.09,1240,85,0
2023-02-21,2+2,12.31,24718,2008,0
2023-02-21,3+1,12.40,27372,2188,0
2023-02-21,3+0,11.05,57167,4350,0
2023-02-21,1+2,5.25,145813,12445,0
2023-02-21,2+1,5.76,418022,34964,0
2023-02-21,2+0,4.51,861278,70538,0
2023-02-24,5+2,102242065.00,1,0,0
2023-02-24,5+1,446486.98,2,0,0
2023-02-24,5+0,18972.97,11,0,0
2023-02-24,4+2,1000.08,65,3,0
2023-02-24,4+1,92.46,1295,93,0
2023-02-24,3+2,65.18,1942,143,0
2023-02-24,4+0,31.99,2780,172,0
2023-02-24,2+2,15.19,29277,2562,0
2023-02-24,3+1,10.32,48033,4015,0
2023-02-24,3+0,8.94,103245,8140,0
2023-02-24,1+2,7.06,158336,14880,0
2023-02-24,2+1,5.39,653739,58588,0
2023-02-24,2+0,4.01,1414630,119722,0
2023-02-28,5+2,17000000.00,0,0,1
2023-02-28,5+1,104365.11,5,1,0
2023-02-28,5+0,12195.92,10,1,0
2023-02-28,4+2,1309.90,29,3,0
2023-02-28,4+1,134.05,522,55,0
2023-02-28,3+2,63.38,1167,94,0
2023-02-28,4+0,46.28,1123,90,0
2023-02-28,2+2,15.39,16880,1594,0
2023-02-28,3+1,12.10,23943,2162,0
2023-02-28,3+0,9.71,55554,4955,0
2023-02-28,1+2,7.26,89949,8713,0
2023-02-28,2+1,5.96,345266,32935,0
2023-02-28,2+0,4.17,795288,73761,0
2023-03-03,5+2,130000000.00,0,0,1
2023-03-03,5+1,150850.40,9,2,0
2023-03-03,5+0,13795.91,23,2,0
2023-03-03,4+2,1392.01,71,7,0
2023-03-03,4+1,115.66,1574,115,0
2023-03-03,3+2,69.53,2768,235,0
2023-03-03,4+0,32.43,4170,383,0
2023-03-03,2+2,17.77,38046,3152,0
2023-03-03,3+1,11.93,63197,5129,0
2023-03-03,3+0,7.99,175575,16668,0
2023-03-03,1+2,8.59,197887,15543,0
2023-03-03,2+1,6.03,887391,69257,0
2023-03-03,2+0,3.60,2391851,221119,0
2023-03-07,5+2,144966361.00,1,0,0
2023-03-07,5+1,186010.48,5,2,0
2023-03-07,5+0,19760.77,11,0,0
2023-03-07,4+2,1302.01,52,2,0
2023-03-07,4+1,116.99,1066,113,0
2023-03-07,3+2,58.99,2235,157,0
2023-03-07,4+0,43.25,2142,178,0
2023-03-07,2+2,14.15,32721,2126,0
2023-03-07,3+1,11.48,44979,3531,0
2023-03-07,3+0,9.32,103188,8467,0
2023-03-07,1+2,7.08,164414,10660,0
2023-03-07,2+1,5.59,655921,48414,0
2023-03-07,2+0,3.89,1519654,118320,0
2023-03-10,5+2,17000000.00,0,0,1
2023-03-10,5+1,179080.66,4,0,0
2023-03-10,5+0,55805.46,3,0,0
2023-03-10,4+2,1489.88,35,2,0
2023-03-10,4+1,154.93,620,48,0
2023-03-10,3+2,54.04,1879,203,0
2023-03-10,4+0,51.15,1395,131,0
2023-03-10,2+2,12.20,29236,2978,0
2023-03-10,3+1,13.00,30605,2916,0
2023-03-10,3+0,11.41,64889,6208,0
2023-03-10,1+2,5.19,172837,17956,0
2023-03-10,2+1,5.87,481535,49481,0
2023-03-10,2+0,4.58,993900,101122,0
2023-03-14,5+2,27135288.35,0,0,1
2023-03-14,5+1,176354.01,3,0,0
2023-03-14,5+0,20608.41,6,0,0
2023-03-14,4+2,1426.44,27,1,0
2023-03-14,4+1,150.31,472,31,0
2023-03-14,3+2,84.27,890,69,0
2023-03-14,4+0,40.88,1289,150,0
2023-03-14,2+2,20.57,12806,1081,0
2023-03-14,3+1,13.91,21120,1886,0
2023-03-14,3+0,9.13,59941,6444,0
2023-03-14,1+2,9.65,68655,5918,0
2023-03-14,2+1,6.97,299524,25262,0
2023-03-14,2+0,3.94,853081,85114,0
2023-03-17,5+2,40979052.35,0,0,1
2023-03-17,5+1,103234.92,7,0,0
2023-03-17,5+0,16889.39,10,2,0
2023-03-17,4+2,1696.97,31,2,0
2023-03-17,4+1,130.77,741,68,0
2023-03-17,3+2,72.70,1409,129,0
2023-03-17,4+0,39.64,1816,153,0
2023-03-17,2+2,17.02,21143,2067,0
2023-03-17,3+1,12.09,33206,3198,0
2023-03-17,3+0,9.63,77603,7455,0
2023-03-17,1+2,8.03,112699,11145,0
2023-03-17,2+1,5.95,478919,47122,0
2023-03-17,2+0,4.04,1136779,112292,0
2023-03-21,5+2,51752818.00,0,0,1
2023-03-21,5+1,281195.27,2,1,0
2023-03-21,5+0,21906.65,6,1,0
2023-03-21,4+2,1462.15,28,4,0
2023-03-21,4+1,106.07,711,88,0
2023-03-21,3+2,58.62,1360,138,0
2023-03-21,4+0,40.62,1379,144,0
2023-03-21,2+2,14.57,19222,1912,0
2023-03-21,3+1,10.05,31063,3306,0
2023-03-21,3+0,9.41,61825,6013,0
2023-03-21,1+2,6.87,102509,9400,0
2023-03-21,2+1,5.01,442730,44800,0
2023-03-21,2+0,4.05,881019,82122,0
2023-03-24,5+2,66287741.00,1,0,0
2023-03-24,5+1,126453.83,6,0,0
2023-03-24,5+0,25332.29,7,3,0
2023-03-24,4+2,1624.49,34,6,0
2023-03-24,4+1,117.75,864,70,0
2023-03-24,3+2,62.89,1710,148,0
2023-03-24,4+0,39.86,1896,136,0
2023-03-24,2+2,15.61,24195,2162,0
2023-03-24,3+1,12.06,34942,2913,0
2023-03-24,3+0,9.20,85287,7555,0
2023-03-24,1+2,7.57,125436,10723,0
2023-03-24,2+1,5.90,506644,44189,0
2023-03-24,2+0,3.93,1225880,115659,0
2023-03-28,5+2,17000000.00,0,0,1
2023-03-28,5+1,482807.54,1,0,0
2023-03-28,5+0,28210.01,4,0,0
2023-03-28,4+2,1849.83,19,1,0
2023-03-28,4+1,136.88,473,49,0
2023-03-28,3+2,87.86,779,68,0
2023-03-28,4+0,45.80,1050,112,0
2023-03-28,2+2,20.91,11497,945,0
2023-03-28,3+1,13.28,20191,2015,0
2023-03-28,3+0,10.46,47747,5441,0
2023-03-28,1+2,9.55,63320,5259,0
2023-03-28,2+1,6.25,304758,28851,0
2023-03-28,2+0,4.30,713672,73845,0
2023-03-31,5+2,30291562.35,0,0,1
2023-03-31,5+1,346909.77,2,0,0
2023-03-31,5+0,54052.35,3,0,0
2023-03-31,4+2,1870.66,27,5,0
2023-03-31,4+1,137.63,676,60,0
2023-03-31,3+2,64.96,1514,143,0
2023-03-31,4+0,46.04,1501,151,0
2023-03-31,2+2,15.51,22272,2244,0
2023-03-31,3+1,12.34,31227,3198,0
2023-03-31,3+0,10.15,70706,6911,0
2023-03-31,1+2,7.27,119432,12337,0
2023-03-31,2+1,5.90,463717,49699,0
2023-03-31,2+0,4.16,1058817,105256,0
2023-04-04,5+2,40419101.00,0,0,1
2023-04-04,5+1,264328.74,2,1,0
2023-04-04,5+0,24711.19,5,0,0
2023-04-04,4+2,2405.29,16,2,0
2023-04-04,4+1,149.24,475,43,0
2023-04-04,3+2,55.59,1348,151,0
2023-04-04,4+0,47.35,1112,97,0
2023-04-04,2+2,11.95,22024,2490,0
2023-04-04,3+1,12.02,24416,2517,0
2023-04-04,3+0,10.54,51848,4892,0
2023-04-04,1+2,5.37,123299,14598,0
2023-04-04,2+1,5.56,374844,39350,0
2023-04-04,2+0,4.28,785097,74582,0
2023-04-07,5+2,53926196.00,0,0,1
2023-04-07,5+1,352535.18,2,0,0
2023-04-07,5+0,27464.42,6,1,0
2023-04-07,4+2,1555.36,33,5,0
2023-04-07,4+1,142.39,664,66,0
2023-04-07,3+2,60.90,1641,169,0
2023-04-07,4+0,44.06,1594,172,0
2023-04-07,2+2,18.12,19377,1464,0
2023-04-07,3+1,12.71,30798,3160,0
2023-04-07,3+0,10.19,71565,6985,0
2023-04-07,1+2,8.35,105720,7957,0
2023-04-07,2+1,6.48,429199,38480,0
2023-04-07,2+0,4.13,1083158,104056,0
2023-04-11,5+2,64268424.00,0,0,1
2023-04-11,5+1,269932.15,2,1,0
2023-04-11,5+0,12617.51,10,3,0
2023-04-11,4+2,1190.92,33,1,0
2023-04-11,4+1,91.63,790,85,0
2023-04-11,3+2,51.08,1498,119,0
2023-04-11,4+0,28.69,1874,192,0
2023-04-11,2+2,14.08,19088,1515,0
2023-04-11,3+1,9.48,31615,3158,0
2023-04-11,3+0,7.54,74016,7095,0
2023-04-11,1+2,7.13,94853,7305,0
2023-04-11,2+1,5.20,409669,37941,0
2023-04-11,2+0,3.51,975578,93693,0
2023-04-14,5+2,76614030.00,0,0,1
2023-04-14,5+1,383595.60,2,0,0
2023-04-14,5+0,25615.03,7,1,0
2023-04-14,4+2,1861.63,30,2,0
2023-04-14,4+1,118.66,867,70,0
2023-04-14,3+2,66.11,1645,157,0
2023-04-14,4+0,45.57,1677,142,0
2023-04-14,2+2,15.12,25265,2268,0
2023-04-14,3+1,11.24,37902,3101,0
2023-04-14,3+0,10.24,77447,6539,0
2023-04-14,1+2,6.78,141622,13268,0
2023-04-14,2+1,5.40,560348,50841,0
2023-04-14,2+0,4.33,1123822,104742,0
2023-04-18,5+2,86295887.25,0,0,1
2023-04-18,5+1,150414.57,4,2,0
2023-04-18,5+0,23436.24,6,0,0
2023-04-18,4+2,1183.75,37,0,0
2023-04-18,4+1,125.08,645,51,0
2023-04-18,3+2,78.75,1083,80,0
2023-04-18,4+0,35.63,1682,173,0
2023-04-18,2+2,18.08,16568,1315,0
2023-04-18,3+1,11.38,29365,2405,0
2023-04-18,3+0,7.85,79242,7900,0
2023-04-18,1+2,8.90,84684,6499,0
2023-04-18,2+1,5.89,402950,31648,0
2023-04-18,2+0,3.51,1089552,105962,0
2023-04-21,5+2,101652719.20,0,0,1
2023-04-21,5+1,318105.80,3,0,0
2023-04-21,5+0,17156.90,13,1,0
2023-04-21,4+2,926.28,75,7,0
2023-04-21,4+1,100.05,1279,103,0
2023-04-21,3+2,38.23,3538,336,0
2023-04-21,4+0,34.60,2747,205,0
2023-04-21,2+2,9.98,47595,4846,0
2023-04-21,3+1,9.80,54053,4352,0
2023-04-21,3+0,8.67,113805,8773,0
2023-04-21,1+2,5.09,234770,24661,0
2023-04-21,2+1,5.05,745626,62152,0
2023-04-21,2+0,3.78,1600549,124469,0
2023-04-25,5+2,113203135.00,0,0,1
2023-04-25,5+1,717775.83,1,0,0
2023-04-25,5+0,33551.20,5,2,0
2023-04-25,4+2,1306.29,40,1,0
2023-04-25,4+1,148.53,648,52,0
2023-04-25,3+2,59.26,1717,123,0
2023-04-25,4+0,42.18,1695,182,0
2023-04-25,2+2,18.10,19750,1278,0
2023-04-25,3+1,12.76,31233,2479,0
2023-04-25,3+0,9.33,79582,7330,0
2023-04-25,1+2,8.27,108657,6791,0
2023-04-25,2+1,6.76,418973,28125,0
2023-04-25,2+0,4.07,1119406,88460,0
2023-04-28,5+2,129017022.00,0,0,1
2023-04-28,5+1,982720.10,1,0,0
2023-04-28,5+0,16405.56,14,4,0
2023-04-28,4+2,1459.97,49,4,0
2023-04-28,4+1,110.37,1194,120,0
2023-04-28,3+2,68.29,2040,165,0
2023-04-28,4+0,29.91,3272,344,0
2023-04-28,2+2,16.76,29204,2177,0
2023-04-28,3+1,10.64,51296,4577,0
2023-04-28,3+0,7.25,140130,14206,0
2023-04-28,1+2,8.35,147338,10879,0
2023-04-28,2+1,5.55,697582,60030,0
2023-04-28,2+0,3.34,1866740,183551,0
2023-05-02,5+2,141358073.34,0,0,1
2023-05-02,5+1,383454.10,2,0,0
2023-05-02,5+0,29873.18,6,0,0
2023-05-02,4+2,2067.72,27,1,0
2023-05-02,4+1,135.49,759,43,0
2023-05-02,3+2,63.76,1705,101,0
2023-05-02,4+0,52.00,1469,85,0
2023-05-02,2+2,15.60,24471,1754,0
2023-05-02,3+1,11.46,37168,2423,0
2023-05-02,3+0,10.96,72324,4365,0
2023-05-02,1+2,7.24,132698,9445,0
2023-05-02,2+1,5.46,553646,40344,0
2023-05-02,2+0,4.55,1069150,69146,0
2023-05-05,5+2,53041075.00,3,0,0
2023-05-05,5+1,157711.02,7,2,0
2023-05-05,5+0,28668.62,9,0,0
2023-05-05,4+2,1164.72,69,5,0
2023-05-05,4+1,116.56,1270,88,0
2023-05-05,3+2,38.68,4046,337,0
2023-05-05,4+0,43.62,2521,158,0
2023-05-05,2+2,9.02,60931,5438,0
2023-05-05,3+1,10.59,57893,3970,0
2023-05-05,3+0,10.03,113767,7576,0
2023-05-05,1+2,4.25,325394,31106,0
2023-05-05,2+1,5.20,837510,61262,0
2023-05-05,2+0,4.19,1672707,119306,0
2023-05-09,5+2,17000000.00,0,0,1
2023-05-09,5+1,0.00,0,0,0
2023-05-09,5+0,126107.92,5,2,0
2023-05-09,4+2,885.85,42,3,0
2023-05-09,4+1,80.53,851,114,0
2023-05-09,3+2,35.22,2057,255,0
2023-05-09,4+0,34.47,1477,154,0
2023-05-09,2+2,9.89,25727,2573,0
2023-05-09,3+1,7.94,35739,3768,0
2023-05-09,3+0,8.15,64835,6968,0
2023-05-09,1+2,5.32,120240,11602,0
2023-05-09,2+1,4.42,455562,47331,0
2023-05-09,2+0,3.77,859732,88089,0
2023-05-12,5+2,30501494.00,0,0,1
2023-05-12,5+1,234925.98,3,0,0
2023-05-12,5+0,20589.77,8,0,0
2023-05-12,4+2,1425.15,36,2,0
2023-05-12,4+1,139.80,676,62,0
2023-05-12,3+2,54.77,1824,174,0
2023-05-12,4+0,48.55,1446,122,0
2023-05-12,2+2,11.65,30108,2891,0
2023-05-12,3+1,11.45,34193,3346,0
2023-05-12,3+0,9.52,76574,8141,0
2023-05-12,1+2,5.57,158399,16136,0
2023-05-12,2+1,5.24,530715,53545,0
2023-05-12,2+0,3.78,1183027,128439,0
2023-05-16,5+2,40834212.05,0,0,1
2023-05-16,5+1,539367.90,1,0,0
2023-05-16,5+0,18008.45,7,1,0
2023-05-16,4+2,1636.01,24,2,0
2023-05-16,4+1,116.84,619,57,0
2023-05-16,3+2,61.21,1249,95,0
2023-05-16,4+0,38.99,1378,120,0
2023-05-16,2+2,15.21,17659,1391,0
2023-05-16,3+1,10.38,28842,2548,0
2023-05-16,3+0,8.46,65918,6252,0
2023-05-16,1+2,7.46,90548,7236,0
2023-05-16,2+1,5.41,392797,34190,0
2023-05-16,2+0,3.72,921483,86928,0
2023-05-19,5+2,54581705.15,0,0,1
2023-05-19,5+1,239206.37,3,0,0
2023-05-19,5+0,16771.94,10,1,0
2023-05-19,4+2,1187.28,44,3,0
2023-05-19,4+1,112.68,854,76,0
2023-05-19,3+2,46.90,2169,185,0
2023-05-19,4+0,41.46,1724,160,0
2023-05-19,2+2,11.85,30151,3038,0
2023-05-19,3+1,11.49,34696,3394,0
2023-05-19,3+0,10.53,70468,6342,0
2023-05-19,1+2,5.45,164870,17509,0
2023-05-19,2+1,5.76,491058,48647,0
2023-05-19,2+0,4.48,1016739,94644,0
2023-05-23,5+2,65331075.10,0,0,1
2023-05-23,5+1,187039.03,3,0,0
2023-05-23,5+0,18734.61,7,1,0
2023-05-23,4+2,1074.93,38,3,0
2023-05-23,4+1,105.97,710,59,0
2023-05-23,3+2,57.76,1377,110,0
2023-05-23,4+0,30.61,1826,196,0
2023-05-23,2+2,14.50,19268,1501,0
2023-05-23,3+1,10.10,30860,2745,0
2023-05-23,3+0,7.80,74395,6849,0
2023-05-23,1+2,7.11,98805,7765,0
2023-05-23,2+1,5.30,417707,37208,0
2023-05-23,2+0,3.59,992176,90003,0
2023-05-26,5+2,77603769.00,0,0,1
2023-05-26,5+1,190665.06,4,0,0
2023-05-26,5+0,59415.42,3,0,0
2023-05-26,4+2,1790.94,31,3,0
2023-05-26,4+1,139.52,733,64,0
2023-05-26,3+2,70.89,1525,110,0
2023-05-26,4+0,49.85,1524,143,0
2023-05-26,2+2,15.52,24475,2056,0
2023-05-26,3+1,12.73,33279,2918,0
2023-05-26,3+0,10.81,72955,6830,0
2023-05-26,1+2,6.70,142592,12129,0
2023-05-26,2+1,6.02,499263,45884,0
2023-05-26,2+0,4.41,1098037,102245,0
2023-05-30,5+2,87066382.07,0,0,1
2023-05-30,5+1,117606.76,5,0,0
2023-05-30,5+0,27486.63,5,0,0
2023-05-30,4+2,1712.28,25,2,0
2023-05-30,4+1,156.45,504,36,0
2023-05-30,3+2,58.58,1423,162,0
2023-05-30,4+0,55.31,1059,75,0
2023-05-30,2+2,12.41,23583,2791,0
2023-05-30,3+1,13.22,24707,2323,0
2023-05-30,3+0,11.03,55123,4746,0
2023-05-30,1+2,5.37,137171,15988,0
2023-05-30,2+1,5.94,390205,38169,0
2023-05-30,2+0,4.30,869044,78666,0
2023-06-02,5+2,130000000.00,1,0,0
2023-06-02,5+1,172851.14,7,1,0
2023-06-02,5+0,14883.53,19,2,0
2023-06-02,4+2,2048.40,43,2,0
2023-06-02,4+1,113.30,1432,96,0
2023-06-02,3+2,72.83,2355,167,0
2023-06-02,4+0,29.97,4021,440,0
2023-06-02,2+2,17.74,33967,2681,0
2023-06-02,3+1,11.55,58189,4570,0
2023-06-02,3+0,7.65,163451,15106,0
2023-06-02,1+2,8.59,176285,14332,0
2023-06-02,2+1,5.93,805125,63609,0
2023-06-02,2+0,3.51,2190204,205022,0
2023-06-06,5+2,17000000.00,0,0,1
2023-06-06,5+1,248559.59,2,2,0
2023-06-06,5+0,11618.49,10,1,0
2023-06-06,4+2,2783.75,13,1,0
2023-06-06,4+1,138.01,483,40,0
2023-06-06,3+2,65.92,1069,96,0
2023-06-06,4+0,38.77,1277,157,0
2023-06-06,2+2,16.21,15267,1308,0
2023-06-06,3+1,12.81,21545,2281,0
2023-06-06,3+0,9.66,53210,6211,0
2023-06-06,1+2,7.64,81443,6769,0
2023-06-06,2+1,6.07,323130,33760,0
2023-06-06,2+0,4.00,788725,87477,0
2023-06-09,5+2,29999077.00,0,0,1
2023-06-09,5+1,0.00,0,0,0
2023-06-09,5+0,139523.42,6,0,0
2023-06-09,4+2,1829.49,27,3,0
2023-06-09,4+1,185.32,491,39,0
2023-06-09,3+2,86.97,1106,120,0
2023-06-09,4+0,54.24,1246,129,0
2023-06-09,2+2,20.00,16897,1605,0
2023-06-09,3+1,15.52,24280,2287,0
2023-06-09,3+0,11.35,61820,6638,0
2023-06-09,1+2,9.38,90562,8688,0
2023-06-09,2+1,7.26,368537,34199,0
2023-06-09,2+0,4.38,984666,104490,0
2023-06-13,5+2,39998137.00,0,0,1
2023-06-13,5+1,260975.46,2,0,0
2023-06-13,5+0,30497.13,4,1,0
2023-06-13,4+2,1583.18,24,4,0
2023-06-13,4+1,162.39,431,36,0
2023-06-13,3+2,65.07,1137,105,0
2023-06-13,4+0,51.83,1003,91,0
2023-06-13,2+2,15.00,17324,1845,0
2023-06-13,3+1,12.55,23096,2531,0
2023-06-13,3+0,11.29,47792,4433,0
2023-06-13,1+2,6.91,94572,9465,0
2023-06-13,2+1,5.55,370621,40670,0
2023-06-13,2+0,4.39,754062,72492,0
2023-06-16,5+2,53695272.00,0,0,1
2023-06-16,5+1,357495.22,2,1,0
2023-06-16,5+0,0.00,0,0,0
2023-06-16,4+2,7305.13,30,2,0
2023-06-16,4+1,132.24,725,71,0
2023-06-16,3+2,71.27,1422,114,0
2023-06-16,4+0,42.90,1660,206,0
2023-06-16,2+2,17.29,20597,1905,0
2023-06-16,3+1,12.27,32355,3159,0
2023-06-16,3+0,10.12,73053,7539,0
2023-06-16,1+2,7.98,112220,9944,0
2023-06-16,2+1,5.94,474646,45105,0
2023-06-16,2+0,4.16,1090118,108539,0
2023-06-20,5+2,64343648.00,1,0,0
2023-06-20,5+1,111169.04,5,1,0
2023-06-20,5+0,43303.39,3,1,0
2023-06-20,4+2,1445.13,28,3,0
2023-06-20,4+1,92.25,808,72,0
2023-06-20,3+2,55.21,1427,139,0
2023-06-20,4+0,34.71,1595,109,0
2023-06-20,2+2,13.90,19914,2036,0
2023-06-20,3+1,9.53,32401,3417,0
2023-06-20,3+0,8.95,64230,5577,0
2023-06-20,1+2,6.87,101300,9715,0
2023-06-20,2+1,4.92,445356,45997,0
2023-06-20,2+0,3.96,892025,78122,0
2023-06-23,5+2,17000000.00,0,0,1
2023-06-23,5+1,318086.94,2,0,0
2023-06-23,5+0,148684.32,1,0,0
2023-06-23,4+2,2013.54,23,0,0
2023-06-23,4+1,137.15,622,65,0
2023-06-23,3+2,72.61,1242,115,0
2023-06-23,4+0,37.65,1683,199,0
2023-06-23,2+2,17.97,17629,1694,0
2023-06-23,3+1,12.48,28315,2672,0
2023-06-23,3+0,8.59,76547,8348,0
2023-06-23,1+2,8.72,91328,8788,0
2023-06-23,2+1,6.27,400175,37547,0
2023-06-23,2+0,3.67,1100172,121427,0
2023-06-27,5+2,26366576.00,0,0,1
2023-06-27,5+1,244467.63,2,0,0
2023-06-27,5+0,19045.37,6,1,0
2023-06-27,4+2,1078.57,33,0,0
2023-06-27,4+1,85.93,763,83,0
2023-06-27,3+2,43.26,1602,141,0
2023-06-27,4+0,29.55,1648,129,0
2023-06-27,2+2,10.75,22649,2181,0
2023-06-27,3+1,8.74,31074,3139,0
2023-06-27,3+0,7.40,68314,6704,0
2023-06-27,1+2,5.93,103274,9079,0
2023-06-27,2+1,4.62,417505,41160,0
2023-06-27,2+0,3.52,882869,87554,0
2023-06-30,5+2,39350951.00,0,0,1
2023-06-30,5+1,225928.11,3,0,0
2023-06-30,5+0,26401.56,6,0,0
2023-06-30,4+2,1591.63,31,3,0
2023-06-30,4+1,140.69,646,47,0
2023-06-30,3+2,67.28,1428,115,0
2023-06-30,4+0,45.80,1474,139,0
2023-06-30,2+2,15.63,21588,1688,0
2023-06-30,3+1,12.14,31013,2676,0
2023-06-30,3+0,9.88,70921,7161,0
2023-06-30,1+2,7.30,116296,9174,0
2023-06-30,2+1,5.68,470703,43656,0
2023-06-30,2+0,4.04,1064851,110321,0
2023-07-04,5+2,49799831.35,0,0,1
2023-07-04,5+1,272715.78,2,0,0
2023-07-04,5+0,12747.63,10,0,0
2023-07-04,4+2,684.58,58,5,0
2023-07-04,4+1,101.72,719,57,0
2023-07-04,3+2,28.22,2739,271,0
2023-07-04,4+0,33.72,1611,104,0
2023-07-04,2+2,8.99,30195,3474,0
2023-07-04,3+1,9.58,31605,2924,0
2023-07-04,3+0,8.50,66346,5444,0
2023-07-04,1+2,5.15,132533,14469,0
2023-07-04,2+1,5.11,421101,39046,0
2023-07-04,2+0,3.88,891791,76034,0
2023-07-07,5+2,63819633.00,0,0,1
2023-07-07,5+1,731833.63,1,0,0
2023-07-07,5+0,28506.92,6,0,0
2023-07-07,4+2,1065.50,50,2,0
2023-07-07,4+1,105.98,926,73,0
2023-07-07,3+2,42.07,2466,237,0
2023-07-07,4+0,34.46,2115,206,0
2023-07-07,2+2,10.84,33617,3162,0
2023-07-07,3+1,9.46,42976,3648,0
2023-07-07,3+0,7.89,95953,8317,0
2023-07-07,1+2,5.54,165314,16318,0
2023-07-07,2+1,4.92,586538,52864,0
2023-07-07,2+0,3.60,1288917,116936,0
2023-07-11,5+2,73242322.00,2,0,0
2023-07-11,5+1,195184.26,3,1,0
2023-07-11,5+0,22808.88,6,0,0
2023-07-11,4+2,991.31,43,3,0
2023-07-11,4+1,138.24,568,53,0
2023-07-11,3+2,49.94,1662,131,0
2023-07-11,4+0,44.93,1298,92,0
2023-07-11,2+2,11.77,24767,1936,0
2023-07-11,3+1,11.93,27258,2056,0
2023-07-11,3+0,9.77,61942,4755,0
2023-07-11,1+2,5.56,131874,10561,0
2023-07-11,2+1,5.67,407310,32676,0
2023-07-11,2+0,4.06,916501,76074,0
2023-07-14,5+2,17000000.00,0,0,1
2023-07-14,5+1,309646.04,2,0,0
2023-07-14,5+0,24123.12,6,1,0
2023-07-14,4+2,1610.09,28,5,0
2023-07-14,4+1,127.56,651,67,0
2023-07-14,3+2,62.13,1413,152,0
2023-07-14,4+0,45.69,1350,118,0
2023-07-14,2+2,14.32,21537,2391,0
2023-07-14,3+1,11.15,30850,3391,0
2023-07-14,3+0,10.60,60425,5733,0
2023-07-14,1+2,6.83,113533,12808,0
2023-07-14,2+1,5.19,470633,55590,0
2023-07-14,2+0,4.28,919464,92093,0
2023-07-18,5+2,26319523.40,0,0,1
2023-07-18,5+1,243239.56,2,0,0
2023-07-18,5+0,18949.69,6,0,0
2023-07-18,4+2,1362.08,26,2,0
2023-07-18,4+1,160.68,406,43,0
2023-07-18,3+2,65.12,1059,100,0
2023-07-18,4+0,48.22,1005,108,0
2023-07-18,2+2,15.47,15657,1548,0
2023-07-18,3+1,13.84,19519,1829,0
2023-07-18,3+0,10.76,46764,4585,0
2023-07-18,1+2,6.93,87899,8710,0
2023-07-18,2+1,6.32,303565,28740,0
2023-07-18,2+0,4.27,723488,71628,0
2023-07-21,5+2,38938247.10,0,0,1
2023-07-21,5+1,164674.34,4,1,0
2023-07-21,5+0,38487.10,4,1,0
2023-07-21,4+2,2084.83,23,3,0
2023-07-21,4+1,148.95,593,64,0
2023-07-21,3+2,67.76,1378,116,0
2023-07-21,4+0,50.59,1297,134,0
2023-07-21,2+2,15.55,21089,1982,0
2023-07-21,3+1,13.50,27088,2759,0
2023-07-21,3+0,11.56,58941,5874,0
2023-07-21,1+2,6.95,118614,11086,0
2023-07-21,2+1,5.78,449586,47797,0
2023-07-21,2+0,4.41,947756,101658,0
2023-07-25,5+2,48942250.00,0,0,1
2023-07-25,5+1,104441.78,5,1,0
2023-07-25,5+0,8136.58,15,2,0
2023-07-25,4+2,1583.96,24,0,0
2023-07-25,4+1,102.68,682,67,0
2023-07-25,3+2,57.34,1291,104,0
2023-07-25,4+0,22.10,2353,318,0
2023-07-25,2+2,16.12,16128,1236,0
2023-07-25,3+1,9.66,30007,2872,0
2023-07-25,3+0,5.78,93361,10608,0
2023-07-25,1+2,8.25,79211,5947,0
2023-07-25,2+1,5.45,378064,33436,0
2023-07-25,2+0,3.11,1066813,106487,0
2023-07-28,5+2,62712326.00,0,0,1
2023-07-28,5+1,0.00,0,0,0
2023-07-28,5+0,110849.11,8,1,0
2023-07-28,4+2,2093.05,25,0,0
2023-07-28,4+1,159.58,604,58,0
2023-07-28,3+2,64.16,1588,164,0
2023-07-28,4+0,49.31,1452,148,0
2023-07-28,2+2,13.56,26395,2679,0
2023-07-28,3+1,13.18,30296,2861,0
2023-07-28,3+0,11.17,66535,6553,0
2023-07-28,1+2,5.99,150228,15700,0
2023-07-28,2+1,5.86,483808,49644,0
2023-07-28,2+0,4.30,1060382,112042,0
2023-08-01,5+2,72144196.00,1,0,0
2023-08-01,5+1,293061.66,2,0,0
2023-08-01,5+0,45662.22,3,0,0
2023-08-01,4+2,836.62,51,3,0
2023-08-01,4+1,131.65,597,57,0
2023-08-01,3+2,64.96,1279,105,0
2023-08-01,4+0,48.01,1216,141,0
2023-08-01,2+2,15.46,18880,1638,0
2023-08-01,3+1,12.75,25530,2879,0
2023-08-01,3+0,10.45,58000,6813,0
2023-08-01,1+2,6.73,109013,8824,0
2023-08-01,2+1,6.07,380992,36491,0
2023-08-01,2+0,4.51,824731,82842,0
2023-08-04,5+2,17000000.00,0,0,1
2023-08-04,5+1,159371.20,4,0,0
2023-08-04,5+0,16554.52,9,1,0
2023-08-04,4+2,1657.39,28,2,0
2023-08-04,4+1,134.41,636,47,0
2023-08-04,3+2,69.35,1303,112,0
2023-08-04,4+0,46.38,1369,116,0
2023-08-04,2+2,16.00,19841,1952,0
2023-08-04,3+1,12.93,27388,2686,0
2023-08-04,3+0,10.80,61041,5650,0
2023-08-04,1+2,7.09,112585,12782,0
2023-08-04,2+1,6.00,418775,44011,0
2023-08-04,2+0,4.39,921973,94151,0
2023-08-08,5+2,26419369.30,0,0,1
2023-08-08,5+1,245845.53,2,0,0
2023-08-08,5+0,57458.15,2,0,0
2023-08-08,4+2,1556.24,23,1,0
2023-08-08,4+1,149.85,440,51,0
2023-08-08,3+2,61.08,1141,129,0
2023-08-08,4+0,49.62,987,103,0
2023-08-08,2+2,12.75,19202,2090,0
2023-08-08,3+1,12.86,21226,2348,0
2023-08-08,3+0,11.16,45557,4868,0
2023-08-08,1+2,5.61,109652,11341,0
2023-08-08,2+1,5.55,349370,37360,0
2023-08-08,2+0,4.28,728739,76578,0
2023-08-11,5+2,39046910.05,0,0,1
2023-08-11,5+1,219719.20,3,2,0
2023-08-11,5+0,22007.99,7,0,0
2023-08-11,4+2,813.29,59,10,0
2023-08-11,4+1,99.65,887,113,0
2023-08-11,3+2,37.18,2513,438,0
2023-08-11,4+0,35.09,1871,198,0
2023-08-11,2+2,9.82,33401,5451,0
2023-08-11,3+1,8.86,41304,5366,0
2023-08-11,3+0,8.30,82076,9139,0
2023-08-11,1+2,4.90,168411,26479,0
2023-08-11,2+1,4.63,561320,68600,0
2023-08-11,2+0,3.79,1104392,115793,0
2023-08-15,5+2,48439436.00,0,0,1
2023-08-15,5+1,122572.45,4,0,0
2023-08-15,5+0,57294.40,2,1,0
2023-08-15,4+2,2099.50,17,1,0
2023-08-15,4+1,146.75,448,34,0
2023-08-15,3+2,62.67,1109,87,0
2023-08-15,4+0,42.95,1137,104,0
2023-08-15,2+2,15.69,15560,1289,0
2023-08-15,3+1,12.07,22553,1867,0
2023-08-15,3+0,8.71,58173,5649,0
2023-08-15,1+2,7.55,81329,6687,0
2023-08-15,2+1,5.79,333639,28758,0
2023-08-15,2+0,3.69,843678,82377,0
2023-08-18,5+2,61993456.00,0,0,1
2023-08-18,5+1,141503.97,5,0,0
2023-08-18,5+0,41339.76,4,1,0
2023-08-18,4+2,1514.86,34,3,0
2023-08-18,4+1,147.32,644,51,0
2023-08-18,3+2,81.01,1238,124,0
2023-08-18,4+0,48.30,1459,118,0
2023-08-18,2+2,19.16,18387,1810,0
2023-08-18,3+1,13.25,29658,2754,0
2023-08-18,3+0,10.07,72652,7002,0
2023-08-18,1+2,9.03,98111,9218,0
2023-08-18,2+1,6.15,453505,45471,0
2023-08-18,2+0,3.95,1138029,120082,0
2023-08-22,5+2,71241834.48,0,0,1
2023-08-22,5+1,82102.95,7,0,0
2023-08-22,5+0,26864.33,5,1,0
2023-08-22,4+2,1195.36,35,7,0
2023-08-22,4+1,95.38,808,104,0
2023-08-22,3+2,55.34,1472,159,0
2023-08-22,4+0,35.23,1625,234,0
2023-08-22,2+2,14.23,20111,1743,0
2023-08-22,3+1,10.13,31518,3135,0
2023-08-22,3+0,9.23,64403,6794,0
2023-08-22,1+2,6.58,109273,9391,0
2023-08-22,2+1,5.06,447873,41283,0
2023-08-22,2+0,4.12,885697,83040,0
2023-08-25,5+2,83895709.00,0,0,1
2023-08-25,5+1,262115.96,3,0,0
2023-08-25,5+0,30630.40,6,1,0
2023-08-25,4+2,1547.12,37,3,0
2023-08-25,4+1,139.48,756,67,0
2023-08-25,3+2,68.47,1628,189,0
2023-08-25,4+0,47.91,1635,185,0
2023-08-25,2+2,15.30,25593,2760,0
2023-08-25,3+1,12.26,35610,4080,0
2023-08-25,3+0,10.29,79034,8400,0
2023-08-25,1+2,7.09,138950,14451,0
2023-08-25,2+1,5.89,526240,57950,0
2023-08-25,2+0,4.17,1197301,122183,0
2023-08-29,5+2,94132132.21,0,0,1
2023-08-29,5+1,636120.60,1,0,0
2023-08-29,5+0,24778.64,6,1,0
2023-08-29,4+2,1251.55,37,0,0
2023-08-29,4+1,138.03,618,64,0
2023-08-29,3+2,66.84,1349,127,0
2023-08-29,4+0,45.32,1398,143,0
2023-08-29,2+2,15.96,19845,1792,0
2023-08-29,3+1,12.47,28320,2728,0
2023-08-29,3+0,10.03,65585,6105,0
2023-08-29,1+2,7.65,104102,9287,0
2023-08-29,2+1,5.94,422460,38074,0
2023-08-29,2+0,4.18,965572,84921,0
2023-09-01,5+2,109268140.00,1,0,0
2023-09-01,5+1,470297.37,2,0,0
2023-09-01,5+0,31404.64,7,2,0
2023-09-01,4+2,2013.89,34,1,0
2023-09-01,4+1,173.02,729,60,0
2023-09-01,3+2,77.34,1724,160,0
2023-09-01,4+0,57.66,1625,121,0
2023-09-01,2+2,15.86,29522,2847,0
2023-09-01,3+1,13.30,39276,3405,0
2023-09-01,3+0,12.10,80385,6163,0
2023-09-01,1+2,7.04,167390,16063,0
2023-09-01,2+1,5.79,640740,61385,0
2023-09-01,2+0,4.59,1302539,110377,0
2023-09-05,5+2,17000000.00,0,0,1
2023-09-05,5+1,162494.73,3,0,0
2023-09-05,5+0,12659.23,9,0,0
2023-09-05,4+2,1689.87,21,5,0
2023-09-05,4+1,176.67,370,28,0
2023-09-05,3+2,85.42,809,73,0
2023-09-05,4+0,45.94,1057,95,0
2023-09-05,2+2,19.84,12234,1063,0
2023-09-05,3+1,14.84,18242,1496,0
2023-09-05,3+0,9.41,53554,5169,0
2023-09-05,1+2,9.37,65178,5504,0
2023-09-05,2+1,6.97,275963,23352,0
2023-09-05,2+0,3.75,825123,82827,0
2023-09-08,5+2,29856760.40,0,0,1
2023-09-08,5+1,167780.72,4,1,0
2023-09-08,5+0,31370.49,5,0,0
2023-09-08,4+2,1357.10,36,3,0
2023-09-08,4+1,115.52,779,89,0
2023-09-08,3+2,56.36,1688,207,0
2023-09-08,4+0,43.18,1548,141,0
2023-09-08,2+2,14.20,23538,2478,0
2023-09-08,3+1,9.54,39063,4524,0
2023-09-08,3+0,8.99,77154,9072,0
2023-09-08,1+2,7.14,117661,12318,0
2023-09-08,2+1,4.76,555775,64001,0
2023-09-08,2+0,3.87,1102069,125325,0
2023-09-12,5+2,39749427.00,0,0,1
2023-09-12,5+1,258198.59,2,0,0
2023-09-12,5+0,40230.17,3,2,0
2023-09-12,4+2,1790.10,21,1,0
2023-09-12,4+1,157.38,440,34,0
2023-09-12,3+2,71.42,1025,92,0
2023-09-12,4+0,51.49,999,88,0
2023-09-12,2+2,16.44,15637,1349,0
2023-09-12,3+1,13.75,20855,1991,0
2023-09-12,3+0,10.99,48569,4734,0
2023-09-12,1+2,7.46,86644,7486,0
2023-09-12,2+1,6.31,322572,30620,0
2023-09-12,2+0,4.36,751416,72807,0
2023-09-15,5+2,27475869.00,2,0,0
2023-09-15,5+1,264520.20,3,0,0
2023-09-15,5+0,23183.52,8,0,0
2023-09-15,4+2,2221.87,26,2,0
2023-09-15,4+1,146.17,728,58,0
2023-09-15,3+2,70.35,1599,166,0
2023-09-15,4+0,47.91,1650,154,0
2023-09-15,2+2,16.47,23985,2249,0
2023-09-15,3+1,12.49,35296,3281,0
2023-09-15,3+0,9.79,83822,7632,0
2023-09-15,1+2,7.74,128333,11922,0
2023-09-15,2+1,5.83,537055,50383,0
2023-09-15,2+0,3.96,1272189,118542,0
2023-09-19,5+2,17000000.00,0,0,1
2023-09-19,5+1,473970.08,1,0,0
2023-09-19,5+0,55387.30,2,0,0
2023-09-19,4+2,1568.34,22,0,0
2023-09-19,4+1,146.78,433,54,0
2023-09-19,3+2,58.02,1158,153,0
2023-09-19,4+0,53.47,883,74,0
2023-09-19,2+2,12.92,18272,2295,0
2023-09-19,3+1,12.43,21182,2309,0
2023-09-19,3+0,11.51,42564,4004,0
2023-09-19,1+2,5.73,103564,13490,0
2023-09-19,2+1,5.52,338329,36831,0
2023-09-19,2+0,4.46,674676,64071,0
2023-09-22,5+2,30052281.00,0,0,1
2023-09-22,5+1,681329.06,1,0,0
2023-09-22,5+0,31847.56,5,0,0
2023-09-22,4+2,1417.10,35,6,0
2023-09-22,4+1,142.09,643,69,0
2023-09-22,3+2,47.69,2025,264,0
2023-09-22,4+0,50.42,1346,123,0
2023-09-22,2+2,10.05,33739,4826,0
2023-09-22,3+1,11.93,31719,3516,0
2023-09-22,3+0,10.45,67383,6187,0
2023-09-22,1+2,4.77,178760,24767,0
2023-09-22,2+1,5.29,507911,58498,0
2023-09-22,2+0,4.05,1067407,102119,0
2023-09-26,5+2,40110282.00,0,0,1
2023-09-26,5+1,87504.60,6,2,0
2023-09-26,5+0,8764.82,14,0,0
2023-09-26,4+2,509.60,75,9,0
2023-09-26,4+1,69.70,1010,113,0
2023-09-26,3+2,28.13,2645,305,0
2023-09-26,4+0,26.25,1992,173,0
2023-09-26,2+2,8.23,31767,3519,0
2023-09-26,3+1,7.55,38632,3827,0
2023-09-26,3+0,7.48,72530,6776,0
2023-09-26,1+2,4.49,146389,16402,0
2023-09-26,2+1,4.31,480181,48002,0
2023-09-26,2+0,3.63,918463,87608,0
2023-09-29,5+2,130000000.00,1,0,0
2023-09-29,5+1,81127.96,16,4,0
2023-09-29,5+0,12135.00,25,2,0
2023-09-29,4+2,642.81,147,16,0
2023-09-29,4+1,75.87,2294,299,0
2023-09-29,3+2,32.42,5675,599,0
2023-09-29,4+0,29.24,4422,551,0
2023-09-29,2+2,9.29,69584,6646,0
2023-09-29,3+1,7.93,90926,9563,0
2023-09-29,3+0,7.55,177627,17642,0
2023-09-29,1+2,5.06,321029,28680,0
2023-09-29,2+1,4.47,1144130,109077,0
2023-09-29,2+0,3.60,2286033,209198,0
2023-10-03,5+2,17000000.00,0,0,1
2023-10-03,5+1,124708.11,4,1,0
2023-10-03,5+0,14573.17,8,2,0
2023-10-03,4+2,1513.06,24,4,0
2023-10-03,4+1,131.42,509,71,0
2023-10-03,3+2,56.21,1258,133,0
2023-10-03,4+0,46.57,1067,95,0
2023-10-03,2+2,14.44,17205,1672,0
2023-10-03,3+1,10.73,25810,2958,0
2023-10-03,3+0,9.78,52762,5150,0
2023-10-03,1+2,6.91,90431,8533,0
2023-10-03,2+1,5.18,379813,39524,0
2023-10-03,2+0,4.11,770818,72723,0
2023-10-06,5+2,30163856.00,0,0,1
2023-10-06,5+1,687153.26,1,0,0
2023-10-06,5+0,32119.80,5,0,0
2023-10-06,4+2,1282.63,39,2,0
2023-10-06,4+1,147.90,623,50,0
2023-10-06,3+2,60.61,1607,131,0
2023-10-06,4+0,50.81,1347,111,0
2023-10-06,2+2,13.73,24918,2516,0
2023-10-06,3+1,12.55,30408,2947,0
2023-10-06,3+0,10.72,66296,6386,0
2023-10-06,1+2,6.30,136495,13730,0
2023-10-06,2+1,5.82,465860,46645,0
2023-10-06,2+0,4.35,1002138,96966,0
2023-10-10,5+2,40033037.00,0,0,1
2023-10-10,5+1,515171.26,1,0,0
2023-10-10,5+0,20067.33,6,0,0
2023-10-10,4+2,1013.59,37,7,0
2023-10-10,4+1,120.35,574,41,0
2023-10-10,3+2,46.69,1564,151,0
2023-10-10,4+0,41.68,1231,106,0
2023-10-10,2+2,11.08,23158,2292,0
2023-10-10,3+1,11.01,25995,2367,0
2023-10-10,3+0,9.57,55643,5174,0
2023-10-10,1+2,5.25,122739,12179,0
2023-10-10,2+1,5.32,381729,36647,0
2023-10-10,2+0,4.15,788883,71033,0
2023-10-13,5+2,56657304.00,0,0,1
2023-10-13,5+1,867786.73,1,0,0
2023-10-13,5+0,16901.33,12,2,0
2023-10-13,4+2,1974.13,32,2,0
2023-10-13,4+1,155.57,748,73,0
2023-10-13,3+2,67.85,1813,207,0
2023-10-13,4+0,53.32,1621,181,0
2023-10-13,2+2,15.12,28571,3352,0
2023-10-13,3+1,12.98,37127,4002,0
2023-10-13,3+0,11.17,80354,8824,0
2023-10-13,1+2,6.85,158565,17010,0
2023-10-13,2+1,5.80,590399,63732,0
2023-10-13,2+0,4.32,1274707,138906,0
2023-10-17,5+2,67318140.00,1,1,0
2023-10-17,5+1,139123.90,4,1,0
2023-10-17,5+0,10838.51,12,3,0
2023-10-17,4+2,1558.12,26,2,0
2023-10-17,4+1,103.07,724,104,0
2023-10-17,3+2,54.10,1458,160,0
2023-10-17,4+0,36.39,1523,195,0
2023-10-17,2+2,14.83,18681,1668,0
2023-10-17,3+1,9.43,32752,3779,0
2023-10-17,3+0,8.45,68098,8174,0
2023-10-17,1+2,7.32,95136,8096,0
2023-10-17,2+1,5.12,428190,41878,0
2023-10-17,2+0,4.08,866503,85116,0
2023-10-20,5+2,17000000.00,0,0,1
2023-10-20,5+1,0.00,0,0,0
2023-10-20,5+0,114759.50,7,0,0
2023-10-20,4+2,1436.38,33,3,0
2023-10-20,4+1,142.44,613,88,0
2023-10-20,3+2,67.03,1377,171,0
2023-10-20,4+0,47.03,1379,177,0
2023-10-20,2+2,15.31,21173,2578,0
2023-10-20,3+1,12.44,29067,3843,0
2023-10-20,3+0,10.40,64755,7265,0
2023-10-20,1+2,7.00,116541,13722,0
2023-10-20,2+1,5.88,436996,53355,0
2023-10-20,2+0,4.30,960647,102170,0
2023-10-24,5+2,26274769.00,1,0,0
2023-10-24,5+1,484142.93,1,0,0
2023-10-24,5+0,16164.59,7,1,0
2023-10-24,4+2,859.61,41,4,0
2023-10-24,4+1,106.78,608,56,0
2023-10-24,3+2,48.16,1425,120,0
2023-10-24,4+0,39.05,1235,94,0
2023-10-24,2+2,12.34,19526,1892,0
2023-10-24,3+1,10.75,25009,2431,0
2023-10-24,3+0,9.16,54674,5112,0
2023-10-24,1+2,5.87,103331,9744,0
2023-10-24,2+1,5.39,354127,33273,0
2023-10-24,2+0,3.97,774426,72760,0
2023-10-27,5+2,17000000.00,1,0,0
2023-10-27,5+1,322693.92,2,1,0
2023-10-27,5+0,75418.88,2,0,0
2023-10-27,4+2,1879.29,25,1,0
2023-10-27,4+1,165.16,524,31,0
2023-10-27,3+2,65.77,1391,114,0
2023-10-27,4+0,57.60,1116,101,0
2023-10-27,2+2,13.82,23256,2737,0
2023-10-27,3+1,14.41,24878,2316,0
2023-10-27,3+0,12.42,53753,4799,0
2023-10-27,1+2,5.79,139631,17699,0
2023-10-27,2+1,6.28,405387,42530,0
2023-10-27,2+0,4.82,850884,81390,0
2023-10-31,5+2,17000000.00,0,0,1
2023-10-31,5+1,96734.84,5,1,0
2023-10-31,5+0,37680.87,3,1,0
2023-10-31,4+2,1676.66,21,3,0
2023-10-31,4+1,112.40,577,84,0
2023-10-31,3+2,57.91,1184,117,0
2023-10-31,4+0,34.36,1402,186,0
2023-10-31,2+2,15.25,15789,1353,0
2023-10-31,3+1,10.36,25925,3263,0
2023-10-31,3+0,8.34,59923,7336,0
2023-10-31,1+2,7.34,82503,6674,0
2023-10-31,2+1,5.61,339907,34905,0
2023-10-31,2+0,3.81,805649,86081,0
2023-11-03,5+2,31218086.00,1,1,0
2023-11-03,5+1,123697.34,6,2,0
2023-11-03,5+0,43365.15,4,0,0
2023-11-03,4+2,1019.40,53,5,0
2023-11-03,4+1,120.93,823,78,0
2023-11-03,3+2,47.65,2208,289,0
2023-11-03,4+0,45.41,1628,169,0
2023-11-03,2+2,11.79,31335,3646,0
2023-11-03,3+1,11.68,35295,3475,0
2023-11-03,3+0,10.28,74644,6362,0
2023-11-03,1+2,5.45,170549,19121,0
2023-11-03,2+1,5.60,522472,49439,0
2023-11-03,2+0,4.31,1093856,91264,0
2023-11-07,5+2,17000000.00,0,0,1
2023-11-07,5+1,0.00,0,0,0
2023-11-07,5+0,189164.12,3,1,0
2023-11-07,4+2,1154.67,29,4,0
2023-11-07,4+1,115.08,536,42,0
2023-11-07,3+2,65.14,1001,84,0
2023-11-07,4+0,34.19,1340,108,0
2023-11-07,2+2,15.51,14771,1046,0
2023-11-07,3+1,11.00,23231,1960,0
2023-11-07,3+0,8.34,57012,5528,0
2023-11-07,1+2,7.54,76374,5485,0
2023-11-07,2+1,5.47,331651,29142,0
2023-11-07,2+0,3.61,808515,79874,0
2023-11-10,5+2,29442596.10,0,0,1
2023-11-10,5+1,324751.75,2,0,0
2023-11-10,5+0,15179.96,10,3,0
2023-11-10,4+2,1818.53,26,2,0
2023-11-10,4+1,121.64,716,79,0
2023-11-10,3+2,73.01,1261,108,0
2023-11-10,4+0,35.94,1800,267,0
2023-11-10,2+2,18.82,17183,1454,0
2023-11-10,3+1,11.85,30440,3301,0
2023-11-10,3+0,8.90,75435,8653,0
2023-11-10,1+2,8.92,91145,7329,0
2023-11-10,2+1,5.94,431046,44427,0
2023-11-10,2+0,3.83,1075258,114312,0
2023-11-14,5+2,38766955.00,0,0,1
2023-11-14,5+1,486731.51,1,0,0
2023-11-14,5+0,28439.29,4,1,0
2023-11-14,4+2,1181.08,30,4,0
2023-11-14,4+1,136.83,477,46,0
2023-11-14,3+2,57.45,1201,153,0
2023-11-14,4+0,49.93,971,85,0
2023-11-14,2+2,12.11,20003,2779,0
2023-11-14,3+1,12.33,21924,2187,0
2023-11-14,3+0,11.17,45060,4015,0
2023-11-14,1+2,5.28,115461,15591,0
2023-11-14,2+1,5.51,348491,36804,0
2023-11-14,2+0,4.46,693633,63387,0
2023-11-17,5+2,51871164.00,0,0,1
2023-11-17,5+1,171009.93,4,0,0
2023-11-17,5+0,79935.67,2,1,0
2023-11-17,4+2,1508.96,33,4,0
2023-11-17,4+1,141.99,646,59,0
2023-11-17,3+2,52.21,1857,202,0
2023-11-17,4+0,53.27,1279,114,0
2023-11-17,2+2,11.70,29115,2881,0
2023-11-17,3+1,12.59,30178,3058,0
2023-11-17,3+0,11.54,61288,5797,0
2023-11-17,1+2,5.12,167340,16255,0
2023-11-17,2+1,5.70,473573,47024,0
2023-11-17,2+0,4.61,942535,89826,0
2023-11-21,5+2,61945882.00,0,0,1
2023-11-21,5+1,175300.09,3,0,0
2023-11-21,5+0,24582.31,5,1,0
2023-11-21,4+2,1531.35,25,3,0
2023-11-21,4+1,161.75,436,36,0
2023-11-21,3+2,74.47,1001,74,0
2023-11-21,4+0,54.00,970,89,0
2023-11-21,2+2,17.83,14690,1197,0
2023-11-21,3+1,13.53,21592,1825,0
2023-11-21,3+0,11.85,45902,3647,0
2023-11-21,1+2,7.26,90678,8769,0
2023-11-21,2+1,5.88,352623,30698,0
2023-11-21,2+0,4.63,721492,59164,0
2023-11-24,5+2,73689177.46,0,0,1
2023-11-24,5+1,243253.98,3,0,0
2023-11-24,5+0,21319.67,8,1,0
2023-11-24,4+2,1362.16,39,4,0
2023-11-24,4+1,139.00,704,95,0
2023-11-24,3+2,65.31,1584,133,0
2023-11-24,4+0,44.46,1635,228,0
2023-11-24,2+2,14.74,24643,2074,0
2023-11-24,3+1,12.69,31928,3355,0
2023-11-24,3+0,10.44,72282,8066,0
2023-11-24,1+2,6.64,137550,11614,0
2023-11-24,2+1,5.89,488145,46426,0
2023-11-24,2+0,4.30,1078084,106750,0
2023-11-28,5+2,83068817.00,1,0,0
2023-11-28,5+1,145719.38,4,1,0
2023-11-28,5+0,22704.68,6,0,0
2023-11-28,4+2,942.92,45,5,0
2023-11-28,4+1,92.39,846,67,0
2023-11-28,3+2,55.08,1500,109,0
2023-11-28,4+0,34.66,1675,108,0
2023-11-28,2+2,14.38,20184,1639,0
2023-11-28,3+1,8.92,36297,3278,0
2023-11-28,3+0,8.92,67580,5420,0
2023-11-28,1+2,7.04,103722,8561,0
2023-11-28,2+1,4.65,494025,44669,0
2023-11-28,2+0,3.94,940100,78809,0
2023-12-01,5+2,200000000.00,0,0,1
2023-12-01,5+1,266632.97,6,0,0
2023-12-01,5+0,20772.17,18,1,0
2023-12-01,4+2,2007.93,58,5,0
2023-12-01,4+1,133.33,1609,132,0
2023-12-01,3+2,73.82,3072,189,0
2023-12-01,4+0,40.42,3942,352,0
2023-12-01,2+2,17.55,45380,2694,0
2023-12-01,3+1,12.43,71488,5530,0
2023-12-01,3+0,9.47,174658,15597,0
2023-12-01,1+2,8.30,241471,14387,0
2023-12-01,2+1,5.97,1055902,76751,0
2023-12-01,2+0,3.96,2566667,206099,0
2023-12-05,5+2,218859088.00,0,0,1
2023-12-05,5+1,146494.69,8,1,0
2023-12-05,5+0,17119.11,16,2,0
2023-12-05,4+2,969.48,88,5,0
2023-12-05,4+1,103.59,1517,102,0
2023-12-05,3+2,46.03,3609,285,0
2023-12-05,4+0,34.97,3338,216,0
2023-12-05,2+2,11.58,50374,4032,0
2023-12-05,3+1,10.02,64967,4645,0
2023-12-05,3+0,8.66,139986,9109,0
2023-12-05,1+2,5.64,260163,21332,0
2023-12-05,2+1,5.10,906029,65619,0
2023-12-05,2+0,3.83,1940512,126477,0
2023-12-08,5+2,240000000.00,1,0,0
2023-12-08,5+1,1584039.18,5,0,0
2023-12-08,5+0,24836.46,16,1,0
2023-12-08,4+2,1390.73,89,7,0
2023-12-08,4+1,152.41,1496,89,0
2023-12-08,3+2,64.25,3751,204,0
2023-12-08,4+0,48.44,3496,204,0
2023-12-08,2+2,14.13,59915,3783,0
2023-12-08,3+1,13.01,72556,4402,0
2023-12-08,3+0,10.78,163113,10073,0
2023-12-08,1+2,6.22,342084,22828,0
2023-12-08,2+1,6.09,1100646,68891,0
2023-12-08,2+0,4.35,2482059,154492,0
2023-12-12,5+2,17000000.00,0,0,1
2023-12-12,5+1,523847.39,1,0,0
2023-12-12,5+0,61215.88,2,0,0
2023-12-12,4+2,1815.92,21,2,0
2023-12-12,4+1,158.21,444,25,0
2023-12-12,3+2,91.34,813,56,0
2023-12-12,4+0,47.48,1099,74,0
2023-12-12,2+2,20.58,12674,929,0
2023-12-12,3+1,14.38,20231,1680,0
2023-12-12,3+0,10.67,50775,4115,0
2023-12-12,1+2,9.30,70525,5473,0
2023-12-12,2+1,6.78,304485,25781,0
2023-12-12,2+0,4.37,760714,67390,0
2023-12-15,5+2,30315474.15,0,0,1
2023-12-15,5+1,695067.75,1,0,0
2023-12-15,5+0,32489.75,5,1,0
2023-12-15,4+2,1445.68,35,3,0
2023-12-15,4+1,135.28,689,64,0
2023-12-15,3+2,56.27,1751,183,0
2023-12-15,4+0,52.17,1327,103,0
2023-12-15,2+2,12.74,27167,2998,0
2023-12-15,3+1,12.99,29721,2764,0
2023-12-15,3+0,11.11,64665,5584,0
2023-12-15,1+2,5.47,158926,19619,0
2023-12-15,2+1,5.83,470477,46718,0
2023-12-15,2+0,4.45,991215,90454,0
2023-12-19,5+2,40468227.20,0,0,1
2023-12-19,5+1,529973.70,1,0,0
2023-12-19,5+0,17694.79,7,2,0
2023-12-19,4+2,2967.72,13,0,0
2023-12-19,4+1,179.46,396,33,0
2023-12-19,3+2,82.10,915,67,0
2023-12-19,4+0,49.43,1068,116,0
2023-12-19,2+2,19.53,13514,1003,0
2023-12-19,3+1,14.82,19855,1862,0
2023-12-19,3+0,11.32,48406,4710,0
2023-12-19,1+2,8.99,73827,5651,0
2023-12-19,2+1,6.77,308486,28331,0
2023-12-19,2+0,4.41,763848,74068,0
2023-12-22,5+2,55662868.00,1,1,0
2023-12-22,5+1,113308.60,7,1,0
2023-12-22,5+0,37074.92,5,0,0
2023-12-22,4+2,1069.25,54,2,0
2023-12-22,4+1,152.38,698,58,0
2023-12-22,3+2,72.72,1546,133,0
2023-12-22,4+0,45.43,1739,202,0
2023-12-22,2+2,19.00,20788,1573,0
2023-12-22,3+1,13.17,33434,2972,0
2023-12-22,3+0,10.39,78958,7593,0
2023-12-22,1+2,8.80,112843,8613,0
2023-12-22,2+1,6.58,475534,39331,0
2023-12-22,2+0,4.24,1187664,110015,0
2023-12-26,5+2,17000000.00,0,0,1
2023-12-26,5+1,0.00,0,0,0
2023-12-26,5+0,0.00,0,0,0
2023-12-26,4+2,32617.86,18,2,0
2023-12-26,4+1,143.82,419,40,0
2023-12-26,3+2,87.62,727,74,0
2023-12-26,4+0,49.79,899,81,0
2023-12-26,2+2,19.95,11216,923,0
2023-12-26,3+1,12.88,19378,1755,0
2023-12-26,3+0,10.35,44899,4370,0
2023-12-26,1+2,9.31,60460,4719,0
2023-12-26,2+1,6.01,294756,26377,0
2023-12-26,2+0,4.11,693402,67128,0
2023-12-29,5+2,30547317.00,0,0,1
2023-12-29,5+1,235723.31,3,1,0
2023-12-29,5+0,33055.45,5,1,0
2023-12-29,4+2,1354.73,38,1,0
2023-12-29,4+1,152.46,622,53,0
2023-12-29,3+2,59.53,1684,157,0
2023-12-29,4+0,54.14,1301,117,0
2023-12-29,2+2,12.94,27202,2815,0
2023-12-29,3+1,12.88,30489,2956,0
2023-12-29,3+0,11.00,66465,6147,0
2023-12-29,1+2,5.89,150297,15757,0
2023-12-29,2+1,5.64,494759,48345,0
2023-12-29,2+0,4.20,1068091,106308,0
2024-01-02,5+2,40104043.05,0,0,1
2024-01-02,5+1,0.00,0,0,0
2024-01-02,5+0,123090.63,5,1,0
2024-01-02,4+2,6052.59,6,0,0
2024-01-02,4+1,165.58,404,27,0
2024-01-02,3+2,86.03,822,51,0
2024-01-02,4+0,43.51,1142,86,0
2024-01-02,2+2,19.45,12774,986,0
2024-01-02,3+1,14.26,19434,1408,0
2024-01-02,3+0,9.49,54361,4613,0
2024-01-02,1+2,9.25,67547,4928,0
2024-01-02,2+1,6.86,286826,21578,0
2024-01-02,2+0,3.76,841787,74242,0
2024-01-05,5+2,53860693.00,0,0,1
2024-01-05,5+1,359048.55,2,1,0
2024-01-05,5+0,23975.87,7,0,0
2024-01-05,4+2,886.02,59,9,0
2024-01-05,4+1,128.56,749,76,0
2024-01-05,3+2,50.87,2001,190,0
2024-01-05,4+0,41.75,1713,174,0
2024-01-05,2+2,10.84,32990,4083,0
2024-01-05,3+1,11.10,35938,3725,0
2024-01-05,3+0,9.52,77956,7272,0
2024-01-05,1+2,5.39,166715,19683,0
2024-01-05,2+1,5.26,538106,56671,0
2024-01-05,2+0,4.02,1133782,107635,0
2024-01-09,5+2,64655930.00,0,0,1
2024-01-09,5+1,563511.38,1,0,0
2024-01-09,5+0,18814.55,7,1,0
2024-01-09,4+2,2159.04,19,3,0
2024-01-09,4+1,132.10,572,38,0
2024-01-09,3+2,63.60,1256,95,0
2024-01-09,4+0,42.43,1323,107,0
2024-01-09,2+2,14.45,19412,1844,0
2024-01-09,3+1,11.55,27088,2280,0
2024-01-09,3+0,9.60,60687,5192,0
2024-01-09,1+2,7.04,100262,9248,0
2024-01-09,2+1,5.46,407111,35668,0
2024-01-09,2+0,3.96,904413,78336,0
2024-01-12,5+2,78232869.28,0,0,1
2024-01-12,5+1,281236.60,3,0,0
2024-01-12,5+0,19718.88,10,1,0
2024-01-12,4+2,1498.03,41,5,0
2024-01-12,4+1,167.86,674,44,0
2024-01-12,3+2,83.40,1434,90,0
2024-01-12,4+0,49.96,1682,106,0
2024-01-12,2+2,18.31,22939,1357,0
2024-01-12,3+1,14.18,33053,2232,0
2024-01-12,3+0,11.06,78911,5563,0
2024-01-12,1+2,8.44,125191,8273,0
2024-01-12,2+1,6.26,531557,39001,0
2024-01-12,2+0,4.18,1282524,99750,0
2024-01-16,5+2,87952574.00,1,0,0
2024-01-16,5+1,201336.72,3,0,0
2024-01-16,5+0,6416.68,22,5,0
2024-01-16,4+2,1465.66,30,2,0
2024-01-16,4+1,94.40,858,86,0
2024-01-16,3+2,71.17,1203,86,0
2024-01-16,4+0,29.29,2054,194,0
2024-01-16,2+2,17.95,16758,1271,0
2024-01-16,3+1,11.01,30461,2799,0
2024-01-16,3+0,8.16,76506,6950,0
2024-01-16,1+2,8.61,87790,6132,0
2024-01-16,2+1,5.80,410612,34801,0
2024-01-16,2+0,3.70,1035293,88173,0
2024-01-19,5+2,17000000.00,1,0,0
2024-01-19,5+1,215402.77,3,0,0
2024-01-19,5+0,30205.90,5,0,0
2024-01-19,4+2,1742.29,27,7,0
2024-01-19,4+1,168.26,515,58,0
2024-01-19,3+2,75.58,1212,113,0
2024-01-19,4+0,52.42,1228,141,0
2024-01-19,2+2,17.88,17992,1587,0
2024-01-19,3+1,13.50,26591,2672,0
2024-01-19,3+0,11.25,59382,6351,0
2024-01-19,1+2,8.29,97560,8238,0
2024-01-19,2+1,6.15,414068,39846,0
2024-01-19,2+0,4.31,952524,100776,0
2024-01-23,5+2,17000000.00,0,0,1
2024-01-23,5+1,482958.15,1,0,0
2024-01-23,5+0,56437.63,2,0,0
2024-01-23,4+2,1953.21,18,1,0
2024-01-23,4+1,143.60,451,50,0
2024-01-23,3+2,74.66,917,73,0
2024-01-23,4+0,42.12,1142,143,0
2024-01-23,2+2,17.81,13501,1109,0
2024-01-23,3+1,12.63,21242,2288,0
2024-01-23,3+0,10.32,48410,5018,0
2024-01-23,1+2,8.80,68707,5370,0
2024-01-23,2+1,6.04,315496,33050,0
2024-01-23,2+0,4.23,725468,72949,0
2024-01-26,5+2,130000000.00,0,0,1
2024-01-26,5+1,146288.80,9,0,0
2024-01-26,5+0,38463.86,8,1,0
2024-01-26,4+2,1879.30,51,4,0
2024-01-26,4+1,137.07,1288,110,0
2024-01-26,3+2,73.97,2523,156,0
2024-01-26,4+0,43.34,3026,274,0
2024-01-26,2+2,17.77,36883,2332,0
2024-01-26,3+1,12.71,57510,4243,0
2024-01-26,3+0,9.70,140388,10905,0
2024-01-26,1+2,8.22,200543,12758,0
2024-01-26,2+1,6.13,846899,60852,0
2024-01-26,2+0,4.00,2087605,161351,0
2024-01-30,5+2,72274808.00,2,0,0
2024-01-30,5+1,82195.88,11,1,0
2024-01-30,5+0,9605.26,22,3,0
2024-01-30,4+2,793.00,83,7,0
2024-01-30,4+1,62.72,1933,178,0
2024-01-30,3+2,41.92,3057,254,0
2024-01-30,4+0,25.22,3570,268,0
2024-01-30,2+2,12.36,36427,3089,0
2024-01-30,3+1,7.30,68776,5927,0
2024-01-30,3+0,7.19,129934,9340,0
2024-01-30,1+2,6.75,167646,13528,0
2024-01-30,2+1,4.42,806112,68883,0
2024-01-30,2+0,3.58,1601176,116549,0
2024-02-02,5+2,17000000.00,0,0,1
2024-02-02,5+1,171330.24,4,0,0
2024-02-02,5+0,22881.54,7,0,0
2024-02-02,4+2,536.44,93,14,0
2024-02-02,4+1,79.56,1155,134,0
2024-02-02,3+2,34.13,2846,408,0
2024-02-02,4+0,26.32,2593,266,0
2024-02-02,2+2,9.40,36285,5040,0
2024-02-02,3+1,8.40,45275,5395,0
2024-02-02,3+0,7.37,96147,9455,0
2024-02-02,1+2,5.00,171481,22694,0
2024-02-02,2+1,4.60,587629,67225,0
2024-02-02,2+0,3.63,1199431,121138,0
2024-02-06,5+2,26671242.90,0,0,1
2024-02-06,5+1,252419.43,2,0,0
2024-02-06,5+0,19664.86,6,1,0
2024-02-06,4+2,1225.02,30,2,0
2024-02-06,4+1,96.85,699,78,0
2024-02-06,3+2,53.93,1327,145,0
2024-02-06,4+0,31.45,1599,173,0
2024-02-06,2+2,13.96,18003,1911,0
2024-02-06,3+1,9.44,29688,3209,0
2024-02-06,3+0,7.58,68863,6703,0
2024-02-06,1+2,7.07,89461,9290,0
2024-02-06,2+1,5.13,388042,38865,0
2024-02-06,2+0,3.60,890199,82182,0
2024-02-09,5+2,39863291.55,0,0,1
2024-02-09,5+1,688624.93,1,0,0
2024-02-09,5+0,40235.74,4,0,0
2024-02-09,4+2,2638.40,19,2,0
2024-02-09,4+1,153.90,600,52,0
2024-02-09,3+2,80.74,1209,97,0
2024-02-09,4+0,52.36,1310,123,0
2024-02-09,2+2,18.81,18226,1485,0
2024-02-09,3+1,13.87,27565,2414,0
2024-02-09,3+0,10.53,67644,6408,0
2024-02-09,1+2,8.50,101495,8118,0
2024-02-09,2+1,6.44,421884,38066,0
2024-02-09,2+0,4.20,1039739,100507,0
2024-02-13,5+2,50200267.65,0,0,1
2024-02-13,5+1,269795.07,2,0,0
2024-02-13,5+0,21018.51,6,0,0
2024-02-13,4+2,1155.30,34,3,0
2024-02-13,4+1,131.56,550,43,0
2024-02-13,3+2,47.86,1598,128,0
2024-02-13,4+0,42.62,1261,98,0
2024-02-13,2+2,10.85,24766,2086,0
2024-02-13,3+1,11.13,26919,2143,0
2024-02-13,3+0,9.47,58929,4860,0
2024-02-13,1+2,5.13,131538,10242,0
2024-02-13,2+1,5.23,406778,32888,0
2024-02-13,2+0,3.81,898873,75959,0
2024-02-16,5+2,64205787.75,0,0,1
2024-02-16,5+1,365544.07,2,0,0
2024-02-16,5+0,13143.64,13,0,0
2024-02-16,4+2,985.57,54,5,0
2024-02-16,4+1,87.69,1118,108,0
2024-02-16,3+2,54.80,1891,193,0
2024-02-16,4+0,29.13,2500,233,0
2024-02-16,2+2,15.12,24074,2313,0
2024-02-16,3+1,8.85,45869,4322,0
2024-02-16,3+0,7.35,102828,9389,0
2024-02-16,1+2,7.75,118061,10844,0
2024-02-16,2+1,4.87,592332,56091,0
2024-02-16,2+0,3.46,1341440,123398,0
2024-02-20,5+2,73448160.00,1,0,0
2024-02-20,5+1,143586.84,4,0,0
2024-02-20,5+0,44744.81,3,0,0
2024-02-20,4+2,995.49,42,4,0
2024-02-20,4+1,148.11,520,37,0
2024-02-20,3+2,41.24,1974,179,0
2024-02-20,4+0,52.44,1091,73,0
2024-02-20,2+2,9.63,29695,2766,0
2024-02-20,3+1,12.24,26063,1877,0
2024-02-20,3+0,11.16,53216,3638,0
2024-02-20,1+2,4.28,167972,16713,0
2024-02-20,2+1,5.65,400597,29875,0
2024-02-20,2+0,4.59,793739,57576,0
2024-02-23,5+2,17000000.00,0,0,1
2024-02-23,5+1,0.00,0,0,0
2024-02-23,5+0,155533.69,5,0,0
2024-02-23,4+2,1911.96,24,4,0
2024-02-23,4+1,169.39,499,42,0
2024-02-23,3+2,76.96,1161,101,0
2024-02-23,4+0,51.00,1231,108,0
2024-02-23,2+2,17.99,17444,1543,0
2024-02-23,3+1,14.25,24559,2108,0
2024-02-23,3+0,9.79,66563,5802,0
2024-02-23,1+2,8.30,95080,8545,0
2024-02-23,2+1,6.69,371425,32276,0
2024-02-23,2+0,3.81,1049508,101503,0
2024-02-27,5+2,26481831.70,0,0,1
2024-02-27,5+1,61868.95,8,0,0
2024-02-27,5+0,11567.83,10,1,0
2024-02-27,4+2,973.80,37,1,0
2024-02-27,4+1,63.03,1053,102,0
2024-02-27,3+2,41.24,1701,157,0
2024-02-27,4+0,20.99,2348,185,0
2024-02-27,2+2,12.54,19655,1843,0
2024-02-27,3+1,7.26,37856,3675,0
2024-02-27,3+0,6.60,77533,6532,0
2024-02-27,1+2,6.73,92139,8700,0
2024-02-27,2+1,4.34,449963,43685,0
2024-02-27,2+0,3.47,905443,77131,0
2024-03-01,5+2,39478163.40,0,0,1
2024-03-01,5+1,169602.12,4,0,0
2024-03-01,5+0,17617.24,9,0,0
2024-03-01,4+2,851.48,58,9,0
2024-03-01,4+1,90.88,1001,89,0
2024-03-01,3+2,42.40,2268,217,0
2024-03-01,4+0,35.75,1890,161,0
2024-03-01,2+2,11.23,30073,3070,0
2024-03-01,3+1,8.59,43849,4061,0
2024-03-01,3+0,8.29,84586,7690,0
2024-03-01,1+2,6.13,138480,14152,0
2024-03-01,2+1,4.66,573714,54290,0
2024-03-01,2+0,3.68,1169473,110856,0
2024-03-05,5+2,49724672.75,0,0,1
2024-03-05,5+1,267433.89,2,0,0
2024-03-05,5+0,17858.20,7,1,0
2024-03-05,4+2,1145.19,34,1,0
2024-03-05,4+1,96.14,746,45,0
2024-03-05,3+2,40.56,1869,174,0
2024-03-05,4+0,35.30,1509,95,0
2024-03-05,2+2,10.24,26006,2860,0
2024-03-05,3+1,9.44,31466,2565,0
2024-03-05,3+0,8.76,63100,4875,0
2024-03-05,1+2,5.17,129369,13731,0
2024-03-05,2+1,4.82,437488,38824,0
2024-03-05,2+0,3.86,879843,69955,0
2024-03-08,5+2,63706418.55,0,0,1
2024-03-08,5+1,729847.13,1,0,0
2024-03-08,5+0,18953.03,9,1,0
2024-03-08,4+2,1106.88,48,1,0
2024-03-08,4+1,99.76,981,69,0
2024-03-08,3+2,40.32,2566,172,0
2024-03-08,4+0,38.94,1867,135,0
2024-03-08,2+2,9.64,37704,2770,0
2024-03-08,3+1,9.13,44407,3665,0
2024-03-08,3+0,8.51,88672,7680,0
2024-03-08,1+2,4.99,182988,14438,0
2024-03-08,2+1,4.68,615114,51893,0
2024-03-08,2+0,3.72,1244791,111211,0
2024-03-12,5+2,72905621.64,0,0,1
2024-03-12,5+1,285832.38,2,0,0
2024-03-12,5+0,33401.86,4,0,0
2024-03-12,4+2,2080.77,20,4,0
2024-03-12,4+1,136.64,561,38,0
2024-03-12,3+2,78.98,1026,60,0
2024-03-12,4+0,42.97,1325,92,0
2024-03-12,2+2,18.31,15548,1078,0
2024-03-12,3+1,12.69,25020,1842,0
2024-03-12,3+0,9.39,62934,5163,0
2024-03-12,1+2,8.73,81999,5638,0
2024-03-12,2+1,6.20,363360,27249,0
2024-03-12,2+0,3.88,934872,80545,0
2024-03-15,5+2,130000000.00,1,0,0
2024-03-15,5+1,420494.82,3,0,0
2024-03-15,5+0,26802.70,11,1,0
2024-03-15,4+2,1953.87,47,2,0
2024-03-15,4+1,160.65,1053,56,0
2024-03-15,3+2,64.74,2762,154,0
2024-03-15,4+0,55.28,2273,140,0
2024-03-15,2+2,15.65,40123,3077,0
2024-03-15,3+1,13.11,53453,4104,0
2024-03-15,3+0,11.74,111082,7449,0
2024-03-15,1+2,7.15,220823,16203,0
2024-03-15,2+1,5.81,855579,68376,0
2024-03-15,2+0,4.52,1770373,126048,0
2024-03-19,5+2,17000000.00,0,0,1
2024-03-19,5+1,156244.27,3,0,0
2024-03-19,5+0,18258.43,6,1,0
2024-03-19,4+2,1483.57,23,3,0
2024-03-19,4+1,97.00,648,68,0
2024-03-19,3+2,53.67,1238,114,0
2024-03-19,4+0,33.32,1401,109,0
2024-03-19,2+2,13.53,17254,1654,0
2024-03-19,3+1,9.75,26685,2437,0
2024-03-19,3+0,8.09,59872,5255,0
2024-03-19,1+2,6.71,87492,8636,0
2024-03-19,2+1,5.06,365158,33987,0
2024-03-19,2+0,3.70,803809,72871,0
2024-03-22,5+2,29416867.10,0,0,1
2024-03-22,5+1,54013.37,12,1,0
2024-03-22,5+0,5410.20,28,3,0
2024-03-22,4+2,1275.24,37,2,0
2024-03-22,4+1,70.89,1226,114,0
2024-03-22,3+2,72.06,1275,97,0
2024-03-22,4+0,21.91,2946,292,0
2024-03-22,2+2,18.56,17390,1385,0
2024-03-22,3+1,9.35,38488,3505,0
2024-03-22,3+0,7.13,93918,9533,0
2024-03-22,1+2,9.03,89886,7591,0
2024-03-22,2+1,5.28,483588,43692,0
2024-03-22,2+0,3.50,1176361,118443,0
2024-03-26,5+2,38982716.80,0,0,1
2024-03-26,5+1,99867.47,5,1,0
2024-03-26,5+0,23340.67,5,0,0
2024-03-26,4+2,956.58,38,4,0
2024-03-26,4+1,79.43,843,63,0
2024-03-26,3+2,50.56,1400,145,0
2024-03-26,4+0,29.67,1676,128,0
2024-03-26,2+2,13.08,19001,1813,0
2024-03-26,3+1,8.36,33176,3049,0
2024-03-26,3+0,7.86,65640,5417,0
2024-03-26,1+2,6.71,93205,8458,0
2024-03-26,2+1,4.60,427543,40882,0
2024-03-26,2+0,3.73,850599,70869,0
2024-03-29,5+2,52158877.05,0,0,1
2024-03-29,5+1,687795.56,1,0,0
2024-03-29,5+0,26791.52,6,0,0
2024-03-29,4+2,2086.22,24,2,0
2024-03-29,4+1,156.85,588,41,0
2024-03-29,3+2,85.90,1135,80,0
2024-03-29,4+0,53.15,1289,89,0
2024-03-29,2+2,19.76,17335,1196,0
2024-03-29,3+1,15.07,25345,1789,0
2024-03-29,3+0,11.27,63117,5018,0
2024-03-29,1+2,8.92,96601,6809,0
2024-03-29,2+1,6.94,390707,30711,0
2024-03-29,2+0,4.29,1018156,90775,0
2024-04-02,5+2,61841232.70,0,0,1
2024-04-02,5+1,0.00,0,0,0
2024-04-02,5+0,311771.85,2,1,0
2024-04-02,4+2,1533.03,24,1,0
2024-04-02,4+1,166.93,406,23,0
2024-04-02,3+2,56.32,1272,104,0
2024-04-02,4+0,56.38,893,57,0
2024-04-02,2+2,12.04,20899,2024,0
2024-04-02,3+1,13.28,21138,1688,0
2024-04-02,3+0,11.38,45917,3267,0
2024-04-02,1+2,5.16,122707,13063,0
2024-04-02,2+1,6.00,332177,27792,0
2024-04-02,2+0,4.51,711622,54166,0
2024-04-05,5+2,73573473.22,0,0,1
2024-04-05,5+1,364537.47,2,1,0
2024-04-05,5+0,13107.44,13,2,0
2024-04-05,4+2,1294.49,41,2,0
2024-04-05,4+1,123.75,790,82,0
2024-04-05,3+2,67.95,1521,131,0
2024-04-05,4+0,40.25,1804,158,0
2024-04-05,2+2,16.20,22405,1923,0
2024-04-05,3+1,11.67,34693,3214,0
2024-04-05,3+0,9.21,81880,7507,0
2024-04-05,1+2,7.80,116993,10105,0
2024-04-05,2+1,5.75,500313,45075,0
2024-04-05,2+0,3.90,1187042,108103,0
2024-04-09,5+2,82919693.02,0,0,1
2024-04-09,5+1,0.00,0,0,0
2024-04-09,5+0,143308.70,5,0,0
2024-04-09,4+2,1565.94,27,1,0
2024-04-09,4+1,134.74,578,42,0
2024-04-09,3+2,63.82,1290,71,0
2024-04-09,4+0,41.86,1382,92,0
2024-04-09,2+2,14.53,19907,1326,0
2024-04-09,3+1,10.82,29808,2312,0
2024-04-09,3+0,8.62,69641,5446,0
2024-04-09,1+2,7.12,102086,6632,0
2024-04-09,2+1,5.35,427979,34732,0
2024-04-09,2+0,3.66,1007228,83741,0
2024-04-12,5+2,95455076.65,0,0,1
2024-04-12,5+1,389492.27,2,0,0
2024-04-12,5+0,22757.69,8,2,0
2024-04-12,4+2,1532.64,37,0,0
2024-04-12,4+1,123.33,847,61,0
2024-04-12,3+2,59.30,1862,145,0
2024-04-12,4+0,42.15,1841,141,0
2024-04-12,2+2,14.62,26529,1917,0
2024-04-12,3+1,10.95,39506,3383,0
2024-04-12,3+0,9.03,89196,7652,0
2024-04-12,1+2,7.04,138497,10513,0
2024-04-12,2+1,5.42,566236,49223,0
2024-04-12,2+0,3.75,1318782,112514,0
2024-04-16,5+2,106321539.79,0,0,1
2024-04-16,5+1,337636.53,2,0,0
2024-04-16,5+0,31564.48,5,0,0
2024-04-16,4+2,1117.22,44,2,0
2024-04-16,4+1,150.67,601,30,0
2024-04-16,3+2,49.91,1918,167,0
2024-04-16,4+0,46.36,1451,90,0
2024-04-16,2+2,10.53,31921,2981,0
2024-04-16,3+1,12.65,29654,2194,0
2024-04-16,3+0,11.31,61758,4602,0
2024-04-16,1+2,4.48,188726,17596,0
2024-04-16,2+1,5.78,460357,34733,0
2024-04-16,2+0,4.56,940834,70756,0
2024-04-19,5+2,121428316.55,0,0,1
2024-04-19,5+1,938778.27,1,0,0
2024-04-19,5+0,19946.17,11,3,0
2024-04-19,4+2,1752.31,39,3,0
2024-04-19,4+1,137.13,918,94,0
2024-04-19,3+2,66.70,1995,197,0
2024-04-19,4+0,45.19,2069,221,0
2024-04-19,2+2,16.36,28576,2534,0
2024-04-19,3+1,11.83,44084,4604,0
2024-04-19,3+0,10.01,96956,10030,0
2024-04-19,1+2,7.31,160692,13463,0
2024-04-19,2+1,6.13,604285,52389,0
2024-04-19,2+0,4.37,1364068,119000,0
2024-04-23,5+2,133997920.98,0,0,1
2024-04-23,5+1,195277.78,4,0,0
2024-04-23,5+0,22819.81,8,1,0
2024-04-23,4+2,1672.42,34,2,0
2024-04-23,4+1,130.93,800,42,0
2024-04-23,3+2,62.95,1759,103,0
2024-04-23,4+0,40.37,1927,136,0
2024-04-23,2+2,15.09,25779,1425,0
2024-04-23,3+1,11.61,37357,2447,0
2024-04-23,3+0,8.91,90637,6177,0
2024-04-23,1+2,7.22,135438,7723,0
2024-04-23,2+1,5.75,535723,37337,0
2024-04-23,2+0,3.80,1305450,96477,0
2024-04-26,5+2,152030613.96,0,0,1
2024-04-26,5+1,560301.53,2,0,0
2024-04-26,5+0,23809.39,11,0,0
2024-04-26,4+2,1773.40,46,2,0
2024-04-26,4+1,152.25,987,52,0
2024-04-26,3+2,65.61,2421,169,0
2024-04-26,4+0,49.87,2238,131,0
2024-04-26,2+2,14.20,39302,2895,0
2024-04-26,3+1,13.47,46215,2981,0
2024-04-26,3+0,11.20,103414,6640,0
2024-04-26,1+2,6.18,227046,16481,0
2024-04-26,2+1,6.22,710644,47552,0
2024-04-26,2+0,4.50,1579596,102451,0
2024-04-30,5+2,166790050.00,1,0,0
2024-04-30,5+1,114649.18,8,0,0
2024-04-30,5+0,16489.47,13,0,0
2024-04-30,4+2,981.89,68,3,0
2024-04-30,4+1,88.80,1385,113,0
2024-04-30,3+2,51.65,2517,198,0
2024-04-30,4+0,29.06,3144,172,0
2024-04-30,2+2,13.60,33591,2306,0
2024-04-30,3+1,9.83,51784,3684,0
2024-04-30,3+0,8.04,117948,7517,0
2024-04-30,1+2,6.94,165534,11396,0
2024-04-30,2+1,5.25,688604,48690,0
2024-04-30,2+0,3.76,1549560,95427,0
2024-05-03,5+2,17000000.00,0,0,1
2024-05-03,5+1,211741.05,3,0,0
2024-05-03,5+0,18557.76,8,1,0
2024-05-03,4+2,1926.76,24,3,0
2024-05-03,4+1,104.39,816,67,0
2024-05-03,3+2,57.39,1569,148,0
2024-05-03,4+0,39.30,1610,126,0
2024-05-03,2+2,14.57,21715,2047,0
2024-05-03,3+1,9.86,35764,3275,0
2024-05-03,3+0,8.75,75020,7136,0
2024-05-03,1+2,7.28,109236,10411,0
2024-05-03,2+1,4.92,508536,49944,0
2024-05-03,2+0,3.93,1027342,100304,0
2024-05-07,5+2,26436747.65,0,0,1
2024-05-07,5+1,0.00,0,0,0
2024-05-07,5+0,202575.51,3,0,0
2024-05-07,4+2,1707.60,21,1,0
2024-05-07,4+1,190.91,346,33,0
2024-05-07,3+2,83.03,841,68,0
2024-05-07,4+0,61.03,804,69,0
2024-05-07,2+2,18.07,13572,1022,0
2024-05-07,3+1,16.59,16490,1306,0
2024-05-07,3+0,13.35,38152,3029,0
2024-05-07,1+2,7.91,77930,6123,0
2024-05-07,2+1,7.14,272183,22297,0
2024-05-07,2+0,4.98,627708,54131,0
2024-05-10,5+2,38735490.70,0,0,1
2024-05-10,5+1,213998.12,3,0,0
2024-05-10,5+0,25007.44,6,0,0
2024-05-10,4+2,2596.40,18,1,0
2024-05-10,4+1,136.86,629,53,0
2024-05-10,3+2,73.33,1241,109,0
2024-05-10,4+0,42.66,1499,146,0
2024-05-10,2+2,17.59,18174,1469,0
2024-05-10,3+1,12.67,28133,2477,0
2024-05-10,3+0,9.17,72372,6897,0
2024-05-10,1+2,8.63,93179,7680,0
2024-05-10,2+1,6.10,415055,36442,0
2024-05-10,2+0,3.82,1067762,106010,0
2024-05-14,5+2,48748900.00,1,0,0
2024-05-14,5+1,104539.98,5,0,0
2024-05-14,5+0,17451.94,7,2,0
2024-05-14,4+2,884.90,43,7,0
2024-05-14,4+1,81.88,856,68,0
2024-05-14,3+2,43.48,1704,127,0
2024-05-14,4+0,30.55,1704,161,0
2024-05-14,2+2,11.06,23530,1978,0
2024-05-14,3+1,8.99,32287,2803,0
2024-05-14,3+0,8.11,66637,6156,0
2024-05-14,1+2,5.42,120656,9981,0
2024-05-14,2+1,4.80,429438,36980,0
2024-05-14,2+0,3.87,858175,74536,0
2024-05-17,5+2,17000000.00,0,0,1
2024-05-17,5+1,306136.58,2,1,0
2024-05-17,5+0,47699.44,3,0,0
2024-05-17,4+2,1782.86,25,2,0
2024-05-17,4+1,187.88,437,38,0
2024-05-17,3+2,86.02,1009,79,0
2024-05-17,4+0,55.04,1108,96,0
2024-05-17,2+2,20.66,14760,1143,0
2024-05-17,3+1,15.50,21945,1901,0
2024-05-17,3+0,11.56,54773,5211,0
2024-05-17,1+2,9.22,83136,6746,0
2024-05-17,2+1,7.25,333262,28919,0
2024-05-17,2+0,4.55,853890,84690,0
2024-05-21,5+2,25835023.45,0,0,1
2024-05-21,5+1,461188.22,1,0,0
2024-05-21,5+0,21557.45,5,1,0
2024-05-21,4+2,1017.36,33,3,0
2024-05-21,4+1,138.35,447,45,0
2024-05-21,3+2,51.72,1264,120,0
2024-05-21,4+0,49.99,919,95,0
2024-05-21,2+2,11.35,20234,1901,0
2024-05-21,3+1,11.14,22989,2117,0
2024-05-21,3+0,10.38,45943,4246,0
2024-05-21,1+2,5.27,109565,9866,0
2024-05-21,2+1,5.02,362186,33723,0
2024-05-21,2+0,4.14,707727,66768,0
2024-05-24,5+2,38150340.75,0,0,1
2024-05-24,5+1,321429.78,2,0,0
2024-05-24,5+0,25041.14,6,1,0
2024-05-24,4+2,1613.73,29,2,0
2024-05-24,4+1,107.35,803,65,0
2024-05-24,3+2,51.86,1757,185,0
2024-05-24,4+0,36.38,1760,162,0
2024-05-24,2+2,12.94,24731,2529,0
2024-05-24,3+1,9.62,37089,3889,0
2024-05-24,3+0,8.31,79991,7838,0
2024-05-24,1+2,6.65,120936,12315,0
2024-05-24,2+1,4.94,512888,51547,0
2024-05-24,2+0,3.66,1114599,107205,0
2024-05-28,5+2,47755444.50,0,0,1
2024-05-28,5+1,250693.20,2,1,0
2024-05-28,5+0,9765.18,12,2,0
2024-05-28,4+2,2433.29,15,0,0
2024-05-28,4+1,131.06,513,39,0
2024-05-28,3+2,73.05,973,80,0
2024-05-28,4+0,53.82,928,81,0
2024-05-28,2+2,16.22,15394,1217,0
2024-05-28,3+1,13.13,21209,1694,0
2024-05-28,3+0,12.12,42788,3171,0
2024-05-28,1+2,7.20,87237,6757,0
2024-05-28,2+1,5.95,332149,27490,0
2024-05-28,2+0,4.76,668155,54394,0
2024-05-31,5+2,61212841.20,0,0,1
2024-05-31,5+1,351238.05,2,0,0
2024-05-31,5+0,54726.74,3,0,0
2024-05-31,4+2,1763.38,29,0,0
2024-05-31,4+1,113.77,828,75,0
2024-05-31,3+2,57.19,1741,140,0
2024-05-31,4+0,45.47,1539,125,0
2024-05-31,2+2,14.37,24339,2152,0
2024-05-31,3+1,9.35,41733,3953,0
2024-05-31,3+0,9.52,76287,6240,0
2024-05-31,1+2,6.95,126555,10313,0
2024-05-31,2+1,4.68,591308,53919,0
2024-05-31,2+0,4.05,1102388,90079,0
2024-06-04,5+2,70207868.93,0,0,1
2024-06-04,5+1,279488.36,2,0,0
2024-06-04,5+0,18663.15,7,0,0
2024-06-04,4+2,1565.06,26,1,0
2024-06-04,4+1,115.85,647,42,0
2024-06-04,3+2,49.27,1608,137,0
2024-06-04,4+0,38.58,1443,100,0
2024-06-04,2+2,13.27,20966,1704,0
2024-06-04,3+1,9.40,33014,2706,0
2024-06-04,3+0,8.53,67722,5369,0
2024-06-04,1+2,6.98,100326,7798,0
2024-06-04,2+1,4.65,473384,39302,0
2024-06-04,2+0,3.74,948932,76683,0
2024-06-07,5+2,130000000.00,0,0,1
2024-06-07,5+1,136127.55,9,2,0
2024-06-07,5+0,57267.45,5,1,0
2024-06-07,4+2,1128.94,79,11,0
2024-06-07,4+1,125.22,1312,110,0
2024-06-07,3+2,45.45,3821,355,0
2024-06-07,4+0,41.93,2910,163,0
2024-06-07,2+2,10.78,56573,5732,0
2024-06-07,3+1,11.18,60826,5002,0
2024-06-07,3+0,9.92,127695,8510,0
2024-06-07,1+2,5.21,294555,29595,0
2024-06-07,2+1,5.45,885563,72447,0
2024-06-07,2+0,4.15,1876170,125804,0
2024-06-11,5+2,143550509.89,0,0,1
2024-06-11,5+1,168413.48,5,0,0
2024-06-11,5+0,19680.50,10,2,0
2024-06-11,4+2,1094.64,56,2,0
2024-06-11,4+1,119.49,945,66,0
2024-06-11,3+2,50.58,2360,141,0
2024-06-11,4+0,44.92,1867,101,0
2024-06-11,2+2,12.09,34664,2270,0
2024-06-11,3+1,11.33,41280,2611,0
2024-06-11,3+0,10.58,82326,4794,0
2024-06-11,1+2,5.63,187141,11812,0
2024-06-11,2+1,5.39,616187,39320,0
2024-06-11,2+0,4.42,1209516,74469,0
2024-06-14,5+2,161234810.52,0,0,1
2024-06-14,5+1,109895.29,10,1,0
2024-06-14,5+0,13518.07,19,3,0
2024-06-14,4+2,909.09,88,9,0
2024-06-14,4+1,91.87,1604,117,0
2024-06-14,3+2,46.85,3325,238,0
2024-06-14,4+0,29.25,3742,258,0
2024-06-14,2+2,12.75,42911,2999,0
2024-06-14,3+1,9.48,64389,4794,0
2024-06-14,3+0,7.99,142255,10762,0
2024-06-14,1+2,6.42,214237,15292,0
2024-06-14,2+1,5.11,848501,63802,0
2024-06-14,2+0,3.78,1847351,138901,0
2024-06-18,5+2,176125263.63,0,0,1
2024-06-18,5+1,185067.06,5,1,0
2024-06-18,5+0,36044.35,6,1,0
2024-06-18,4+2,1642.96,41,4,0
2024-06-18,4+1,155.10,800,45,0
2024-06-18,3+2,76.57,1713,111,0
2024-06-18,4+0,45.43,2029,121,0
2024-06-18,2+2,17.35,26555,1501,0
2024-06-18,3+1,14.06,36552,2122,0
2024-06-18,3+0,9.42,101523,6938,0
2024-06-18,1+2,8.05,143991,8561,0
2024-06-18,2+1,6.60,553256,33412,0
2024-06-18,2+0,3.83,1534807,107509,0
2024-06-21,5+2,195721466.25,0,0,1
2024-06-21,5+1,86983.14,14,1,0
2024-06-21,5+0,6468.44,44,3,0
2024-06-21,4+2,1197.96,74,4,0
2024-06-21,4+1,53.45,3055,226,0
2024-06-21,3+2,53.31,3238,197,0
2024-06-21,4+0,18.89,6419,492,0
2024-06-21,2+2,14.85,40818,2430,0
2024-06-21,3+1,7.41,91280,7360,0
2024-06-21,3+0,6.15,204607,15720,0
2024-06-21,1+2,7.67,198681,11998,0
2024-06-21,2+1,4.66,1030776,82415,0
2024-06-21,2+0,3.23,2392296,184611,0
2024-06-25,5+2,213887390.00,1,1,0
2024-06-25,5+1,141110.29,8,1,0
2024-06-25,5+0,17589.22,15,0,0
2024-06-25,4+2,1494.16,55,3,0
2024-06-25,4+1,134.92,1122,62,0
2024-06-25,3+2,59.33,2697,170,0
2024-06-25,4+0,48.97,2296,114,0
2024-06-25,2+2,12.53,44842,3480,0
2024-06-25,3+1,12.56,49896,2787,0
2024-06-25,3+0,11.27,103586,5580,0
2024-06-25,1+2,5.42,260815,21193,0
2024-06-25,2+1,5.82,764555,48015,0
2024-06-25,2+0,4.61,1553498,88454,0
2024-06-28,5+2,17000000.00,0,0,1
2024-06-28,5+1,653225.30,1,0,0
2024-06-28,5+0,30533.90,5,0,0
2024-06-28,4+2,1902.11,25,1,0
2024-06-28,4+1,141.97,617,46,0
2024-06-28,3+2,66.09,1401,88,0
2024-06-28,4+0,35.23,1847,174,0
2024-06-28,2+2,17.05,19080,1576,0
2024-06-28,3+1,11.66,31109,2748,0
2024-06-28,3+0,8.16,82728,8801,0
2024-06-28,1+2,8.48,96503,7720,0
2024-06-28,2+1,5.90,436567,39197,0
2024-06-28,2+0,3.64,1139040,117966,0
2024-07-02,5+2,26534527.75,0,0,1
2024-07-02,5+1,248851.17,2,0,0
2024-07-02,5+0,58160.61,2,0,0
2024-07-02,4+2,1725.29,21,1,0
2024-07-02,4+1,168.53,396,26,0
2024-07-02,3+2,69.92,1009,81,0
2024-07-02,4+0,51.00,972,76,0
2024-07-02,2+2,14.94,16589,1547,0
2024-07-02,3+1,13.58,20357,1699,0
2024-07-02,3+0,11.14,46192,3766,0
2024-07-02,1+2,6.48,96176,9515,0
2024-07-02,2+1,6.00,327200,28825,0
2024-07-02,2+0,4.30,735440,63718,0
2024-07-05,5+2,39132032.00,1,0,0
2024-07-05,5+1,109598.28,6,2,0
2024-07-05,5+0,10977.82,14,0,0
2024-07-05,4+2,1063.78,45,4,0
2024-07-05,4+1,104.11,847,89,0
2024-07-05,3+2,58.59,1591,168,0
2024-07-05,4+0,31.86,2056,252,0
2024-07-05,2+2,15.61,20981,2062,0
2024-07-05,3+1,11.10,32900,3281,0
2024-07-05,3+0,8.10,83957,8404,0
2024-07-05,1+2,8.19,100491,8436,0
2024-07-05,2+1,5.77,448978,41776,0
2024-07-05,2+0,3.63,1150742,112672,0
2024-07-09,5+2,17000000.00,0,0,1
2024-07-09,5+1,233146.78,2,1,0
2024-07-09,5+0,15568.64,7,1,0
2024-07-09,4+2,998.37,34,4,0
2024-07-09,4+1,103.01,607,87,0
2024-07-09,3+2,54.49,1213,112,0
2024-07-09,4+0,32.94,1410,183,0
2024-07-09,2+2,13.73,16910,1422,0
2024-07-09,3+1,10.12,25585,2590,0
2024-07-09,3+0,8.35,57756,6088,0
2024-07-09,1+2,6.73,86685,7033,0
2024-07-09,2+1,5.22,352051,32412,0
2024-07-09,2+0,3.74,792341,80190,0
2024-07-12,5+2,29128125.35,0,0,1
2024-07-12,5+1,211029.38,3,0,0
2024-07-12,5+0,18495.39,8,1,0
2024-07-12,4+2,1280.19,36,5,0
2024-07-12,4+1,114.26,743,70,0
2024-07-12,3+2,64.89,1383,106,0
2024-07-12,4+0,34.36,1835,181,0
2024-07-12,2+2,16.05,19646,1726,0
2024-07-12,3+1,10.54,33345,3126,0
2024-07-12,3+0,7.89,82980,8003,0
2024-07-12,1+2,7.96,99530,8799,0
2024-07-12,2+1,5.48,455333,42663,0
2024-07-12,2+0,3.61,1112596,105937,0
2024-07-16,5+2,38567423.90,0,0,1
2024-07-16,5+1,492731.38,1,0,0
2024-07-16,5+0,23031.88,5,0,0
2024-07-16,4+2,1992.74,18,4,0
2024-07-16,4+1,178.09,371,21,0
2024-07-16,3+2,81.31,859,61,0
2024-07-16,4+0,61.74,795,72,0
2024-07-16,2+2,17.89,13715,1140,0
2024-07-16,3+1,14.50,18872,1635,0
2024-07-16,3+0,12.97,39280,3433,0
2024-07-16,1+2,7.67,80470,6968,0
2024-07-16,2+1,6.27,309957,29446,0
2024-07-16,2+0,5.05,619066,54494,0
2024-07-19,5+2,26181999.00,2,1,0
2024-07-19,5+1,240060.35,3,0,0
2024-07-19,5+0,56106.06,3,0,0
2024-07-19,4+2,1248.26,42,5,0
2024-07-19,4+1,113.48,851,84,0
2024-07-19,3+2,64.53,1582,131,0
2024-07-19,4+0,40.07,1790,175,0
2024-07-19,2+2,15.23,23538,2060,0
2024-07-19,3+1,11.09,36053,3064,0
2024-07-19,3+0,10.36,71874,6415,0
2024-07-19,1+2,6.99,128931,10891,0
2024-07-19,2+1,5.52,513956,45234,0
2024-07-19,2+0,4.42,1033719,92978,0
2024-07-23,5+2,17000000.00,0,0,1
2024-07-23,5+1,147222.03,3,0,0
2024-07-23,5+0,14746.37,7,2,0
2024-07-23,4+2,423.05,76,9,0
2024-07-23,4+1,94.01,630,65,0
2024-07-23,3+2,21.87,2862,381,0
2024-07-23,4+0,35.48,1240,131,0
2024-07-23,2+2,8.66,25377,2820,0
2024-07-23,3+1,8.53,28739,3227,0
2024-07-23,3+0,8.39,54425,5895,0
2024-07-23,1+2,5.65,97862,9948,0
2024-07-23,2+1,4.84,359529,37670,0
2024-07-23,2+0,3.83,731173,72455,0
2024-07-26,5+2,28649442.00,1,0,0
2024-07-26,5+1,152025.21,4,0,0
2024-07-26,5+0,14212.31,10,3,0
2024-07-26,4+2,819.77,54,9,0
2024-07-26,4+1,90.40,902,123,0
2024-07-26,3+2,43.84,1966,201,0
2024-07-26,4+0,34.79,1741,186,0
2024-07-26,2+2,10.94,27669,2951,0
2024-07-26,3+1,9.80,34471,3755,0
2024-07-26,3+0,8.85,71010,7292,0
2024-07-26,1+2,5.44,140022,15394,0
2024-07-26,2+1,5.22,459322,47403,0
2024-07-26,2+0,3.96,975900,98297,0
2024-07-30,5+2,17000000.00,0,0,1
2024-07-30,5+1,0.00,0,0,0
2024-07-30,5+0,108423.62,5,0,0
2024-07-30,4+2,1390.79,23,2,0
2024-07-30,4+1,135.15,436,35,0
2024-07-30,3+2,50.89,1224,143,0
2024-07-30,4+0,52.67,831,96,0
2024-07-30,2+2,10.93,20011,2330,0
2024-07-30,3+1,11.99,20354,1998,0
2024-07-30,3+0,10.21,44479,4153,0
2024-07-30,1+2,5.09,108011,12906,0
2024-07-30,2+1,5.56,311867,31279,0
2024-07-30,2+0,4.15,671590,63432,0
2024-08-02,5+2,28776997.10,0,0,1
2024-08-02,5+1,204919.74,3,1,0
2024-08-02,5+0,10262.81,14,1,0
2024-08-02,4+2,1398.51,32,2,0
2024-08-02,4+1,100.90,817,70,0
2024-08-02,3+2,64.12,1359,116,0
2024-08-02,4+0,32.54,1882,177,0
2024-08-02,2+2,16.09,19020,1579,0
2024-08-02,3+1,9.93,34379,3469,0
2024-08-02,3+0,7.97,79750,7655,0
2024-08-02,1+2,8.10,95045,7914,0
2024-08-02,2+1,5.24,462879,47001,0
2024-08-02,2+0,3.57,1092703,110502,0
2024-08-06,5+2,38085988.00,0,0,1
2024-08-06,5+1,121482.33,4,1,0
2024-08-06,5+0,16224.24,7,0,0
2024-08-06,4+2,1538.00,23,2,0
2024-08-06,4+1,133.25,489,68,0
2024-08-06,3+2,78.19,881,68,0
2024-08-06,4+0,39.87,1214,178,0
2024-08-06,2+2,18.58,13024,1041,0
2024-08-06,3+1,12.71,21234,2234,0
2024-08-06,3+0,9.71,51760,5692,0
2024-08-06,1+2,8.93,68138,5212,0
2024-08-06,2+1,6.26,305973,29919,0
2024-08-06,2+0,4.06,759216,78070,0
2024-08-09,5+2,50649439.45,0,0,1
2024-08-09,5+1,163953.04,4,1,0
2024-08-09,5+0,25545.68,6,1,0
2024-08-09,4+2,1446.70,33,2,0
2024-08-09,4+1,104.19,844,79,0
2024-08-09,3+2,62.77,1481,89,0
2024-08-09,4+0,35.58,1836,206,0
2024-08-09,2+2,15.37,21243,1553,0
2024-08-09,3+1,10.86,33542,3113,0
2024-08-09,3+0,7.73,87750,10134,0
2024-08-09,1+2,7.55,108813,8286,0
2024-08-09,2+1,5.69,454827,42314,0
2024-08-09,2+0,3.62,1148588,124064,0
2024-08-13,5+2,60887190.60,0,0,1
2024-08-13,5+1,534410.61,1,0,0
2024-08-13,5+0,41633.52,3,0,0
2024-08-13,4+2,1496.28,26,1,0
2024-08-13,4+1,170.62,420,46,0
2024-08-13,3+2,72.28,1048,95,0
2024-08-13,4+0,54.48,977,86,0
2024-08-13,2+2,16.97,15680,1486,0
2024-08-13,3+1,14.67,20234,1920,0
2024-08-13,3+0,11.66,47407,4689,0
2024-08-13,1+2,7.47,89519,8460,0
2024-08-13,2+1,6.60,319528,31202,0
2024-08-13,2+0,4.48,756665,76438,0
2024-08-16,5+2,72769716.48,0,0,1
2024-08-16,5+1,184603.52,4,0,0
2024-08-16,5+0,34515.90,5,2,0
2024-08-16,4+2,1853.59,29,3,0
2024-08-16,4+1,149.35,663,53,0
2024-08-16,3+2,77.42,1352,100,0
2024-08-16,4+0,42.17,1744,131,0
2024-08-16,2+2,17.90,20538,1589,0
2024-08-16,3+1,13.28,30884,2572,0
2024-08-16,3+0,9.29,82155,7889,0
2024-08-16,1+2,8.67,106693,8110,0
2024-08-16,2+1,6.33,459663,40585,0
2024-08-16,2+0,3.88,1208658,120206,0
2024-08-20,5+2,81964326.36,0,0,1
2024-08-20,5+1,71422.41,8,0,0
2024-08-20,5+0,7855.33,17,1,0
2024-08-20,4+2,831.89,50,1,0
2024-08-20,4+1,66.33,1155,119,0
2024-08-20,3+2,50.15,1615,131,0
2024-08-20,4+0,20.31,2802,313,0
2024-08-20,2+2,14.77,19267,1325,0
2024-08-20,3+1,7.67,41344,4085,0
2024-08-20,3+0,6.02,98103,9437,0
2024-08-20,1+2,7.89,90712,6332,0
2024-08-20,2+1,4.66,483099,44287,0
2024-08-20,2+0,3.15,1152657,104142,0
2024-08-23,5+2,94498717.61,0,0,1
2024-08-23,5+1,778922.88,1,0,0
2024-08-23,5+0,26006.73,7,1,0
2024-08-23,4+2,2025.11,28,2,0
2024-08-23,4+1,130.72,799,83,0
2024-08-23,3+2,66.16,1669,166,0
2024-08-23,4+0,48.37,1604,156,0
2024-08-23,2+2,16.01,24219,2609,0
2024-08-23,3+1,11.55,37459,4010,0
2024-08-23,3+0,10.59,76049,7520,0
2024-08-23,1+2,7.53,129475,13404,0
2024-08-23,2+1,5.41,568176,61376,0
2024-08-23,2+0,4.25,1163902,115897,0
2024-08-27,5+2,104936241.01,0,0,1
2024-08-27,5+1,0.00,0,0,0
2024-08-27,5+0,160042.02,5,1,0
2024-08-27,4+2,1311.59,36,3,0
2024-08-27,4+1,138.94,626,52,0
2024-08-27,3+2,65.96,1394,109,0
2024-08-27,4+0,47.23,1368,104,0
2024-08-27,2+2,15.69,20589,1449,0
2024-08-27,3+1,12.39,29083,2087,0
2024-08-27,3+0,10.05,66704,5042,0
2024-08-27,1+2,7.47,108715,7744,0
2024-08-27,2+1,5.76,444203,33649,0
2024-08-27,2+0,3.97,1036127,84343,0
2024-08-30,5+2,119772690.48,0,0,1
2024-08-30,5+1,184395.87,5,1,0
2024-08-30,5+0,15391.55,14,0,0
2024-08-30,4+2,1398.27,48,3,0
2024-08-30,4+1,107.69,1148,101,0
2024-08-30,3+2,48.37,2702,214,0
2024-08-30,4+0,36.40,2523,225,0
2024-08-30,2+2,12.35,37184,3207,0
2024-08-30,3+1,10.19,50222,4369,0
2024-08-30,3+0,8.56,111392,10306,0
2024-08-30,1+2,6.10,189326,16865,0
2024-08-30,2+1,5.29,687522,59509,0
2024-08-30,2+0,3.81,1536840,141638,0
2024-09-03,5+2,132447714.53,0,0,1
2024-09-03,5+1,262554.06,3,0,0
2024-09-03,5+0,16735.42,11,0,0
2024-09-03,4+2,1042.53,55,5,0
2024-09-03,4+1,104.16,1014,69,0
2024-09-03,3+2,40.05,2788,275,0
2024-09-03,4+0,33.98,2309,134,0
2024-09-03,2+2,10.57,37098,3656,0
2024-09-03,3+1,8.94,48894,3978,0
2024-09-03,3+0,7.91,102946,7041,0
2024-09-03,1+2,5.53,178225,16879,0
2024-09-03,2+1,4.68,663338,53681,0
2024-09-03,2+0,3.63,1378289,95922,0
2024-09-06,5+2,149017789.00,1,0,0
2024-09-06,5+1,257427.94,4,0,0
2024-09-06,5+0,34380.08,7,0,0
2024-09-06,4+2,1362.90,55,8,0
2024-09-06,4+1,135.11,1022,77,0
2024-09-06,3+2,69.14,2111,173,0
2024-09-06,4+0,49.77,2061,158,0
2024-09-06,2+2,16.20,31655,2595,0
2024-09-06,3+1,12.31,46435,3719,0
2024-09-06,3+0,11.07,96179,7359,0
2024-09-06,1+2,7.34,175554,14130,0
2024-09-06,2+1,5.66,717046,58715,0
2024-09-06,2+0,4.45,1470121,117671,0
2024-09-10,5+2,17000000.00,0,0,1
2024-09-10,5+1,484860.85,1,0,0
2024-09-10,5+0,18886.66,6,0,0
2024-09-10,4+2,2715.10,13,2,0
2024-09-10,4+1,182.12,357,28,0
2024-09-10,3+2,72.04,954,107,0
2024-09-10,4+0,59.55,811,64,0
2024-09-10,2+2,15.68,15401,1466,0
2024-09-10,3+1,14.76,18241,1664,0
2024-09-10,3+0,12.48,40170,3740,0
2024-09-10,1+2,6.50,93391,8945,0
2024-09-10,2+1,6.59,290184,27799,0
2024-09-10,2+0,4.89,629021,57902,0
2024-09-13,5+2,31511704.35,0,0,1
2024-09-13,5+1,252503.65,3,0,0
2024-09-13,5+0,35408.55,5,1,0
2024-09-13,4+2,2397.58,23,3,0
2024-09-13,4+1,135.62,749,63,0
2024-09-13,3+2,70.83,1516,130,0
2024-09-13,4+0,35.19,2144,226,0
2024-09-13,2+2,17.79,21197,1802,0
2024-09-13,3+1,11.84,35525,3304,0
2024-09-13,3+0,8.31,94256,10110,0
2024-09-13,1+2,8.52,111292,10093,0
2024-09-13,2+1,5.87,509083,48642,0
2024-09-13,2+0,3.61,1330865,145739,0
2024-09-17,5+2,41391923.05,0,0,1
2024-09-17,5+1,0.00,0,0,0
2024-09-17,5+0,159071.52,4,1,0
2024-09-17,4+2,1976.04,19,0,0
2024-09-17,4+1,150.35,460,42,0
2024-09-17,3+2,79.73,917,64,0
2024-09-17,4+0,44.36,1158,116,0
2024-09-17,2+2,18.52,13868,1066,0
2024-09-17,3+1,13.79,20774,1731,0
2024-09-17,3+0,10.74,49650,4809,0
2024-09-17,1+2,8.84,73056,5351,0
2024-09-17,2+1,6.85,296919,24936,0
2024-09-17,2+0,4.35,752833,69138,0
2024-09-20,5+2,54712555.10,0,0,1
2024-09-20,5+1,231778.99,3,0,0
2024-09-20,5+0,12500.90,13,0,0
2024-09-20,4+2,937.37,54,4,0
2024-09-20,4+1,123.99,752,85,0
2024-09-20,3+2,37.79,2608,300,0
2024-09-20,4+0,45.06,1537,156,0
2024-09-20,2+2,9.26,37366,4276,0
2024-09-20,3+1,11.18,34527,3176,0
2024-09-20,3+0,10.53,68306,6334,0
2024-09-20,1+2,4.19,207694,24514,0
2024-09-20,2+1,5.46,502378,47167,0
2024-09-20,2+0,4.44,994624,93713,0
2024-09-24,5+2,65337927.00,0,0,1
2024-09-24,5+1,138661.10,4,0,0
2024-09-24,5+0,64814.76,2,0,0
2024-09-24,4+2,1615.05,25,1,0
2024-09-24,4+1,139.02,535,35,0
2024-09-24,3+2,55.02,1429,141,0
2024-09-24,4+0,50.41,1096,65,0
2024-09-24,2+2,12.26,22528,2713,0
2024-09-24,3+1,12.42,24809,2116,0
2024-09-24,3+0,11.09,51717,3895,0
2024-09-24,1+2,5.36,129548,16260,0
2024-09-24,2+1,5.47,400108,36722,0
2024-09-24,2+0,4.44,793593,64712,0
2024-09-27,5+2,130000000.00,0,0,1
2024-09-27,5+1,416328.85,3,0,0
2024-09-27,5+0,16217.15,18,1,0
2024-09-27,4+2,1337.09,68,6,0
2024-09-27,4+1,113.32,1478,125,0
2024-09-27,3+2,63.85,2773,235,0
2024-09-27,4+0,33.79,3682,297,0
2024-09-27,2+2,15.78,39401,3127,0
2024-09-27,3+1,10.34,67092,5937,0
2024-09-27,3+0,7.83,164809,13460,0
2024-09-27,1+2,7.83,199805,15710,0
2024-09-27,2+1,5.24,940455,85150,0
2024-09-27,2+0,3.49,2273779,187539,0
2024-10-01,5+2,143969598.87,0,0,1
2024-10-01,5+1,124015.82,7,0,0
2024-10-01,5+0,20289.17,10,0,0
2024-10-01,4+2,1373.82,46,2,0
2024-10-01,4+1,137.60,846,43,0
2024-10-01,3+2,68.71,1791,121,0
2024-10-01,4+0,41.43,2087,124,0
2024-10-01,2+2,16.48,26227,1568,0
2024-10-01,3+1,11.83,40760,2600,0
2024-10-01,3+0,9.55,93991,6438,0
2024-10-01,1+2,7.67,141713,8779,0
2024-10-01,2+1,5.83,587531,38282,0
2024-10-01,2+0,4.06,1358844,92463,0
2024-10-04,5+2,162256512.00,1,0,0
2024-10-04,5+1,94700.08,12,2,0
2024-10-04,5+0,13279.78,20,1,0
2024-10-04,4+2,852.85,97,7,0
2024-10-04,4+1,84.14,1811,182,0
2024-10-04,3+2,46.77,3444,299,0
2024-10-04,4+0,24.54,4613,435,0
2024-10-04,2+2,13.12,43110,3442,0
2024-10-04,3+1,9.17,68777,5812,0
2024-10-04,3+0,7.01,167492,14331,0
2024-10-04,1+2,6.97,204256,16343,0
2024-10-04,2+1,5.15,870340,71398,0
2024-10-04,2+0,3.46,2086207,174752,0
2024-10-08,5+2,17000000.00,0,0,1
2024-10-08,5+1,122519.25,4,0,0
2024-10-08,5+0,16362.72,7,1,0
2024-10-08,4+2,1150.84,31,6,0
2024-10-08,4+1,123.30,533,48,0
2024-10-08,3+2,52.91,1313,122,0
2024-10-08,4+0,38.17,1279,122,0
2024-10-08,2+2,12.59,19378,1969,0
2024-10-08,3+1,10.62,25616,2501,0
2024-10-08,3+0,8.94,56697,5428,0
2024-10-08,1+2,6.13,100095,10594,0
2024-10-08,2+1,5.18,372862,36668,0
2024-10-08,2+0,3.79,821666,78999,0
2024-10-11,5+2,29821152.30,0,0,1
2024-10-11,5+1,223088.05,3,0,0
2024-10-11,5+0,26069.67,6,1,0
2024-10-11,4+2,1624.01,30,2,0
2024-10-11,4+1,121.60,738,87,0
2024-10-11,3+2,69.30,1369,137,0
2024-10-11,4+0,46.39,1437,138,0
2024-10-11,2+2,16.55,20133,1928,0
2024-10-11,3+1,11.91,31194,3406,0
2024-10-11,3+0,10.78,64209,6149,0
2024-10-11,1+2,7.42,112915,10983,0
2024-10-11,2+1,5.69,463749,49048,0
2024-10-11,2+0,4.49,946037,89805,0
2024-10-15,5+2,39530015.20,0,0,1
2024-10-15,5+1,506802.64,1,0,0
2024-10-15,5+0,23689.62,5,0,0
2024-10-15,4+2,1366.43,27,0,0
2024-10-15,4+1,141.29,481,38,0
2024-10-15,3+2,58.84,1221,110,0
2024-10-15,4+0,48.77,1035,88,0
2024-10-15,2+2,13.12,19239,1775,0
2024-10-15,3+1,13.15,21401,1868,0
2024-10-15,3+0,11.50,45553,3844,0
2024-10-15,1+2,5.61,113067,10574,0
2024-10-15,2+1,6.09,328382,29169,0
2024-10-15,2+0,4.65,692194,59303,0
2024-10-18,5+2,53040810.30,0,0,1
2024-10-18,5+1,352631.75,2,1,0
2024-10-18,5+0,27471.95,6,0,0
2024-10-18,4+2,1466.88,35,5,0
2024-10-18,4+1,133.95,706,73,0
2024-10-18,3+2,67.59,1479,112,0
2024-10-18,4+0,32.37,2170,265,0
2024-10-18,2+2,17.54,20021,1644,0
2024-10-18,3+1,12.67,30918,2920,0
2024-10-18,3+0,7.69,94852,10448,0
2024-10-18,1+2,8.24,107220,9272,0
2024-10-18,2+1,6.44,432047,38722,0
2024-10-18,2+0,3.56,1256893,129776,0
2024-10-22,5+2,63353583.10,0,0,1
2024-10-22,5+1,269163.37,2,0,0
2024-10-22,5+0,13979.53,9,1,0
2024-10-22,4+2,1632.85,24,3,0
2024-10-22,4+1,102.39,705,60,0
2024-10-22,3+2,66.07,1155,110,0
2024-10-22,4+0,31.63,1695,140,0
2024-10-22,2+2,16.31,16432,1599,0
2024-10-22,3+1,10.16,29417,2750,0
2024-10-22,3+0,7.98,69726,6705,0
2024-10-22,1+2,7.90,85273,7793,0
2024-10-22,2+1,5.28,402090,37290,0
2024-10-22,2+0,3.67,930745,85033,0
2024-10-25,5+2,76313061.94,0,0,1
2024-10-25,5+1,402669.52,2,0,0
2024-10-25,5+0,26888.71,7,0,0
2024-10-25,4+2,1465.65,40,4,0
2024-10-25,4+1,106.50,1014,93,0
2024-10-25,3+2,66.22,1724,133,0
2024-10-25,4+0,38.77,2069,149,0
2024-10-25,2+2,15.46,25930,2289,0
2024-10-25,3+1,9.86,45365,4205,0
2024-10-25,3+0,8.80,94572,8357,0
2024-10-25,1+2,7.64,131896,11341,0
2024-10-25,2+1,5.04,630402,58573,0
2024-10-25,2+0,3.87,1321965,113185,0
2024-10-29,5+2,85747958.00,0,0,1
2024-10-29,5+1,293155.71,2,0,0
2024-10-29,5+0,45676.88,3,0,0
2024-10-29,4+2,1855.72,23,2,0
2024-10-29,4+1,164.48,478,34,0
2024-10-29,3+2,80.93,1027,77,0
2024-10-29,4+0,42.69,1368,108,0
2024-10-29,2+2,18.91,15437,1128,0
2024-10-29,3+1,14.21,22908,1736,0
2024-10-29,3+0,9.29,65223,5874,0
2024-10-29,1+2,9.06,81020,5917,0
2024-10-29,2+1,6.75,342322,26279,0
2024-10-29,2+0,3.78,984152,88819,0
2024-11-01,5+2,98005009.00,0,0,1
2024-11-01,5+1,152337.63,5,1,0
2024-11-01,5+0,44504.76,4,0,0
2024-11-01,4+2,1108.97,50,1,0
2024-11-01,4+1,145.70,701,58,0
2024-11-01,3+2,47.00,2297,204,0
2024-11-01,4+0,47.75,1589,110,0
2024-11-01,2+2,11.44,33152,3025,0
2024-11-01,3+1,10.78,39237,3692,0
2024-11-01,3+0,10.10,77972,6783,0
2024-11-01,1+2,5.16,184689,16550,0
2024-11-01,2+1,5.30,567133,51480,0
2024-11-01,2+0,4.34,1113984,95050,0
2024-11-05,5+2,109544201.00,0,0,1
2024-11-05,5+1,119513.05,6,0,0
2024-11-05,5+0,20949.12,8,0,0
2024-11-05,4+2,1186.38,44,2,0
2024-11-05,4+1,110.52,870,69,0
2024-11-05,3+2,54.01,1882,147,0
2024-11-05,4+0,38.69,1846,121,0
2024-11-05,2+2,13.10,27255,2197,0
2024-11-05,3+1,11.26,35363,2735,0
2024-11-05,3+0,9.26,80046,6588,0
2024-11-05,1+2,6.11,146834,11484,0
2024-11-05,2+1,5.64,501357,39163,0
2024-11-05,2+0,4.03,1128830,92463,0
2024-11-08,5+2,124837601.00,0,0,1
2024-11-08,5+1,316791.86,3,0,0
2024-11-08,5+0,18509.86,12,1,0
2024-11-08,4+2,1773.95,39,7,0
2024-11-08,4+1,157.14,811,76,0
2024-11-08,3+2,74.18,1816,156,0
2024-11-08,4+0,51.50,1838,140,0
2024-11-08,2+2,17.37,27240,2269,0
2024-11-08,3+1,13.63,38734,2915,0
2024-11-08,3+0,11.29,87064,6854,0
2024-11-08,1+2,7.53,157954,14514,0
2024-11-08,2+1,6.31,594236,50052,0
2024-11-08,2+0,4.50,1340773,111962,0
2024-11-12,5+2,137211026.00,0,0,1
2024-11-12,5+1,256306.65,3,0,0
2024-11-12,5+0,14975.77,12,0,0
2024-11-12,4+2,1365.24,41,5,0
2024-11-12,4+1,113.30,910,77,0
2024-11-12,3+2,59.66,1827,148,0
2024-11-12,4+0,33.41,2292,202,0
2024-11-12,2+2,15.52,24670,1744,0
2024-11-12,3+1,10.69,39940,3069,0
2024-11-12,3+0,8.09,98242,8154,0
2024-11-12,1+2,8.09,119027,7357,0
2024-11-12,2+1,5.56,545032,40476,0
2024-11-12,2+0,3.50,1394060,113011,0
2024-11-15,5+2,153801395.00,0,0,1
2024-11-15,5+1,1030972.91,1,0,0
2024-11-15,5+0,26772.81,9,0,0
2024-11-15,4+2,1471.60,51,5,0
2024-11-15,4+1,168.39,821,84,0
2024-11-15,3+2,62.69,2331,201,0
2024-11-15,4+0,54.92,1870,156,0
2024-11-15,2+2,13.18,38936,3417,0
2024-11-15,3+1,12.53,45700,3822,0
2024-11-15,3+0,10.58,100728,8743,0
2024-11-15,1+2,5.99,215347,20735,0
2024-11-15,2+1,5.62,723305,61397,0
2024-11-15,2+0,4.06,1612654,138098,0
2024-11-19,5+2,167885088.00,0,0,1
2024-11-19,5+1,437600.46,2,0,0
2024-11-19,5+0,18595.35,11,0,0
2024-11-19,4+2,1179.85,54,2,0
2024-11-19,4+1,105.73,1110,89,0
2024-11-19,3+2,57.92,2142,102,0
2024-11-19,4+0,37.79,2307,145,0
2024-11-19,2+2,15.21,28642,1650,0
2024-11-19,3+1,10.62,45762,2997,0
2024-11-19,3+0,8.58,105496,7649,0
2024-11-19,1+2,7.74,141623,8508,0
2024-11-19,2+1,5.40,638935,44776,0
2024-11-19,2+0,3.79,1464889,110521,0
2024-11-22,5+2,194669133.00,0,0,1
2024-11-22,5+1,151312.46,11,2,0
2024-11-22,5+0,14407.64,27,2,0
2024-11-22,4+2,1302.85,93,9,0
2024-11-22,4+1,102.29,2182,158,0
2024-11-22,3+2,60.25,3916,289,0
2024-11-22,4+0,30.98,5351,397,0
2024-11-22,2+2,14.61,56732,4359,0
2024-11-22,3+1,10.19,90710,6687,0
2024-11-22,3+0,7.93,217100,16205,0
2024-11-22,1+2,7.06,295013,23487,0
2024-11-22,2+1,5.26,1246775,97829,0
2024-11-22,2+0,3.60,2931777,228405,0
2024-11-26,5+2,212448937.00,1,0,0
2024-11-26,5+1,73659.18,15,1,0
2024-11-26,5+0,18445.03,14,1,0
2024-11-26,4+2,1462.40,55,1,0
2024-11-26,4+1,99.30,1492,99,0
2024-11-26,3+2,65.26,2400,122,0
2024-11-26,4+0,31.79,3462,272,0
2024-11-26,2+2,16.65,33051,2036,0
2024-11-26,3+1,10.69,57385,3740,0
2024-11-26,3+0,7.90,144615,10391,0
2024-11-26,1+2,8.20,168815,10318,0
2024-11-26,2+1,5.58,781193,52849,0
2024-11-26,2+0,3.59,1953020,145328,0
2024-11-29,5+2,17000000.00,0,0,1
2024-11-29,5+1,171105.29,4,2,0
2024-11-29,5+0,26660.08,6,0,0
2024-11-29,4+2,1083.12,46,4,0
2024-11-29,4+1,98.05,936,78,0
2024-11-29,3+2,39.45,2459,284,0
2024-11-29,4+0,36.20,1883,161,0
2024-11-29,2+2,10.39,32798,4228,0
2024-11-29,3+1,9.73,39040,3984,0
2024-11-29,3+0,8.68,81499,7576,0
2024-11-29,1+2,5.20,164667,22503,0
2024-11-29,2+1,4.94,545804,61124,0
2024-11-29,2+0,3.87,1123038,111329,0
2024-12-03,5+2,27018616.00,0,0,1
2024-12-03,5+1,0.00,0,0,0
2024-12-03,5+0,129039.77,5,1,0
2024-12-03,4+2,1812.89,21,1,0
2024-12-03,4+1,158.30,443,37,0
2024-12-03,3+2,64.02,1158,115,0
2024-12-03,4+0,53.87,967,80,0
2024-12-03,2+2,14.68,17740,1803,0
2024-12-03,3+1,13.39,21694,2014,0
2024-12-03,3+0,11.51,46965,4037,0
2024-12-03,1+2,6.50,100698,10330,0
2024-12-03,2+1,6.09,338553,31315,0
2024-12-03,2+0,4.51,736296,64920,0
2024-12-06,5+2,40367384.00,0,0,1
2024-12-06,5+1,0.00,0,0,0
2024-12-06,5+0,78150.96,11,1,0
2024-12-06,4+2,1300.64,39,2,0
2024-12-06,4+1,153.68,608,61,0
2024-12-06,3+2,69.80,1415,140,0
2024-12-06,4+0,46.93,1479,124,0
2024-12-06,2+2,16.73,20745,1904,0
2024-12-06,3+1,13.51,28649,2726,0
2024-12-06,3+0,10.41,69227,6839,0
2024-12-06,1+2,7.77,112234,10397,0
2024-12-06,2+1,6.44,426665,40029,0
2024-12-06,2+0,4.31,1025701,106385,0
2024-12-10,5+2,50987545.00,0,0,1
2024-12-10,5+1,554372.44,1,1,0
2024-12-10,5+0,43188.65,3,0,0
2024-12-10,4+2,1345.22,30,3,0
2024-12-10,4+1,124.73,596,39,0
2024-12-10,3+2,43.27,1816,190,0
2024-12-10,4+0,49.39,1118,87,0
2024-12-10,2+2,10.21,27028,3040,0
2024-12-10,3+1,10.64,28922,2726,0
2024-12-10,3+0,10.12,56637,4659,0
2024-12-10,1+2,5.09,136199,15359,0
2024-12-10,2+1,5.03,434741,41985,0
2024-12-10,2+0,4.10,859369,72573,0
2024-12-13,5+2,67852509.00,0,0,1
2024-12-13,5+1,880351.09,1,1,0
2024-12-13,5+0,22861.39,9,1,0
2024-12-13,4+2,1393.19,46,5,0
2024-12-13,4+1,146.65,805,90,0
2024-12-13,3+2,70.31,1775,159,0
2024-12-13,4+0,39.39,2226,298,0
2024-12-13,2+2,16.79,26101,2111,0
2024-12-13,3+1,12.89,37914,3906,0
2024-12-13,3+0,9.58,94973,11456,0
2024-12-13,1+2,7.69,143323,11179,0
2024-12-13,2+1,6.24,556232,54665,0
2024-12-13,2+0,4.07,1372521,150689,0
2024-12-17,5+2,77557137.00,1,0,0
2024-12-17,5+1,603073.30,1,0,0
2024-12-17,5+0,17618.52,8,0,0
2024-12-17,4+2,914.62,48,6,0
2024-12-17,4+1,87.61,923,98,0
2024-12-17,3+2,40.82,2094,173,0
2024-12-17,4+0,34.34,1749,154,0
2024-12-17,2+2,9.91,30297,2832,0
2024-12-17,3+1,8.44,39664,3960,0
2024-12-17,3+0,8.27,75380,7122,0
2024-12-17,1+2,4.96,152149,13397,0
2024-12-17,2+1,4.70,505740,47353,0
2024-12-17,2+0,3.82,1002365,91547,0
2024-12-20,5+2,17000000.00,0,0,1
2024-12-20,5+1,222689.44,3,0,0
2024-12-20,5+0,19517.32,8,0,0
2024-12-20,4+2,1034.75,47,8,0
2024-12-20,4+1,113.11,792,99,0
2024-12-20,3+2,49.63,1908,248,0
2024-12-20,4+0,37.03,1797,230,0
2024-12-20,2+2,12.04,27621,3160,0
2024-12-20,3+1,10.58,35050,4427,0
2024-12-20,3+0,8.95,77174,10226,0
2024-12-20,1+2,5.88,142307,15274,0
2024-12-20,2+1,5.31,496007,58073,0
2024-12-20,2+0,3.87,1095328,132341,0
2024-12-24,5+2,28754035.70,0,0,1
2024-12-24,5+1,306780.33,2,1,0
2024-12-24,5+0,8962.45,16,1,0
2024-12-24,4+2,1395.79,32,2,0
2024-12-24,4+1,107.83,763,47,0
2024-12-24,3+2,67.68,1285,92,0
2024-12-24,4+0,22.95,2663,238,0
2024-12-24,2+2,18.16,16824,1422,0
2024-12-24,3+1,11.27,30239,2187,0
2024-12-24,3+0,6.50,97631,8983,0
2024-12-24,1+2,8.97,85694,6842,0
2024-12-24,2+1,5.91,409663,31253,0
2024-12-24,2+0,3.15,1235083,114052,0
2024-12-27,5+2,41205363.00,1,0,0
2024-12-27,5+1,129991.85,5,1,0
2024-12-27,5+0,16878.46,9,0,0
2024-12-27,4+2,788.58,60,6,0
2024-12-27,4+1,102.06,854,89,0
2024-12-27,3+2,42.38,2174,243,0
2024-12-27,4+0,33.66,1923,231,0
2024-12-27,2+2,10.91,29649,3249,0
2024-12-27,3+1,9.90,36455,4084,0
2024-12-27,3+0,8.30,80975,8710,0
2024-12-27,1+2,5.52,147394,15371,0
2024-12-27,2+1,5.16,496697,52547,0
2024-12-27,2+0,3.76,1098086,113989,0
2024-12-31,5+2,17000000.00,0,0,1
2024-12-31,5+1,188075.12,4,0,0
2024-12-31,5+0,15984.09,11,1,0
2024-12-31,4+2,1711.41,32,3,0
2024-12-31,4+1,129.00,782,45,0
2024-12-31,3+2,66.40,1606,107,0
2024-12-31,4+0,38.21,1961,156,0
2024-12-31,2+2,16.86,22223,1524,0
2024-12-31,3+1,11.58,36088,2568,0
2024-12-31,3+0,8.63,90132,6603,0
2024-12-31,1+2,7.94,118600,8160,0
2024-12-31,2+1,5.64,525874,39439,0
2024-12-31,2+0,3.65,1309459,99634,0
2025-01-03,5+2,29139978.90,0,0,1
2025-01-03,5+1,316853.45,2,0,0
2025-01-03,5+0,24684.62,6,0,0
2025-01-03,4+2,1590.75,29,2,0
2025-01-03,4+1,139.76,608,60,0
2025-01-03,3+2,56.46,1591,165,0
2025-01-03,4+0,44.51,1418,174,0
2025-01-03,2+2,13.76,22935,2336,0
2025-01-03,3+1,11.84,29727,2880,0
2025-01-03,3+0,9.53,68729,7036,0
2025-01-03,1+2,6.64,119525,12559,0
2025-01-03,2+1,5.69,439059,42939,0
2025-01-03,2+0,3.99,1008934,100345,0
2025-01-07,5+2,39138030.70,0,0,1
2025-01-07,5+1,521898.30,1,0,0
2025-01-07,5+0,24395.24,5,0,0
2025-01-07,4+2,2713.75,14,0,0
2025-01-07,4+1,169.86,412,38,0
2025-01-07,3+2,80.07,924,85,0
2025-01-07,4+0,50.67,1026,82,0
2025-01-07,2+2,19.78,13140,1062,0
2025-01-07,3+1,14.71,19699,1857,0
2025-01-07,3+0,11.16,48369,4633,0
2025-01-07,1+2,9.08,71968,5555,0
2025-01-07,2+1,7.02,293098,24537,0
2025-01-07,2+0,4.53,731851,69113,0
2025-01-10,5+2,52905618.10,0,0,1
2025-01-10,5+1,179667.01,4,0,0
2025-01-10,5+0,55988.18,3,0,0
2025-01-10,4+2,1687.63,31,3,0
2025-01-10,4+1,120.31,801,100,0
2025-01-10,3+2,59.23,1720,182,0
2025-01-10,4+0,45.98,1557,180,0
2025-01-10,2+2,14.43,24794,2164,0
2025-01-10,3+1,10.78,37007,3468,0
2025-01-10,3+0,10.64,69838,6436,0
2025-01-10,1+2,6.85,131395,11436,0
2025-01-10,2+1,5.25,539324,49596,0
2025-01-10,2+0,4.38,1040834,92882,0
2025-01-14,5+2,63894652.20,0,0,1
2025-01-14,5+1,95604.59,6,0,0
2025-01-14,5+0,26813.24,5,1,0
2025-01-14,4+2,2197.80,19,0,0
2025-01-14,4+1,156.66,491,49,0
2025-01-14,3+2,53.78,1512,170,0
2025-01-14,4+0,52.18,1095,85,0
2025-01-14,2+2,12.35,23134,2331,0
2025-01-14,3+1,12.54,25394,2028,0
2025-01-14,3+0,11.31,52451,3871,0
2025-01-14,1+2,5.47,131241,13829,0
2025-01-14,2+1,5.78,391066,33503,0
2025-01-14,2+0,4.49,811530,62063,0
2025-01-17,5+2,76208290.10,0,0,1
2025-01-17,5+1,85022.73,9,0,0
2025-01-17,5+0,13756.99,13,3,0
2025-01-17,4+2,870.38,64,7,0
2025-01-17,4+1,97.54,1052,85,0
2025-01-17,3+2,46.91,2312,223,0
2025-01-17,4+0,37.51,2032,168,0
2025-01-17,2+2,12.01,31713,3189,0
2025-01-17,3+1,9.88,42987,3882,0
2025-01-17,3+0,9.32,84911,7133,0
2025-01-17,1+2,6.11,156737,16016,0
2025-01-17,2+1,5.24,576078,53281,0
2025-01-17,2+0,4.07,1192259,102745,0
2025-01-21,5+2,85948096.90,0,0,1
2025-01-21,5+1,121051.88,5,0,0
2025-01-21,5+0,23576.51,6,1,0
2025-01-21,4+2,1258.88,35,3,0
2025-01-21,4+1,96.97,837,86,0
2025-01-21,3+2,56.67,1514,97,0
2025-01-21,4+0,34.49,1748,158,0
2025-01-21,2+2,13.99,21547,1701,0
2025-01-21,3+1,9.57,35112,3317,0
2025-01-21,3+0,8.76,71448,5771,0
2025-01-21,1+2,6.86,110536,8281,0
2025-01-21,2+1,4.95,482098,43343,0
2025-01-21,2+0,3.94,974545,75532,0
2025-01-24,5+2,99397573.00,1,0,0
2025-01-24,5+1,92865.42,9,0,0
2025-01-24,5+0,13952.68,14,0,0
2025-01-24,4+2,950.66,64,8,0
2025-01-24,4+1,93.94,1193,81,0
2025-01-24,3+2,46.21,2564,216,0
2025-01-24,4+0,34.90,2385,164,0
2025-01-24,2+2,11.08,37569,3311,0
2025-01-24,3+1,10.04,46224,3402,0
2025-01-24,3+0,8.83,97848,6927,0
2025-01-24,1+2,5.47,191091,18487,0
2025-01-24,2+1,5.14,641405,51607,0
2025-01-24,2+0,3.93,1351272,99201,0
2025-01-28,5+2,17000000.00,0,0,1
2025-01-28,5+1,474163.96,1,0,0
2025-01-28,5+0,110819.93,1,0,0
2025-01-28,4+2,1725.88,20,2,0
2025-01-28,4+1,190.37,334,26,0
2025-01-28,3+2,69.72,964,81,0
2025-01-28,4+0,60.32,783,69,0
2025-01-28,2+2,15.99,14770,1386,0
2025-01-28,3+1,14.77,17824,1502,0
2025-01-28,3+0,12.15,40350,3215,0
2025-01-28,1+2,6.94,85554,8129,0
2025-01-28,2+1,6.61,282713,24692,0
2025-01-28,2+0,4.77,631428,52667,0
2025-01-31,5+2,29691765.30,0,0,1
2025-01-31,5+1,662510.15,1,0,0
2025-01-31,5+0,51613.17,3,0,0
2025-01-31,4+2,1722.45,28,3,0
2025-01-31,4+1,167.94,529,53,0
2025-01-31,3+2,62.03,1514,128,0
2025-01-31,4+0,56.64,1165,101,0
2025-01-31,2+2,12.72,25940,2469,0
2025-01-31,3+1,13.78,26701,2396,0
2025-01-31,3+0,11.98,57187,5015,0
2025-01-31,1+2,5.38,154092,14806,0
2025-01-31,2+1,6.07,430353,39479,0
2025-01-31,2+0,4.71,892502,81389,0
2025-02-04,5+2,39688310.70,0,0,1
2025-02-04,5+1,0.00,0,0,0
2025-02-04,5+0,643777.52,1,0,0
2025-02-04,4+2,1582.78,24,2,0
2025-02-04,4+1,151.13,463,43,0
2025-02-04,3+2,73.75,1003,76,0
2025-02-04,4+0,53.81,966,91,0
2025-02-04,2+2,15.67,16585,1446,0
2025-02-04,3+1,13.55,21383,1994,0
2025-02-04,3+0,10.84,49792,4362,0
2025-02-04,1+2,7.14,91488,8051,0
2025-02-04,2+1,6.03,341234,30913,0
2025-02-04,2+0,4.18,792657,68178,0
2025-02-07,5+2,53335818.20,0,0,1
2025-02-07,5+1,0.00,0,0,0
2025-02-07,5+0,146483.24,6,1,0
2025-02-07,4+2,1080.42,48,5,0
2025-02-07,4+1,141.95,673,63,0
2025-02-07,3+2,61.80,1634,145,0
2025-02-07,4+0,45.20,1570,123,0
2025-02-07,2+2,15.43,22992,1931,0
2025-02-07,3+1,11.27,35090,3313,0
2025-02-07,3+0,9.06,81279,7701,0
2025-02-07,1+2,7.69,115925,9704,0
2025-02-07,2+1,5.52,508548,48959,0
2025-02-07,2+0,3.77,1199016,116296,0
2025-02-11,5+2,64222633.70,0,0,1
2025-02-11,5+1,113658.35,5,0,0
2025-02-11,5+0,33204.78,4,0,0
2025-02-11,4+2,1378.99,30,3,0
2025-02-11,4+1,146.83,519,43,0
2025-02-11,3+2,76.29,1056,95,0
2025-02-11,4+0,52.08,1087,89,0
2025-02-11,2+2,17.10,16549,1379,0
2025-02-11,3+1,14.51,21756,1809,0
2025-02-11,3+0,11.48,51207,4216,0
2025-02-11,1+2,7.52,94596,7517,0
2025-02-11,2+1,6.52,343915,28544,0
2025-02-11,2+0,4.48,805259,68087,0
2025-02-14,5+2,78450739.00,1,0,0
2025-02-14,5+1,442087.53,2,0,0
2025-02-14,5+0,41329.25,5,0,0
2025-02-14,4+2,1430.33,45,1,0
2025-02-14,4+1,153.98,770,72,0
2025-02-14,3+2,72.24,1735,109,0
2025-02-14,4+0,48.85,1803,146,0
2025-02-14,2+2,15.59,28237,1793,0
2025-02-14,3+1,13.32,36861,2912,0
2025-02-14,3+0,10.78,84809,6539,0
2025-02-14,1+2,6.98,158678,9885,0
2025-02-14,2+1,6.09,572136,42630,0
2025-02-14,2+0,4.24,1322764,101049,0
2025-02-18,5+2,17000000.00,0,0,1
2025-02-18,5+1,469895.39,1,0,0
2025-02-18,5+0,27455.57,4,1,0
2025-02-18,4+2,900.18,38,8,0
2025-02-18,4+1,105.72,596,68,0
2025-02-18,3+2,32.71,2036,243,0
2025-02-18,4+0,39.97,1171,120,0
2025-02-18,2+2,8.33,28069,3348,0
2025-02-18,3+1,9.43,27683,2982,0
2025-02-18,3+0,9.55,50884,4707,0
2025-02-18,1+2,4.42,133047,15128,0
2025-02-18,2+1,4.72,392145,40224,0
2025-02-18,2+0,4.14,720876,64394,0
2025-02-21,5+2,29270259.00,0,0,1
2025-02-21,5+1,213502.49,3,0,0
2025-02-21,5+0,14969.71,10,1,0
2025-02-21,4+2,1457.09,32,1,0
2025-02-21,4+1,115.29,745,94,0
2025-02-21,3+2,57.32,1584,135,0
2025-02-21,4+0,36.41,1752,159,0
2025-02-21,2+2,14.58,21878,1919,0
2025-02-21,3+1,10.69,33261,3185,0
2025-02-21,3+0,8.51,77813,7363,0
2025-02-21,1+2,7.09,113178,9690,0
2025-02-21,2+1,5.47,461955,44521,0
2025-02-21,2+0,3.73,1088811,105582,0
2025-02-25,5+2,38919454.70,0,0,1
2025-02-25,5+1,167896.01,3,0,0
2025-02-25,5+0,19620.03,6,0,0
2025-02-25,4+2,1666.67,22,0,0
2025-02-25,4+1,124.16,544,41,0
2025-02-25,3+2,61.08,1169,74,0
2025-02-25,4+0,36.51,1374,112,0
2025-02-25,2+2,14.15,17726,1251,0
2025-02-25,3+1,10.07,27761,2185,0
2025-02-25,3+0,7.50,69403,6090,0
2025-02-25,1+2,7.13,88397,6921,0
2025-02-25,2+1,5.32,373133,29906,0
2025-02-25,2+0,3.44,929020,81704,0
2025-02-28,5+2,52448674.00,1,0,0
2025-02-28,5+1,353112.61,2,0,0
2025-02-28,5+0,20632.05,8,0,0
2025-02-28,4+2,1468.88,35,0,0
2025-02-28,4+1,134.90,702,47,0
2025-02-28,3+2,50.69,1975,190,0
2025-02-28,4+0,47.37,1485,116,0
2025-02-28,2+2,12.12,29005,2907,0
2025-02-28,3+1,11.66,33630,2681,0
2025-02-28,3+0,10.53,69321,5395,0
2025-02-28,1+2,5.47,161746,18174,0
2025-02-28,2+1,5.68,490638,43937,0
2025-02-28,2+0,4.38,1023433,83927,0
2025-03-04,5+2,17000000.00,0,0,1
2025-03-04,5+1,68564.80,7,0,0
2025-03-04,5+0,22434.61,5,1,0
2025-03-04,4+2,1247.82,28,1,0
2025-03-04,4+1,121.43,530,55,0
2025-03-04,3+2,55.72,1221,121,0
2025-03-04,4+0,41.90,1141,100,0
2025-03-04,2+2,13.23,18059,1639,0
2025-03-04,3+1,11.60,22979,1990,0
2025-03-04,3+0,10.16,48863,4303,0
2025-03-04,1+2,6.21,96708,8432,0
2025-03-04,2+1,5.50,344094,31023,0
2025-03-04,2+0,4.20,724716,63863,0
2025-03-07,5+2,130000000.00,0,0,1
2025-03-07,5+1,429799.44,3,0,0
2025-03-07,5+0,25112.80,12,0,0
2025-03-07,4+2,1054.65,89,8,0
2025-03-07,4+1,114.73,1507,95,0
2025-03-07,3+2,48.30,3784,286,0
2025-03-07,4+0,41.68,3081,200,0
2025-03-07,2+2,11.95,53706,4902,0
2025-03-07,3+1,11.03,64892,4912,0
2025-03-07,3+0,9.79,136202,9870,0
2025-03-07,1+2,5.63,286792,26028,0
2025-03-07,2+1,5.37,946610,74655,0
2025-03-07,2+0,4.12,1986190,142332,0
2025-03-11,5+2,144588956.00,0,0,1
2025-03-11,5+1,302199.80,3,0,0
2025-03-11,5+0,21188.72,10,1,0
2025-03-11,4+2,1783.72,37,2,0
2025-03-11,4+1,151.96,800,53,0
2025-03-11,3+2,62.51,2056,116,0
2025-03-11,4+0,53.78,1679,95,0
2025-03-11,2+2,14.68,30755,1805,0
2025-03-11,3+1,12.86,39147,2416,0
2025-03-11,3+0,11.34,82665,5217,0
2025-03-11,1+2,6.79,167267,9699,0
2025-03-11,2+1,6.00,596277,38393,0
2025-03-11,2+0,4.53,1269940,80471,0
2025-03-14,5+2,163297044.00,0,0,1
2025-03-14,5+1,387524.68,3,0,0
2025-03-14,5+0,33964.08,8,0,0
2025-03-14,4+2,1538.76,55,2,0
2025-03-14,4+1,138.45,1126,74,0
2025-03-14,3+2,62.38,2642,187,0
2025-03-14,4+0,45.59,2540,175,0
2025-03-14,2+2,13.87,41736,3152,0
2025-03-14,3+1,12.27,52637,4032,0
2025-03-14,3+0,10.49,114586,8363,0
2025-03-14,1+2,6.27,232010,17829,0
2025-03-14,2+1,5.68,806481,64768,0
2025-03-14,2+0,4.20,1755386,136124,0
2025-03-18,5+2,179328993.30,0,0,1
2025-03-18,5+1,332090.37,3,0,0
2025-03-18,5+0,38807.49,6,1,0
2025-03-18,4+2,2197.74,33,5,0
2025-03-18,4+1,157.54,848,55,0
2025-03-18,3+2,75.16,1879,152,0
2025-03-18,4+0,55.35,1793,117,0
2025-03-18,2+2,17.31,28656,2011,0
2025-03-18,3+1,14.04,39406,2836,0
2025-03-18,3+0,11.28,91297,6230,0
2025-03-18,1+2,7.76,160779,10607,0
2025-03-18,2+1,6.33,620751,44598,0
2025-03-18,2+0,4.37,1447963,100819,0
2025-03-21,5+2,200584076.30,0,0,1
2025-03-21,5+1,330212.89,4,0,0
2025-03-21,5+0,18159.10,17,2,0
2025-03-21,4+2,1335.47,72,7,0
2025-03-21,4+1,125.88,1407,128,0
2025-03-21,3+2,62.77,2983,234,0
2025-03-21,4+0,39.53,3328,260,0
2025-03-21,2+2,15.69,41905,3151,0
2025-03-21,3+1,10.63,69007,5857,0
2025-03-21,3+0,8.45,161655,12722,0
2025-03-21,1+2,7.72,214175,14991,0
2025-03-21,2+1,5.33,977456,77924,0
2025-03-21,2+0,3.62,2319001,170659,0
2025-03-25,5+2,220427176.80,0,0,1
2025-03-25,5+1,616553.48,2,0,0
2025-03-25,5+0,36024.67,8,0,0
2025-03-25,4+2,1300.96,69,6,0
2025-03-25,4+1,123.95,1334,86,0
2025-03-25,3+2,56.82,3076,219,0
2025-03-25,4+0,44.28,2774,161,0
2025-03-25,2+2,13.18,46584,3139,0
2025-03-25,3+1,11.52,59429,3522,0
2025-03-25,3+0,9.62,132501,8062,0
2025-03-25,1+2,6.25,247081,17112,0
2025-03-25,2+1,5.54,876893,54126,0
2025-03-25,2+0,4.03,1942643,119431,0
2025-03-28,5+2,250000000.00,1,0,0
2025-03-28,5+1,338645.83,9,1,0
2025-03-28,5+0,18585.69,24,2,0
2025-03-28,4+2,1197.72,116,10,0
2025-03-28,4+1,125.45,2040,126,0
2025-03-28,3+2,58.82,4599,276,0
2025-03-28,4+0,39.84,4772,325,0
2025-03-28,2+2,14.79,64252,3995,0
2025-03-28,3+1,11.96,88580,5454,0
2025-03-28,3+0,9.38,210303,13053,0
2025-03-28,1+2,7.06,338662,20538,0
2025-03-28,2+1,5.79,1300647,75865,0
2025-03-28,2+0,3.89,3111406,182523,0
2025-04-01,5+2,17000000.00,0,0,1
2025-04-01,5+1,266728.53,2,0,0
2025-04-01,5+0,13853.07,9,0,0
2025-04-01,4+2,4314.89,9,0,0
2025-04-01,4+1,182.02,393,30,0
2025-04-01,3+2,82.11,921,70,0
2025-04-01,4+0,53.24,998,75,0
2025-04-01,2+2,18.80,14128,1036,0
2025-04-01,3+1,14.09,21031,1534,0
2025-04-01,3+0,10.64,51822,4031,0
2025-04-01,1+2,8.65,77262,5492,0
2025-04-01,2+1,6.56,320432,24162,0
2025-04-01,2+0,4.18,810737,68215,0
2025-04-04,5+2,30117535.00,1,0,0
2025-04-04,5+1,684735.28,1,0,0
2025-04-04,5+0,32006.78,5,0,0
2025-04-04,4+2,1780.23,28,8,0
2025-04-04,4+1,153.80,597,64,0
2025-04-04,3+2,55.43,1751,271,0
2025-04-04,4+0,49.21,1386,170,0
2025-04-04,2+2,12.48,27314,3733,0
2025-04-04,3+1,12.92,29436,3521,0
2025-04-04,3+0,11.74,60328,6288,0
2025-04-04,1+2,5.18,165425,21145,0
2025-04-04,2+1,6.08,444405,50821,0
2025-04-04,2+0,4.90,886742,87663,0
2025-04-08,5+2,17000000.00,0,0,1
2025-04-08,5+1,121704.95,4,0,0
2025-04-08,5+0,28444.45,4,1,0
2025-04-08,4+2,1363.03,26,3,0
2025-04-08,4+1,139.49,468,43,0
2025-04-08,3+2,63.25,1091,71,0
2025-04-08,4+0,56.52,858,73,0
2025-04-08,2+2,14.07,17230,1353,0
2025-04-08,3+1,12.85,21045,1644,0
2025-04-08,3+0,11.17,45047,3634,0
2025-04-08,1+2,6.35,96020,7781,0
2025-04-08,2+1,5.70,336626,29187,0
2025-04-08,2+0,4.32,716092,62313,0
2025-04-11,5+2,29653055.80,0,0,1
2025-04-11,5+1,165122.37,4,0,0
2025-04-11,5+0,25727.88,6,1,0
2025-04-11,4+2,1414.16,34,6,0
2025-04-11,4+1,142.62,621,66,0
2025-04-11,3+2,54.88,1706,221,0
2025-04-11,4+0,49.24,1336,127,0
2025-04-11,2+2,12.69,25904,3048,0
2025-04-11,3+1,12.93,28376,2915,0
2025-04-11,3+0,11.40,59927,5545,0
2025-04-11,1+2,5.66,145952,17167,0
2025-04-11,2+1,5.94,438492,45051,0
2025-04-11,2+0,4.58,914696,85040,0
2025-04-15,5+2,39576503.40,0,0,1
2025-04-15,5+1,0.00,0,0,0
2025-04-15,5+0,127814.00,5,0,0
2025-04-15,4+2,1639.52,23,2,0
2025-04-15,4+1,167.38,415,35,0
2025-04-15,3+2,89.01,825,53,0
2025-04-15,4+0,49.52,1042,92,0
2025-04-15,2+2,17.91,14405,927,0
2025-04-15,3+1,14.04,20484,1413,0
2025-04-15,3+0,10.19,52563,4113,0
2025-04-15,1+2,8.37,77515,5060,0
2025-04-15,2+1,6.50,314277,23805,0
2025-04-15,2+0,4.07,807850,68385,0
2025-04-18,5+2,52448886.50,0,0,1
2025-04-18,5+1,134387.68,5,1,0
2025-04-18,5+0,26173.84,6,1,0
2025-04-18,4+2,1111.70,44,3,0
2025-04-18,4+1,129.83,694,62,0
2025-04-18,3+2,54.12,1760,249,0
2025-04-18,4+0,47.91,1397,112,0
2025-04-18,2+2,12.47,26824,3166,0
2025-04-18,3+1,12.13,30751,3262,0
2025-04-18,3+0,10.92,63633,5791,0
2025-04-18,1+2,5.66,148487,16683,0
2025-04-18,2+1,5.86,452131,45193,0
2025-04-18,2+0,4.53,941740,85337,0
2025-04-22,5+2,62465227.50,0,0,1
2025-04-22,5+1,0.00,0,0,0
2025-04-22,5+0,161263.08,4,0,0
2025-04-22,4+2,1359.36,28,2,0
2025-04-22,4+1,140.79,498,38,0
2025-04-22,3+2,78.26,947,62,0
2025-04-22,4+0,41.66,1250,89,0
2025-04-22,2+2,18.65,13963,1013,0
2025-04-22,3+1,11.67,24882,2039,0
2025-04-22,3+0,8.69,62197,5571,0
2025-04-22,1+2,8.85,74011,5101,0
2025-04-22,2+1,6.03,342032,26914,0
2025-04-22,2+0,3.91,848025,70808,0
2025-04-25,5+2,74400108.10,0,0,1
2025-04-25,5+1,148333.51,5,0,0
2025-04-25,5+0,34667.98,5,1,0
2025-04-25,4+2,1316.85,41,3,0
2025-04-25,4+1,142.89,696,55,0
2025-04-25,3+2,78.17,1345,101,0
2025-04-25,4+0,33.55,2202,200,0
2025-04-25,2+2,18.13,20366,1366,0
2025-04-25,3+1,13.98,29462,2169,0
2025-04-25,3+0,8.92,85992,7862,0
2025-04-25,1+2,8.36,111027,7570,0
2025-04-25,2+1,6.85,426810,30993,0
2025-04-25,2+0,3.88,1213128,103225,0
2025-04-29,5+2,83786486.80,0,0,1
2025-04-29,5+1,0.00,0,0,0
2025-04-29,5+0,65420.21,11,0,0
2025-04-29,4+2,1326.94,32,3,0
2025-04-29,4+1,129.28,605,45,0
2025-04-29,3+2,71.53,1156,79,0
2025-04-29,4+0,38.68,1502,112,0
2025-04-29,2+2,17.24,16848,1138,0
2025-04-29,3+1,12.53,25854,1741,0
2025-04-29,3+0,8.96,67339,4978,0
2025-04-29,1+2,8.20,89036,6119,0
2025-04-29,2+1,6.15,373985,26186,0
2025-04-29,2+0,3.81,972679,73750,0
2025-05-02,5+2,97254381.80,0,0,1
2025-05-02,5+1,209233.36,4,0,0
2025-05-02,5+0,24450.64,8,0,0
2025-05-02,4+2,1450.62,42,1,0
2025-05-02,4+1,106.88,1050,81,0
2025-05-02,3+2,64.23,1847,113,0
2025-05-02,4+0,29.43,2832,211,0
2025-05-02,2+2,16.44,25353,1604,0
2025-05-02,3+1,10.80,43044,3049,0
2025-05-02,3+0,7.43,116371,9108,0
2025-05-02,1+2,8.22,127471,7846,0
2025-05-02,2+1,5.58,591292,43496,0
2025-05-02,2+0,3.37,1576485,128111,0
2025-05-06,5+2,108197286.10,0,0,1
2025-05-06,5+1,226674.44,3,1,0
2025-05-06,5+0,22704.66,7,0,0
2025-05-06,4+2,1455.98,34,0,0
2025-05-06,4+1,154.56,590,46,0
2025-05-06,3+2,53.46,1803,142,0
2025-05-06,4+0,48.87,1386,93,0
2025-05-06,2+2,11.73,28867,2135,0
2025-05-06,3+1,12.30,30711,2185,0
2025-05-06,3+0,10.26,68538,4983,0
2025-05-06,1+2,5.44,156396,11908,0
2025-05-06,2+1,5.63,476415,35162,0
2025-05-06,2+0,4.11,1050239,79294,0
2025-05-09,5+2,123011264.40,0,0,1
2025-05-09,5+1,153430.48,6,1,0
2025-05-09,5+0,35859.23,6,0,0
2025-05-09,4+2,971.24,69,8,0
2025-05-09,4+1,115.37,1070,98,0
2025-05-09,3+2,40.10,3254,400,0
2025-05-09,4+0,41.87,2190,190,0
2025-05-09,2+2,10.50,43669,4988,0
2025-05-09,3+1,10.28,49730,4816,0
2025-05-09,3+0,9.50,100159,8478,0
2025-05-09,1+2,5.26,219063,24185,0
2025-05-09,2+1,5.15,704694,66953,0
2025-05-09,2+0,4.09,1430207,117104,0
2025-05-13,5+2,135332717.10,0,0,1
2025-05-13,5+1,382845.13,2,0,0
2025-05-13,5+0,44738.60,4,1,0
2025-05-13,4+2,1161.24,48,2,0
2025-05-13,4+1,135.10,760,73,0
2025-05-13,3+2,50.09,2167,136,0
2025-05-13,4+0,46.42,1643,156,0
2025-05-13,2+2,12.86,29645,2127,0
2025-05-13,3+1,9.20,46202,4197,0
2025-05-13,3+0,9.74,81295,6022,0
2025-05-13,1+2,6.14,156013,11405,0
2025-05-13,2+1,5.40,558850,42277,0
2025-05-13,2+0,4.26,1142108,80260,0
2025-05-16,5+2,151408193.70,0,0,1
2025-05-16,5+1,199795.20,5,0,0
2025-05-16,5+0,33353.88,7,0,0
2025-05-16,4+2,1454.44,50,0,0
2025-05-16,4+1,124.73,1074,87,0
2025-05-16,3+2,66.42,2132,143,0
2025-05-16,4+0,42.38,2348,204,0
2025-05-16,2+2,16.16,30789,2115,0
2025-05-16,3+1,12.41,44698,3396,0
2025-05-16,3+0,9.65,106981,8435,0
2025-05-16,1+2,7.81,160167,10317,0
2025-05-16,2+1,6.00,656758,50546,0
2025-05-16,2+0,4.02,1578227,127256,0
2025-05-20,5+2,164911119.90,0,0,1
2025-05-20,5+1,839110.41,1,0,0
2025-05-20,5+0,28016.27,7,0,0
2025-05-20,4+2,1246.62,49,5,0
2025-05-20,4+1,108.82,1034,81,0
2025-05-20,3+2,57.74,2060,122,0
2025-05-20,4+0,38.80,2154,120,0
2025-05-20,2+2,14.56,28703,2073,0
2025-05-20,3+1,10.33,45087,3255,0
2025-05-20,3+0,8.97,96677,6368,0
2025-05-20,1+2,7.06,148864,10550,0
2025-05-20,2+1,5.13,644453,47158,0
2025-05-20,2+0,3.94,1352916,88329,0
2025-05-23,5+2,182346241.70,0,0,1
2025-05-23,5+1,270867.07,4,1,0
2025-05-23,5+0,25322.43,10,1,0
2025-05-23,4+2,1834.25,43,2,0
2025-05-23,4+1,164.73,882,52,0
2025-05-23,3+2,79.78,1925,143,0
2025-05-23,4+0,50.17,2151,147,0
2025-05-23,2+2,18.10,29802,1876,0
2025-05-23,3+1,13.76,43716,2972,0
2025-05-23,3+0,11.48,97583,7160,0
2025-05-23,1+2,8.12,167141,10960,0
2025-05-23,2+1,6.34,673673,47851,0
2025-05-23,2+0,4.50,1527587,115950,0
2025-05-27,5+2,198011279.00,0,0,1
2025-05-27,5+1,486735.08,2,0,0
2025-05-27,5+0,22751.60,10,0,0
2025-05-27,4+2,1687.27,42,1,0
2025-05-27,4+1,146.51,891,49,0
2025-05-27,3+2,76.03,1815,97,0
2025-05-27,4+0,48.80,1987,120,0
2025-05-27,2+2,17.85,27160,1444,0
2025-05-27,3+1,13.43,40249,2247,0
2025-05-27,3+0,10.61,94907,5795,0
2025-05-27,1+2,8.26,147631,7706,0
2025-05-27,2+1,6.39,601177,33737,0
2025-05-27,2+0,4.26,1451448,91630,0
2025-05-30,5+2,218316095.30,0,0,1
2025-05-30,5+1,126179.93,10,1,0
2025-05-30,5+0,16383.51,18,2,0
2025-05-30,4+2,1556.86,59,3,0
2025-05-30,4+1,128.87,1313,96,0
2025-05-30,3+2,57.00,3138,258,0
2025-05-30,4+0,37.67,3336,232,0
2025-05-30,2+2,14.15,44407,3487,0
2025-05-30,3+1,10.59,66133,5347,0
2025-05-30,3+0,8.30,157111,11258,0
2025-05-30,1+2,6.98,226299,17669,0
2025-05-30,2+1,5.33,932814,74674,0
2025-05-30,2+0,3.76,2129110,150817,0
2025-06-03,5+2,238816941.10,0,0,1
2025-06-03,5+1,212330.18,6,0,0
2025-06-03,5+0,33083.37,9,0,0
2025-06-03,4+2,1204.44,77,8,0
2025-06-03,4+1,144.77,1180,70,0
2025-06-03,3+2,53.94,3348,211,0
2025-06-03,4+0,49.53,2562,112,0
2025-06-03,2+2,12.02,52778,3541,0
2025-06-03,3+1,12.23,57834,3336,0
2025-06-03,3+0,10.96,120208,6359,0
2025-06-03,1+2,5.42,294124,21242,0
2025-06-03,2+1,5.70,881610,51362,0
2025-06-03,2+0,4.43,1826079,96006,0
2025-06-06,5+2,250000000.00,0,0,1
2025-06-06,5+1,2737810.69,7,2,0
2025-06-06,5+0,23054.26,18,1,0
2025-06-06,4+2,1305.60,99,4,0
2025-06-06,4+1,134.97,1764,100,0
2025-06-06,3+2,68.36,3682,171,0
2025-06-06,4+0,46.02,3843,265,0
2025-06-06,2+2,16.52,53529,2906,0
2025-06-06,3+1,11.96,82454,5154,0
2025-06-06,3+0,9.84,186493,12222,0
2025-06-06,1+2,7.85,283271,15122,0
2025-06-06,2+1,5.84,1198212,80892,0
2025-06-06,2+0,3.93,2871563,207934,0
2025-06-10,5+2,250000000.00,0,0,1
2025-06-10,5+1,5914294.66,4,0,0
2025-06-10,5+0,26957.48,12,1,0
2025-06-10,4+2,1799.26,56,5,0
2025-06-10,4+1,152.01,1221,70,0
2025-06-10,3+2,73.43,2672,171,0
2025-06-10,4+0,50.63,2723,144,0
2025-06-10,2+2,16.45,41884,2693,0
2025-06-10,3+1,13.19,58295,3624,0
2025-06-10,3+0,11.25,127177,7247,0
2025-06-10,1+2,7.36,235400,15181,0
2025-06-10,2+1,6.06,900370,57342,0
2025-06-10,2+0,4.58,1918167,109405,0
2025-06-13,5+2,250000000.00,0,0,1
2025-06-13,5+1,4493785.76,7,0,0
2025-06-13,5+0,25302.24,17,0,0
2025-06-13,4+2,1557.87,86,7,0
2025-06-13,4+1,153.00,1613,96,0
2025-06-13,3+2,57.91,4505,309,0
2025-06-13,4+0,51.70,3546,252,0
2025-06-13,2+2,12.48,73437,5838,0
2025-06-13,3+1,13.37,76430,4725,0
2025-06-13,3+0,11.61,163963,10552,0
2025-06-13,1+2,5.11,450381,37851,0
2025-06-13,2+1,6.09,1191575,77220,0
2025-06-13,2+0,4.61,2534452,164858,0
2025-06-17,5+2,250000000.00,1,0,0
2025-06-17,5+1,7825661.02,3,0,0
2025-06-17,5+0,20064.11,16,0,0
2025-06-17,4+2,1298.59,77,9,0
2025-06-17,4+1,114.47,1609,90,0
2025-06-17,3+2,48.17,4042,318,0
2025-06-17,4+0,41.43,3302,210,0
2025-06-17,2+2,11.45,59720,5161,0
2025-06-17,3+1,10.02,76119,5036,0
2025-06-17,3+0,9.26,153398,9052,0
2025-06-17,1+2,5.57,308585,28242,0
2025-06-17,2+1,4.79,1129769,79974,0
2025-06-17,2+0,3.92,2222499,133646,0
2025-06-20,5+2,17000000.00,0,0,1
2025-06-20,5+1,172608.91,4,0,0
2025-06-20,5+0,40341.54,4,0,0
2025-06-20,4+2,1225.89,41,7,0
2025-06-20,4+1,113.74,814,76,0
2025-06-20,3+2,48.16,2032,186,0
2025-06-20,4+0,43.09,1596,134,0
2025-06-20,2+2,11.35,30280,2781,0
2025-06-20,3+1,10.97,34959,3028,0
2025-06-20,3+0,9.83,72626,5859,0
2025-06-20,1+2,5.39,160260,15368,0
2025-06-20,2+1,5.34,510014,45844,0
2025-06-20,2+0,4.12,1064811,92462,0
2025-06-24,5+2,26938272.80,0,0,1
2025-06-24,5+1,129694.46,4,2,0
2025-06-24,5+0,60623.46,2,1,0
2025-06-24,4+2,1218.23,31,0,0
2025-06-24,4+1,96.89,718,59,0
2025-06-24,3+2,43.05,1708,144,0
2025-06-24,4+0,32.25,1602,166,0
2025-06-24,2+2,11.46,22541,1772,0
2025-06-24,3+1,8.63,33379,2981,0
2025-06-24,3+0,7.78,68902,6449,0
2025-06-24,1+2,6.34,102456,7693,0
2025-06-24,2+1,4.62,442550,40242,0
2025-06-24,2+0,3.49,942225,87604,0
2025-06-27,5+2,40322653.70,0,0,1
2025-06-27,5+1,139732.93,5,0,0
2025-06-27,5+0,27214.90,6,0,0
2025-06-27,4+2,1495.90,34,3,0
2025-06-27,4+1,118.59,790,58,0
2025-06-27,3+2,64.94,1525,123,0
2025-06-27,4+0,42.36,1643,165,0
2025-06-27,2+2,16.20,21480,1662,0
2025-06-27,3+1,11.88,32660,2850,0
2025-06-27,3+0,9.90,72964,6752,0
2025-06-27,1+2,7.34,119182,9010,0
2025-06-27,2+1,5.90,467164,41440,0
2025-06-27,2+0,4.32,1027285,95455,0
2025-07-01,5+2,51016730.50,0,0,1
2025-07-01,5+1,186076.93,3,0,0
2025-07-01,5+0,16308.46,8,0,0
2025-07-01,4+2,1195.22,34,3,0
2025-07-01,4+1,124.34,602,58,0
2025-07-01,3+2,64.28,1231,86,0
2025-07-01,4+0,49.56,1122,84,0
2025-07-01,2+2,15.20,18291,1416,0
2025-07-01,3+1,10.48,29582,2605,0
2025-07-01,3+0,10.43,55354,4330,0
2025-07-01,1+2,7.14,97882,7871,0
2025-07-01,2+1,5.07,433847,38543,0
2025-07-01,2+0,4.29,825734,67738,0
2025-07-04,5+2,64874336.90,0,0,1
2025-07-04,5+1,723367.05,1,0,0
2025-07-04,5+0,16906.27,10,2,0
2025-07-04,4+2,1350.22,39,1,0
2025-07-04,4+1,146.75,661,53,0
2025-07-04,3+2,50.86,2016,203,0
2025-07-04,4+0,51.76,1392,112,0
2025-07-04,2+2,11.16,32284,3316,0
2025-07-04,3+1,12.34,32558,2846,0
2025-07-04,3+0,11.19,66828,5662,0
2025-07-04,1+2,4.90,184953,19963,0
2025-07-04,2+1,5.63,506291,45653,0
2025-07-04,2+0,4.48,1025052,86089,0
2025-07-08,5+2,74533673.00,0,0,1
2025-07-08,5+1,66695.41,9,1,0
2025-07-08,5+0,23381.72,6,2,0
2025-07-08,4+2,993.11,44,7,0
2025-07-08,4+1,82.64,974,124,0
2025-07-08,3+2,44.83,1898,190,0
2025-07-08,4+0,34.44,1736,174,0
2025-07-08,2+2,12.78,23391,2378,0
2025-07-08,3+1,8.97,37143,3957,0
2025-07-08,3+0,8.57,72418,6246,0
2025-07-08,1+2,6.68,112534,10325,0
2025-07-08,2+1,5.03,470066,45119,0
2025-07-08,2+0,3.87,985419,79679,0
2025-07-11,5+2,86799585.00,0,0,1
2025-07-11,5+1,762238.81,1,0,0
2025-07-11,5+0,22268.47,8,3,0
2025-07-11,4+2,1734.02,32,1,0
2025-07-11,4+1,141.18,724,74,0
2025-07-11,3+2,71.09,1520,107,0
2025-07-11,4+0,43.29,1754,117,0
2025-07-11,2+2,15.57,24375,1716,0
2025-07-11,3+1,12.60,33587,2749,0
2025-07-11,3+0,9.65,81649,6804,0
2025-07-11,1+2,7.34,130005,9406,0
2025-07-11,2+1,5.89,510338,43071,0
2025-07-11,2+0,3.92,1233108,109792,0
2025-07-15,5+2,96858365.00,0,0,1
2025-07-15,5+1,625081.32,1,0,0
2025-07-15,5+0,14609.18,10,1,0
2025-07-15,4+2,1896.00,24,1,0
2025-07-15,4+1,166.64,503,32,0
2025-07-15,3+2,76.72,1155,64,0
2025-07-15,4+0,50.13,1242,83,0
2025-07-15,2+2,17.80,17486,1161,0
2025-07-15,3+1,14.31,24263,1596,0
2025-07-15,3+0,10.97,58905,4256,0
2025-07-15,1+2,7.83,99931,7392,0
2025-07-15,2+1,6.80,362410,26352,0
2025-07-15,2+0,4.62,859234,64056,0
2025-07-18,5+2,111646530.40,0,0,1
2025-07-18,5+1,114872.35,8,0,0
2025-07-18,5+0,26847.56,8,0,0
2025-07-18,4+2,1286.51,52,4,0
2025-07-18,4+1,103.64,1189,95,0
2025-07-18,3+2,49.57,2628,200,0
2025-07-18,4+0,37.64,2432,209,0
2025-07-18,2+2,12.13,37716,3145,0
2025-07-18,3+1,10.27,49680,4382,0
2025-07-18,3+0,8.89,106931,9345,0
2025-07-18,1+2,6.03,190854,16345,0
2025-07-18,2+1,5.11,709562,62367,0
2025-07-18,2+0,3.89,1500884,126840,0
2025-07-22,5+2,123233142.90,0,0,1
2025-07-22,5+1,144005.04,5,0,0
2025-07-22,5+0,12944.75,13,1,0
2025-07-22,4+2,2620.78,20,2,0
2025-07-22,4+1,101.10,955,93,0
2025-07-22,3+2,75.33,1355,92,0
2025-07-22,4+0,34.31,2090,190,0
2025-07-22,2+2,18.62,19255,1410,0
2025-07-22,3+1,11.15,35872,2904,0
2025-07-22,3+0,9.03,82421,7806,0
2025-07-22,1+2,8.82,102270,7157,0
2025-07-22,2+1,5.68,500245,39311,0
2025-07-22,2+0,3.90,1172483,103391,0
2025-07-25,5+2,137766680.20,0,0,1
2025-07-25,5+1,180631.10,5,0,0
2025-07-25,5+0,23453.59,9,1,0
2025-07-25,4+2,2435.07,27,1,0
2025-07-25,4+1,141.81,854,69,0
2025-07-25,3+2,79.47,1611,127,0
2025-07-25,4+0,39.79,2261,240,0
2025-07-25,2+2,18.93,23762,1871,0
2025-07-25,3+1,12.84,39057,3096,0
2025-07-25,3+0,8.52,109645,10550,0
2025-07-25,1+2,8.91,126862,10426,0
2025-07-25,2+1,6.27,568250,44405,0
2025-07-25,2+0,3.59,1597566,149406,0
2025-07-29,5+2,150232733.40,0,0,1
2025-07-29,5+1,193669.03,4,1,0
2025-07-29,5+0,36210.91,5,1,0
2025-07-29,4+2,2255.76,25,0,0
2025-07-29,4+1,178.49,582,38,0
2025-07-29,3+2,66.51,1651,122,0
2025-07-29,4+0,55.92,1380,82,0
2025-07-29,2+2,13.66,28236,2074,0
2025-07-29,3+1,14.20,30308,2248,0
2025-07-29,3+0,12.12,66114,4633,0
2025-07-29,1+2,5.55,174670,13661,0
2025-07-29,2+1,6.10,500434,38623,0
2025-07-29,2+0,4.39,1121436,84824,0
2025-08-01,5+2,166241768.40,0,0,1
2025-08-01,5+1,331615.72,3,0,0
2025-08-01,5+0,16608.01,14,1,0
2025-08-01,4+2,1065.02,68,6,0
2025-08-01,4+1,101.60,1313,131,0
2025-08-01,3+2,57.30,2461,162,0
2025-08-01,4+0,30.96,3201,297,0
2025-08-01,2+2,14.53,34085,2344,0
2025-08-01,3+1,10.58,52194,4421,0
2025-08-01,3+0,8.13,126467,11199,0
2025-08-01,1+2,7.23,172275,11673,0
2025-08-01,2+1,5.57,704224,58589,0
2025-08-01,2+0,3.75,1683554,145783,0
2025-08-05,5+2,179818188.70,0,0,1
2025-08-05,5+1,281225.84,3,0,0
2025-08-05,5+0,39436.26,5,0,0
2025-08-05,4+2,2193.46,28,3,0
2025-08-05,4+1,153.71,736,57,0
2025-08-05,3+2,64.71,1848,140,0
2025-08-05,4+0,49.93,1683,137,0
2025-08-05,2+2,15.13,27758,2078,0
2025-08-05,3+1,12.10,38712,3346,0
2025-08-05,3+0,9.77,89293,7470,0
2025-08-05,1+2,6.82,154890,12242,0
2025-08-05,2+1,5.74,579368,46173,0
2025-08-05,2+0,4.11,1303797,97749,0
2025-08-08,5+2,197504621.90,0,0,1
2025-08-08,5+1,183180.91,6,1,0
2025-08-08,5+0,12232.11,21,2,0
2025-08-08,4+2,1111.25,72,2,0
2025-08-08,4+1,100.67,1464,96,0
2025-08-08,3+2,59.10,2636,194,0
2025-08-08,4+0,25.60,4276,352,0
2025-08-08,2+2,15.03,36400,2666,0
2025-08-08,3+1,11.23,54367,4043,0
2025-08-08,3+0,8.35,136121,10969,0
2025-08-08,1+2,7.43,185239,13726,0
2025-08-08,2+1,5.69,761556,58309,0
2025-08-08,2+0,3.70,1883537,160061,0
2025-08-12,5+2,213114756.40,0,0,1
2025-08-12,5+1,970058.36,1,0,0
2025-08-12,5+0,37786.43,6,1,0
2025-08-12,4+2,1217.53,58,4,0
2025-08-12,4+1,155.04,839,59,0
2025-08-12,3+2,58.29,2359,195,0
2025-08-12,4+0,50.48,1914,146,0
2025-08-12,2+2,13.07,36957,2867,0
2025-08-12,3+1,12.68,42492,3282,0
2025-08-12,3+0,10.84,92517,6996,0
2025-08-12,1+2,5.63,215719,16778,0
2025-08-12,2+1,5.97,640893,47655,0
2025-08-12,2+0,4.51,1364969,97973,0
2025-08-15,5+2,232174803.90,0,0,1
2025-08-15,5+1,592222.90,2,0,0
2025-08-15,5+0,21294.19,13,2,0
2025-08-15,4+2,1368.63,63,4,0
2025-08-15,4+1,155.26,1023,72,0
2025-08-15,3+2,67.67,2481,192,0
2025-08-15,4+0,50.44,2339,172,0
2025-08-15,2+2,14.70,40120,3656,0
2025-08-15,3+1,13.58,48421,3795,0
2025-08-15,3+0,11.24,109005,8270,0
2025-08-15,1+2,6.33,234111,21287,0
2025-08-15,2+1,6.15,759032,61054,0
2025-08-15,2+0,4.45,1688844,135995,0
2025-08-19,5+2,250000000.00,1,0,0
2025-08-19,5+1,270238.93,7,1,0
2025-08-19,5+0,38515.67,7,0,0
2025-08-19,4+2,1076.62,78,6,0
2025-08-19,4+1,134.51,1150,69,0
2025-08-19,3+2,65.70,2489,179,0
2025-08-19,4+0,50.26,2286,130,0
2025-08-19,2+2,15.08,38081,2803,0
2025-08-19,3+1,13.51,47427,3182,0
2025-08-19,3+0,11.27,105829,7170,0
2025-08-19,1+2,6.74,214362,16846,0
2025-08-19,2+1,6.19,734877,51314,0
2025-08-19,2+0,4.51,1622924,110536,0
2025-08-22,5+2,17000000.00,0,0,1
2025-08-22,5+1,330801.25,2,0,0
2025-08-22,5+0,14057.03,11,1,0
2025-08-22,4+2,1337.85,36,1,0
2025-08-22,4+1,107.80,823,77,0
2025-08-22,3+2,58.54,1602,121,0
2025-08-22,4+0,31.38,2100,257,0
2025-08-22,2+2,15.18,21707,1668,0
2025-08-22,3+1,10.57,34752,3256,0
2025-08-22,3+0,7.51,91081,10133,0
2025-08-22,1+2,7.57,109421,8486,0
2025-08-22,2+1,5.61,465401,43422,0
2025-08-22,2+0,3.59,1170392,126552,0
2025-08-26,5+2,26800624.30,0,0,1
2025-08-26,5+1,255796.29,2,0,0
2025-08-26,5+0,29891.90,4,1,0
2025-08-26,4+2,1960.12,19,0,0
2025-08-26,4+1,146.59,468,42,0
2025-08-26,3+2,87.16,832,81,0
2025-08-26,4+0,47.23,1079,96,0
2025-08-26,2+2,20.36,12514,1045,0
2025-08-26,3+1,14.03,20246,1786,0
2025-08-26,3+0,10.41,50826,4807,0
2025-08-26,1+2,9.41,68046,6102,0
2025-08-26,2+1,6.84,295080,24307,0
2025-08-26,2+0,4.22,770372,73502,0
2025-08-29,5+2,40112808.00,0,0,1
2025-08-29,5+1,138979.19,5,0,0
2025-08-29,5+0,81204.31,2,0,0
2025-08-29,4+2,778.25,65,5,0
2025-08-29,4+1,102.40,910,100,0
2025-08-29,3+2,45.88,2147,204,0
2025-08-29,4+0,36.56,1893,175,0
2025-08-29,2+2,10.78,32086,3162,0
2025-08-29,3+1,9.26,41690,4320,0
2025-08-29,3+0,8.17,87909,9026,0
2025-08-29,1+2,5.76,150987,14128,0
2025-08-29,2+1,4.77,574759,58083,0
2025-08-29,2+0,3.65,1208430,122906,0
2025-09-02,5+2,51026993.00,0,0,1
2025-09-02,5+1,284860.23,2,0,0
2025-09-02,5+0,33288.26,4,0,0
2025-09-02,4+2,2073.69,20,0,0
2025-09-02,4+1,178.08,429,27,0
2025-09-02,3+2,82.24,982,80,0
2025-09-02,4+0,53.34,1064,70,0
2025-09-02,2+2,17.83,15911,1222,0
2025-09-02,3+1,15.40,20546,1489,0
2025-09-02,3+0,10.90,54062,4417,0
2025-09-02,1+2,8.22,86825,6518,0
2025-09-02,2+1,6.94,323676,25045,0
2025-09-02,2+0,4.11,880244,74135,0
2025-09-05,5+2,65278573.00,1,0,0
2025-09-05,5+1,743932.42,1,0,0
2025-09-05,5+0,34773.85,5,0,0
2025-09-05,4+2,1805.20,30,7,0
2025-09-05,4+1,160.64,621,68,0
2025-09-05,3+2,54.53,1934,211,0
2025-09-05,4+0,53.46,1386,107,0
2025-09-05,2+2,12.01,30838,3448,0
2025-09-05,3+1,12.88,32080,2953,0
2025-09-05,3+0,11.45,67211,5422,0
2025-09-05,1+2,5.19,179491,21037,0
2025-09-05,2+1,5.94,493537,46141,0
2025-09-05,2+0,4.52,1046162,83834,0
2025-09-09,5+2,17000000.00,0,0,1
2025-09-09,5+1,0.00,0,0,0
2025-09-09,5+0,123026.78,5,0,0
2025-09-09,4+2,1728.41,21,3,0
2025-09-09,4+1,111.81,598,57,0
2025-09-09,3+2,45.83,1542,167,0
2025-09-09,4+0,37.59,1321,129,0
2025-09-09,2+2,11.19,22193,2512,0
2025-09-09,3+1,11.15,24829,2342,0
2025-09-09,3+0,9.10,56664,5033,0
2025-09-09,1+2,5.38,116099,13107,0
2025-09-09,2+1,5.45,360618,34561,0
2025-09-09,2+0,3.92,807700,73388,0
2025-09-12,5+2,29758912.00,0,0,1
2025-09-12,5+1,333007.59,2,0,0
2025-09-12,5+0,31131.74,5,0,0
2025-09-12,4+2,989.46,49,6,0
2025-09-12,4+1,117.36,761,76,0
2025-09-12,3+2,56.40,1674,118,0
2025-09-12,4+0,34.71,1911,173,0
2025-09-12,2+2,14.25,23276,1669,0
2025-09-12,3+1,10.17,36368,3339,0
2025-09-12,3+0,8.44,81573,7285,0
2025-09-12,1+2,7.04,118433,9198,0
2025-09-12,2+1,5.22,502978,47810,0
2025-09-12,2+0,3.72,1136356,105024,0
2025-09-16,5+2,39929184.00,0,0,1
2025-09-16,5+1,265444.10,2,0,0
2025-09-16,5+0,41359.10,3,1,0
2025-09-16,4+2,1486.42,26,2,0
2025-09-16,4+1,131.35,542,52,0
2025-09-16,3+2,62.19,1210,102,0
2025-09-16,4+0,42.92,1232,106,0
2025-09-16,2+2,14.56,18150,1866,0
2025-09-16,3+1,10.89,27066,2743,0
2025-09-16,3+0,9.84,55780,4951,0
2025-09-16,1+2,6.87,96689,8826,0
2025-09-16,2+1,5.17,404814,40914,0
2025-09-16,2+0,4.09,824639,71377,0
2025-09-19,5+2,53344251.00,0,0,1
2025-09-19,5+1,700266.50,1,0,0
2025-09-19,5+0,32732.76,5,1,0
2025-09-19,4+2,1416.03,36,4,0
2025-09-19,4+1,138.70,677,66,0
2025-09-19,3+2,71.77,1383,116,0
2025-09-19,4+0,43.19,1615,138,0
2025-09-19,2+2,18.28,19071,1386,0
2025-09-19,3+1,12.70,30632,2611,0
2025-09-19,3+0,9.30,77812,7125,0
2025-09-19,1+2,8.70,100763,7498,0
2025-09-19,2+1,5.99,461345,39438,0
2025-09-19,2+0,3.81,1168223,109797,0
2025-09-23,5+2,64176450.00,0,0,1
2025-09-23,5+1,565440.80,1,0,0
2025-09-23,5+0,33038.20,4,0,0
2025-09-23,4+2,643.16,64,10,0
2025-09-23,4+1,85.77,884,123,0
2025-09-23,3+2,37.45,2140,251,0
2025-09-23,4+0,30.26,1861,175,0
2025-09-23,2+2,10.28,27386,2983,0
2025-09-23,3+1,7.73,40618,4397,0
2025-09-23,3+0,7.28,80304,7139,0
2025-09-23,1+2,5.53,127952,13891,0
2025-09-23,2+1,4.49,496268,47072,0
2025-09-23,2+0,3.53,1015359,84158,0
2025-09-26,5+2,130000000.00,1,0,0
2025-09-26,5+1,95952.40,12,1,0
2025-09-26,5+0,15829.87,17,1,0
2025-09-26,4+2,891.70,94,9,0
2025-09-26,4+1,90.40,1708,135,0
2025-09-26,3+2,54.17,3013,222,0
2025-09-26,4+0,28.64,4004,295,0
2025-09-26,2+2,13.81,41525,3465,0
2025-09-26,3+1,9.55,66930,5289,0
2025-09-26,3+0,7.69,154860,12020,0
2025-09-26,1+2,6.96,207067,17664,0
2025-09-26,2+1,5.22,869935,70946,0
2025-09-26,2+0,3.65,1999731,151675,0
2025-09-30,5+2,17000000.00,0,0,1
2025-09-30,5+1,62213.28,8,1,0
2025-09-30,5+0,58161.07,2,0,0
2025-09-30,4+2,770.88,47,3,0
2025-09-30,4+1,103.47,645,59,0
2025-09-30,3+2,36.99,1907,178,0
2025-09-30,4+0,39.88,1243,113,0
2025-09-30,2+2,9.44,26244,2947,0
2025-09-30,3+1,9.40,29414,2622,0
2025-09-30,3+0,8.58,59939,4801,0
2025-09-30,1+2,4.88,127594,14441,0
2025-09-30,2+1,4.83,406247,37886,0
2025-09-30,2+0,3.72,848336,73184,0
2025-10-03,5+2,29922038.00,1,0,0
2025-10-03,5+1,674530.33,1,0,0
2025-10-03,5+0,19706.10,8,1,0
2025-10-03,4+2,732.89,67,9,0
2025-10-03,4+1,91.83,985,107,0
2025-10-03,3+2,39.39,2427,292,0
2025-10-03,4+0,34.42,1952,188,0
2025-10-03,2+2,10.65,31531,3395,0
2025-10-03,3+1,9.15,40937,3986,0
2025-10-03,3+0,8.55,81557,7418,0
2025-10-03,1+2,5.66,149056,16489,0
2025-10-03,2+1,5.00,531787,50685,0
2025-10-03,2+0,3.86,1109294,103328,0
2025-10-07,5+2,17000000.00,0,0,1
2025-10-07,5+1,241122.58,2,1,0
2025-10-07,5+0,37569.54,3,0,0
2025-10-07,4+2,1595.72,22,0,0
2025-10-07,4+1,173.37,373,26,0
2025-10-07,3+2,56.35,1213,120,0
2025-10-07,4+0,56.45,851,60,0
2025-10-07,2+2,12.58,19086,1895,0
2025-10-07,3+1,14.16,18910,1568,0
2025-10-07,3+0,12.32,40481,3107,0
2025-10-07,1+2,5.37,112362,12509,0
2025-10-07,2+1,6.45,294871,25590,0
2025-10-07,2+0,4.91,623926,48399,0
2025-10-10,5+2,29671390.00,1,0,0
2025-10-10,5+1,60131.50,11,0,0
2025-10-10,5+0,11891.61,13,0,0
2025-10-10,4+2,1301.38,37,3,0
2025-10-10,4+1,98.88,897,90,0
2025-10-10,3+2,56.62,1656,143,0
2025-10-10,4+0,25.84,2549,278,0
2025-10-10,2+2,15.47,21288,1768,0
2025-10-10,3+1,9.50,38649,3726,0
2025-10-10,3+0,6.38,107097,11095,0
2025-10-10,1+2,8.21,100891,8058,0
2025-10-10,2+1,5.20,501601,47296,0
2025-10-10,2+0,3.08,1360688,143559,0
2025-10-14,5+2,17000000.00,0,0,1
2025-10-14,5+1,234121.99,2,0,0
2025-10-14,5+0,13679.54,8,1,0
2025-10-14,4+2,1311.02,26,5,0
2025-10-14,4+1,88.68,708,55,0
2025-10-14,3+2,50.36,1318,79,0
2025-10-14,4+0,27.40,1702,146,0
2025-10-14,2+2,13.24,17604,1270,0
2025-10-14,3+1,9.32,27890,2467,0
2025-10-14,3+0,7.14,67762,6098,0
2025-10-14,1+2,6.70,87453,6446,0
2025-10-14,2+1,4.96,372233,32492,0
2025-10-14,2+0,3.39,876026,79906,0
2025-10-17,5+2,29398729.70,0,0,1
2025-10-17,5+1,647213.69,1,0,0
2025-10-17,5+0,25210.75,6,0,0
2025-10-17,4+2,1273.38,37,5,0
2025-10-17,4+1,136.67,635,63,0
2025-10-17,3+2,57.88,1585,230,0
2025-10-17,4+0,51.91,1242,118,0
2025-10-17,2+2,12.45,25880,3563,0
2025-10-17,3+1,11.83,30386,3245,0
2025-10-17,3+0,11.05,60552,5594,0
2025-10-17,1+2,5.52,146767,20378,0
2025-10-17,2+1,5.74,444580,47318,0
2025-10-17,2+0,4.63,888164,80235,0
2025-10-21,5+2,39082377.30,0,0,1
2025-10-21,5+1,0.00,0,0,0
2025-10-21,5+0,155906.72,4,1,0
2025-10-21,4+2,2299.86,16,3,0
2025-10-21,4+1,153.01,443,24,0
2025-10-21,3+2,73.34,977,68,0
2025-10-21,4+0,45.90,1097,88,0
2025-10-21,2+2,17.14,14683,933,0
2025-10-21,3+1,13.50,20790,1538,0
2025-10-21,3+0,9.81,53264,4180,0
2025-10-21,1+2,8.18,77393,5095,0
2025-10-21,2+1,6.28,317298,24188,0
2025-10-21,2+0,3.95,812936,68598,0
2025-10-24,5+2,52225105.80,0,0,1
2025-10-24,5+1,343025.21,2,0,0
2025-10-24,5+0,13361.77,12,0,0
2025-10-24,4+2,1560.69,32,5,0
2025-10-24,4+1,107.72,854,77,0
2025-10-24,3+2,68.01,1430,95,0
2025-10-24,4+0,38.30,1784,162,0
2025-10-24,2+2,15.90,21481,1729,0
2025-10-24,3+1,10.40,36614,3243,0
2025-10-24,3+0,8.85,80170,7184,0
2025-10-24,1+2,7.86,109256,8678,0
2025-10-24,2+1,5.19,521011,47147,0
2025-10-24,2+0,3.73,1166133,108898,0
2025-10-28,5+2,62577973.10,0,0,1
2025-10-28,5+1,540419.67,1,0,0
2025-10-28,5+0,14033.88,9,0,0
2025-10-28,4+2,1788.22,22,1,0
2025-10-28,4+1,135.96,533,33,0
2025-10-28,3+2,72.89,1051,63,0
2025-10-28,4+0,40.75,1321,97,0
2025-10-28,2+2,17.87,15057,902,0
2025-10-28,3+1,12.22,24554,1696,0
2025-10-28,3+0,9.08,61526,4309,0
2025-10-28,1+2,8.49,79662,4990,0
2025-10-28,2+1,5.85,363956,26645,0
2025-10-28,2+0,3.74,917369,71022,0
2025-10-31,5+2,75635350.20,0,0,1
2025-10-31,5+1,405711.35,2,0,0
2025-10-31,5+0,31607.14,6,1,0
2025-10-31,4+2,1440.70,41,2,0
2025-10-31,4+1,154.56,704,51,0
2025-10-31,3+2,69.88,1646,95,0
2025-10-31,4+0,52.31,1545,123,0
2025-10-31,2+2,15.31,26385,1813,0
2025-10-31,3+1,13.15,34264,2711,0
2025-10-31,3+0,11.16,75210,5923,0
2025-10-31,1+2,6.86,148030,10161,0
2025-10-31,2+1,6.06,528099,41971,0
2025-10-31,2+0,4.42,1165262,94560,0
2025-11-04,5+2,85169986.00,0,0,1
2025-11-04,5+1,197503.17,3,0,0
2025-11-04,5+0,17309.90,8,0,0
2025-11-04,4+2,1487.34,29,0,0
2025-11-04,4+1,111.75,711,67,0
2025-11-04,3+2,59.82,1404,123,0
2025-11-04,4+0,33.55,1759,140,0
2025-11-04,2+2,15.10,19536,1442,0
2025-11-04,3+1,10.66,30878,2475,0
2025-11-04,3+0,8.20,74726,6458,0
2025-11-04,1+2,7.54,98351,7141,0
2025-11-04,2+1,5.41,431470,32976,0
2025-11-04,2+0,3.67,1023577,83980,0
2025-11-07,5+2,98027154.50,0,0,1
2025-11-07,5+1,199745.29,4,0,0
2025-11-07,5+0,26676.43,7,0,0
2025-11-07,4+2,1938.77,30,4,0
2025-11-07,4+1,154.16,695,84,0
2025-11-07,3+2,57.11,1983,253,0
2025-11-07,4+0,54.55,1459,137,0
2025-11-07,2+2,12.67,31389,3615,0
2025-11-07,3+1,12.91,34361,3352,0
2025-11-07,3+0,10.84,76186,7142,0
2025-11-07,1+2,5.51,181670,20014,0
2025-11-07,2+1,5.98,526727,49866,0
2025-11-07,2+0,4.36,1164335,103638,0
2025-11-11,5+2,108416075.00,0,0,1
2025-11-11,5+1,322798.60,2,0,0
2025-11-11,5+0,37721.67,4,0,0
2025-11-11,4+2,1516.04,31,3,0
2025-11-11,4+1,145.99,593,54,0
2025-11-11,3+2,67.74,1351,86,0
2025-11-11,4+0,47.53,1353,127,0
2025-11-11,2+2,16.15,19910,1235,0
2025-11-11,3+1,13.44,26686,2098,0
2025-11-11,3+0,10.65,62698,4995,0
2025-11-11,1+2,7.43,108725,6379,0
2025-11-11,2+1,6.36,400105,28542,0
2025-11-11,2+0,4.34,944285,70251,0
2025-11-14,5+2,122611491.20,0,0,1
2025-11-14,5+1,294047.90,3,0,0
2025-11-14,5+0,51542.88,4,1,0
2025-11-14,4+2,1566.27,41,6,0
2025-11-14,4+1,138.84,852,76,0
2025-11-14,3+2,64.16,1949,183,0
2025-11-14,4+0,51.51,1706,127,0
2025-11-14,2+2,15.73,27927,2433,0
2025-11-14,3+1,11.14,43975,3851,0
2025-11-14,3+0,10.36,88029,7011,0
2025-11-14,1+2,7.58,145774,11966,0
2025-11-14,2+1,5.35,650475,58380,0
2025-11-14,2+0,4.25,1317488,106611,0
2025-11-18,5+2,134404955.00,0,0,1
2025-11-18,5+1,122146.58,6,1,0
2025-11-18,5+0,21410.75,8,0,0
2025-11-18,4+2,1524.32,35,2,0
2025-11-18,4+1,132.09,744,37,0
2025-11-18,3+2,69.82,1488,95,0
2025-11-18,4+0,37.63,1940,136,0
2025-11-18,2+2,16.39,22269,1199,0
2025-11-18,3+1,12.26,33187,2172,0
2025-11-18,3+0,9.03,83955,6056,0
2025-11-18,1+2,7.93,115687,6704,0
2025-11-18,2+1,6.03,479072,33343,0
2025-11-18,2+0,3.81,1219556,93437,0
2025-11-21,5+2,149510047.30,0,0,1
2025-11-21,5+1,187734.71,5,0,0
2025-11-21,5+0,24375.94,9,0,0
2025-11-21,4+2,1019.88,67,8,0
2025-11-21,4+1,121.73,1034,82,0
2025-11-21,3+2,46.49,2862,316,0
2025-11-21,4+0,39.82,2348,161,0
2025-11-21,2+2,11.00,42501,4465,0
2025-11-21,3+1,10.59,49206,4388,0
2025-11-21,3+0,9.72,99866,7479,0
2025-11-21,1+2,5.30,221576,23647,0
2025-11-21,2+1,5.26,703948,63112,0
2025-11-21,2+0,4.10,1454386,113058,0
2025-11-25,5+2,162134412.60,0,0,1
2025-11-25,5+1,0.00,0,0,0
2025-11-25,5+0,74451.38,13,1,0
2025-11-25,4+2,782.33,73,6,0
2025-11-25,4+1,106.80,985,68,0
2025-11-25,3+2,35.77,3109,289,0
2025-11-25,4+0,39.49,1979,122,0
2025-11-25,2+2,8.75,44655,4085,0
2025-11-25,3+1,9.76,44650,3282,0
2025-11-25,3+0,9.12,88922,6488,0
2025-11-25,1+2,4.24,231707,21377,0
2025-11-25,2+1,4.96,624136,46805,0
2025-11-25,2+0,4.01,1240535,89988,0
2025-11-28,5+2,178656733.00,1,0,0
2025-11-28,5+1,205348.83,5,0,0
2025-11-28,5+0,39994.50,6,0,0
2025-11-28,4+2,1245.73,60,8,0
2025-11-28,4+1,130.63,1054,87,0
2025-11-28,3+2,48.72,2987,278,0
2025-11-28,4+0,46.03,2222,182,0
2025-11-28,2+2,11.08,46143,4138,0
2025-11-28,3+1,11.47,49711,4372,0
2025-11-28,3+0,10.32,102915,8090,0
2025-11-28,1+2,5.28,243240,21285,0
2025-11-28,2+1,5.40,749530,63714,0
2025-11-28,2+0,4.25,1533526,122638,0
2025-12-02,5+2,17000000.00,0,0,1
2025-12-02,5+1,249653.59,2,0,0
2025-12-02,5+0,12966.25,9,0,0
2025-12-02,4+2,1580.34,23,1,0
2025-12-02,4+1,143.37,467,33,0
2025-12-02,3+2,70.50,1004,68,0
2025-12-02,4+0,43.59,1141,107,0
2025-12-02,2+2,16.90,14715,1032,0
2025-12-02,3+1,12.62,21976,1786,0
2025-12-02,3+0,8.87,58195,5178,0
2025-12-02,1+2,7.96,78527,5447,0
2025-12-02,2+1,6.02,326849,26832,0
2025-12-02,2+0,3.68,860109,78953,0
2025-12-05,5+2,130000000.00,0,0,1
2025-12-05,5+1,548975.68,2,0,0
2025-12-05,5+0,18329.23,14,1,0
2025-12-05,4+2,1665.15,48,8,0
2025-12-05,4+1,134.21,1097,109,0
2025-12-05,3+2,77.32,2013,146,0
2025-12-05,4+0,39.70,2755,225,0
2025-12-05,2+2,17.80,30712,2324,0
2025-12-05,3+1,12.64,48247,4156,0
2025-12-05,3+0,9.53,119175,10560,0
2025-12-05,1+2,8.36,164376,12379,0
2025-12-05,2+1,6.08,712359,59164,0
2025-12-05,2+0,3.93,1772798,149446,0
2025-12-09,5+2,142433804.00,1,0,0
2025-12-09,5+1,110381.72,7,0,0
2025-12-09,5+0,16416.92,11,0,0
2025-12-09,4+2,1222.78,46,4,0
2025-12-09,4+1,106.70,971,60,0
2025-12-09,3+2,55.26,1982,116,0
2025-12-09,4+0,35.91,2143,130,0
2025-12-09,2+2,13.46,28586,1747,0
2025-12-09,3+1,10.27,41793,2771,0
2025-12-09,3+0,8.55,93471,5865,0
2025-12-09,1+2,6.72,143957,8739,0
2025-12-09,2+1,5.33,571700,39758,0
2025-12-09,2+0,3.77,1301047,90029,0
2025-12-12,5+2,17000000.00,1,0,0
2025-12-12,5+1,164437.22,4,0,0
2025-12-12,5+0,30745.35,5,0,0
2025-12-12,4+2,1841.61,26,4,0
2025-12-12,4+1,144.35,611,60,0
2025-12-12,3+2,64.43,1447,133,0
2025-12-12,4+0,44.87,1460,127,0
2025-12-12,2+2,15.28,21430,2108,0
2025-12-12,3+1,12.04,30341,2825,0
2025-12-12,3+0,9.91,68638,6232,0
2025-12-12,1+2,7.16,115000,11814,0
2025-12-12,2+1,5.66,457820,43785,0
2025-12-12,2+0,4.05,1031927,94222,0
2025-12-16,5+2,17000000.00,0,0,1
2025-12-16,5+1,488880.94,1,0,0
2025-12-16,5+0,16322.79,7,0,0
2025-12-16,4+2,2224.31,16,2,0
2025-12-16,4+1,156.83,418,41,0
2025-12-16,3+2,70.79,979,81,0
2025-12-16,4+0,52.64,925,82,0
2025-12-16,2+2,16.92,14388,1032,0
2025-12-16,3+1,14.56,18645,1608,0
2025-12-16,3+0,11.45,44138,4161,0
2025-12-16,1+2,7.47,81894,5874,0
2025-12-16,2+1,6.56,293965,25658,0
2025-12-16,2+0,4.47,693990,64324,0
2025-12-19,5+2,29984492.90,0,0,1
2025-12-19,5+1,338895.26,2,0,0
2025-12-19,5+0,26401.80,6,1,0
2025-12-19,4+2,2902.41,17,2,0
2025-12-19,4+1,140.48,647,46,0
2025-12-19,3+2,80.27,1197,109,0
2025-12-19,4+0,42.49,1589,163,0
2025-12-19,2+2,18.25,18490,1525,0
2025-12-19,3+1,13.36,28182,2382,0
2025-12-19,3+0,9.69,72337,7228,0
2025-12-19,1+2,8.35,101590,8502,0
2025-12-19,2+1,6.41,417169,36713,0
2025-12-19,2+0,3.93,1095056,107083,0
2025-12-23,5+2,41431999.90,0,0,1
2025-12-23,5+1,99593.31,6,0,0
2025-12-23,5+0,17457.44,8,1,0
2025-12-23,4+2,1977.29,22,1,0
2025-12-23,4+1,130.50,614,52,0
2025-12-23,3+2,80.98,1046,80,0
2025-12-23,4+0,40.79,1459,133,0
2025-12-23,2+2,19.32,15398,1097,0
2025-12-23,3+1,12.21,27189,2068,0
2025-12-23,3+0,8.14,75938,6881,0
2025-12-23,1+2,9.13,81923,6391,0
2025-12-23,2+1,6.16,382289,28312,0
2025-12-23,2+0,3.53,1073472,95393,0
2025-12-26,5+2,54026007.00,1,0,0
2025-12-26,5+1,73045.23,9,1,0
2025-12-26,5+0,19205.86,8,1,0
2025-12-26,4+2,2080.74,23,1,0
2025-12-26,4+1,110.05,801,73,0
2025-12-26,3+2,66.23,1407,112,0
2025-12-26,4+0,39.59,1654,174,0
2025-12-26,2+2,16.61,19713,1615,0
2025-12-26,3+1,11.13,32786,2787,0
2025-12-26,3+0,10.17,66857,5609,0
2025-12-26,1+2,7.46,110345,8739,0
2025-12-26,2+1,5.59,463404,37630,0
2025-12-26,2+0,4.44,939287,74310,0
2025-12-30,5+2,17000000.00,0,0,1
2025-12-30,5+1,539027.52,1,0,0
2025-12-30,5+0,20996.60,6,0,0
2025-12-30,4+2,1783.61,22,1,0
2025-12-30,4+1,146.61,493,40,0
2025-12-30,3+2,79.43,962,54,0
2025-12-30,4+0,38.21,1405,152,0
2025-12-30,2+2,18.28,14686,1054,0
2025-12-30,3+1,12.91,23190,1966,0
2025-12-30,3+0,8.80,63325,6397,0
2025-12-30,1+2,8.68,77735,5840,0
2025-12-30,2+1,6.30,337455,28229,0
2025-12-30,2+0,3.72,918795,87532,0
2026-01-02,5+2,30879489.20,0,0,1
2026-01-02,5+1,181127.33,4,0,0
2026-01-02,5+0,18814.41,9,0,0
2026-01-02,4+2,1425.46,37,6,0
2026-01-02,4+1,156.95,619,54,0
2026-01-02,3+2,76.41,1344,70,0
2026-01-02,4+0,46.17,1563,140,0
2026-01-02,2+2,18.07,19962,1191,0
2026-01-02,3+1,13.74,29286,1985,0
2026-01-02,3+0,9.74,76932,6138,0
2026-01-02,1+2,8.44,107521,6598,0
2026-01-02,2+1,6.56,435736,29875,0
2026-01-02,2+0,3.96,1161243,92769,0
2026-01-06,5+2,40421785.70,0,0,1
2026-01-06,5+1,0.00,0,0,0
2026-01-06,5+0,204841.29,3,0,0
2026-01-06,4+2,1648.21,22,0,0
2026-01-06,4+1,123.69,540,30,0
2026-01-06,3+2,70.12,1007,84,0
2026-01-06,4+0,29.30,1693,161,0
2026-01-06,2+2,18.27,13573,931,0
2026-01-06,3+1,12.14,22783,1707,0
2026-01-06,3+0,7.25,71070,6350,0
2026-01-06,1+2,9.10,68508,4988,0
2026-01-06,2+1,6.27,313379,22808,0
2026-01-06,2+0,3.28,962787,86985,0
2026-01-09,5+2,53787880.20,0,0,1
2026-01-09,5+1,116285.02,6,1,0
2026-01-09,5+0,18118.48,9,0,0
2026-01-09,4+2,1128.69,45,6,0
2026-01-09,4+1,100.82,928,95,0
2026-01-09,3+2,50.85,1945,187,0
2026-01-09,4+0,33.25,2090,211,0
2026-01-09,2+2,13.02,26684,2597,0
2026-01-09,3+1,9.63,40232,3785,0
2026-01-09,3+0,8.14,88601,8663,0
2026-01-09,1+2,6.54,133462,12609,0
2026-01-09,2+1,5.00,550548,50802,0
2026-01-09,2+0,3.71,1194409,113611,0
2026-01-13,5+2,64537877.20,0,0,1
2026-01-13,5+1,187049.94,3,0,0
2026-01-13,5+0,21858.32,6,0,0
2026-01-13,4+2,1856.81,22,1,0
2026-01-13,4+1,131.32,573,33,0
2026-01-13,3+2,61.57,1292,76,0
2026-01-13,4+0,41.40,1350,91,0
2026-01-13,2+2,14.39,19414,1286,0
2026-01-13,3+1,12.17,25611,1754,0
2026-01-13,3+0,9.80,59191,4145,0
2026-01-13,1+2,7.04,99749,6530,0
2026-01-13,2+1,5.77,383361,29233,0
2026-01-13,2+0,3.98,894698,69445,0
2026-01-16,5+2,77334733.80,0,0,1
2026-01-16,5+1,265077.74,3,0,0
2026-01-16,5+0,11616.19,16,2,0
2026-01-16,4+2,1113.27,52,7,0
2026-01-16,4+1,103.73,1028,85,0
2026-01-16,3+2,52.60,2143,169,0
2026-01-16,4+0,35.09,2257,171,0
2026-01-16,2+2,13.24,29909,2521,0
2026-01-16,3+1,10.10,43718,3742,0
2026-01-16,3+0,8.43,97505,7608,0
2026-01-16,1+2,6.72,148081,11755,0
2026-01-16,2+1,5.17,606740,50623,0
2026-01-16,2+0,3.73,1353642,104468,0
2026-01-20,5+2,86841907.00,0,0,1
2026-01-20,5+1,295401.45,2,0,0
2026-01-20,5+0,46026.79,3,0,0
2026-01-20,4+2,1075.21,40,4,0
2026-01-20,4+1,128.82,615,41,0
2026-01-20,3+2,59.56,1406,97,0
2026-01-20,4+0,40.09,1468,122,0
2026-01-20,2+2,15.09,19497,1472,0
2026-01-20,3+1,11.33,28948,2259,0
2026-01-20,3+0,8.50,71902,5778,0
2026-01-20,1+2,7.77,95225,6690,0
2026-01-20,2+1,5.65,412376,30227,0
2026-01-20,2+0,3.54,1058593,82407,0
2026-01-23,5+2,99679547.70,0,0,1
2026-01-23,5+1,398883.83,2,0,0
2026-01-23,5+0,31075.24,6,0,0
2026-01-23,4+2,967.91,60,4,0
2026-01-23,4+1,103.46,1034,80,0
2026-01-23,3+2,49.06,2305,139,0
2026-01-23,4+0,31.39,2531,193,0
2026-01-23,2+2,13.01,30529,1863,0
2026-01-23,3+1,9.41,47096,3716,0
2026-01-23,3+0,7.65,107828,8332,0
2026-01-23,1+2,6.60,151415,9367,0
2026-01-23,2+1,4.88,644533,51149,0
2026-01-23,2+0,3.54,1429692,114392,0
2026-01-27,5+2,109599909.20,0,0,1
2026-01-27,5+1,0.00,0,0,0
2026-01-27,5+0,95070.13,8,0,0
2026-01-27,4+2,1869.90,24,1,0
2026-01-27,4+1,144.02,574,38,0
2026-01-27,3+2,53.35,1638,110,0
2026-01-27,4+0,56.23,1092,72,0
2026-01-27,2+2,11.50,26682,1992,0
2026-01-27,3+1,12.75,26850,1792,0
2026-01-27,3+0,11.24,56729,3589,0
2026-01-27,1+2,5.41,142515,10981,0
2026-01-27,2+1,5.50,441567,32146,0
2026-01-27,2+0,4.44,882221,58948,0
2026-01-30,5+2,123555827.00,1,0,0
2026-01-30,5+1,289086.86,3,1,0
2026-01-30,5+0,28956.15,7,0,0
2026-01-30,4+2,1262.67,50,3,0
2026-01-30,4+1,136.18,854,57,0
2026-01-30,3+2,64.98,1892,132,0
2026-01-30,4+0,46.10,1874,137,0
2026-01-30,2+2,15.17,28458,1922,0
2026-01-30,3+1,12.58,38283,2919,0
2026-01-30,3+0,10.68,83970,6639,0
2026-01-30,1+2,6.97,155850,10373,0
2026-01-30,2+1,5.94,575481,43446,0
2026-01-30,2+0,4.38,1257673,99031,0
2026-02-03,5+2,17000000.00,0,0,1
2026-02-03,5+1,471469.27,1,0,0
2026-02-03,5+0,15741.44,7,2,0
2026-02-03,4+2,1906.75,18,3,0
2026-02-03,4+1,162.94,388,28,0
2026-02-03,3+2,58.06,1151,110,0
2026-02-03,4+0,53.55,877,44,0
2026-02-03,2+2,11.99,19584,1607,0
2026-02-03,3+1,13.83,18939,1388,0
2026-02-03,3+0,11.67,41789,3248,0
2026-02-03,1+2,5.30,111331,9827,0
2026-02-03,2+1,5.96,312092,25904,0
2026-02-03,2+0,4.34,690122,59993,0
2026-02-06,5+2,29158204.80,0,0,1
2026-02-06,5+1,126931.65,5,1,0
2026-02-06,5+0,10595.00,14,1,0
2026-02-06,4+2,1248.68,37,3,0
2026-02-06,4+1,86.49,984,95,0
2026-02-06,3+2,55.43,1623,126,0
2026-02-06,4+0,23.75,2662,290,0
2026-02-06,2+2,14.00,22579,1786,0
2026-02-06,3+1,9.24,38119,3694,0
2026-02-06,3+0,6.56,100007,10779,0
2026-02-06,1+2,7.20,110407,8552,0
2026-02-06,2+1,5.01,499088,46117,0
2026-02-06,2+0,3.20,1258739,126838,0
2026-02-10,5+2,38673991.90,0,0,1
2026-02-10,5+1,0.00,0,0,0
2026-02-10,5+0,102136.11,6,0,0
2026-02-10,4+2,927.17,39,3,0
2026-02-10,4+1,120.89,551,57,0
2026-02-10,3+2,43.17,1631,161,0
2026-02-10,4+0,43.25,1144,80,0
2026-02-10,2+2,10.33,23940,2380,0
2026-02-10,3+1,10.77,25601,2248,0
2026-02-10,3+0,9.08,56574,3850,0
2026-02-10,1+2,4.88,127436,13988,0
2026-02-10,2+1,5.29,370210,32613,0
2026-02-10,2+0,3.95,797590,60003,0
2026-02-13,5+2,53818194.60,0,0,1
2026-02-13,5+1,263509.12,3,0,0
2026-02-13,5+0,26394.18,7,0,0
2026-02-13,4+2,1046.32,55,5,0
2026-02-13,4+1,126.65,837,61,0
2026-02-13,3+2,49.60,2259,225,0
2026-02-13,4+0,44.46,1771,142,0
2026-02-13,2+2,11.81,33340,3076,0
2026-02-13,3+1,11.07,39671,3385,0
2026-02-13,3+0,9.74,83918,7278,0
2026-02-13,1+2,5.77,171434,15388,0
2026-02-13,2+1,5.38,579594,51759,0
2026-02-13,2+0,4.07,1231716,108632,0
2026-02-17,5+2,64273804.60,0,0,1
2026-02-17,5+1,109156.56,5,1,0
2026-02-17,5+0,31889.61,4,1,0
2026-02-17,4+2,1324.37,30,1,0
2026-02-17,4+1,110.22,664,64,0
2026-02-17,3+2,71.17,1087,76,0
2026-02-17,4+0,32.89,1653,136,0
2026-02-17,2+2,17.70,15352,1111,0
2026-02-17,3+1,11.34,26733,2222,0
2026-02-17,3+0,8.32,67841,5819,0
2026-02-17,1+2,8.36,81765,6245,0
2026-02-17,2+1,5.78,372429,31494,0
2026-02-17,2+0,3.83,905276,73427,0
2026-02-20,5+2,130000000.00,0,0,1
2026-02-20,5+1,161198.04,7,2,0
2026-02-20,5+0,26372.24,10,0,0
2026-02-20,4+2,1244.59,66,6,0
2026-02-20,4+1,107.16,1412,136,0
2026-02-20,3+2,42.05,3804,369,0
2026-02-20,4+0,39.01,2881,230,0
2026-02-20,2+2,10.68,52618,5597,0
2026-02-20,3+1,9.99,62730,5422,0
2026-02-20,3+0,8.98,129858,9449,0
2026-02-20,1+2,5.40,261719,26855,0
2026-02-20,2+1,5.07,877573,75639,0
2026-02-20,2+0,3.91,1834281,136442,0
2026-02-24,5+2,142871092.20,0,0,1
2026-02-24,5+1,199961.61,4,0,0
2026-02-24,5+0,31156.21,6,0,0
2026-02-24,4+2,1455.65,40,3,0
2026-02-24,4+1,138.93,772,55,0
2026-02-24,3+2,64.27,1764,140,0
2026-02-24,4+0,45.79,1740,136,0
2026-02-24,2+2,15.72,25330,1925,0
2026-02-24,3+1,13.39,33171,2359,0
2026-02-24,3+0,10.73,77066,5961,0
2026-02-24,1+2,7.36,136052,8901,0
2026-02-24,2+1,6.24,505784,35126,0
2026-02-24,2+0,4.31,1178407,89870,0
2026-02-27,5+2,159922317.40,0,0,1
2026-02-27,5+1,75686.56,14,1,0
2026-02-27,5+0,7988.66,31,2,0
2026-02-27,4+2,1014.95,76,5,0
2026-02-27,4+1,88.25,1610,125,0
2026-02-27,3+2,55.42,2710,168,0
2026-02-27,4+0,29.19,3615,298,0
2026-02-27,2+2,14.56,36233,2493,0
2026-02-27,3+1,10.73,54853,3884,0
2026-02-27,3+0,8.42,130052,10950,0
2026-02-27,1+2,7.15,185628,12653,0
2026-02-27,2+1,5.69,734167,52710,0
2026-02-27,2+0,3.83,1755815,144029,0
2026-03-03,5+2,174135420.80,0,0,1
2026-03-03,5+1,147207.14,6,0,0
2026-03-03,5+0,41285.68,5,1,0
2026-03-03,4+2,1397.76,46,6,0
2026-03-03,4+1,129.44,915,92,0
2026-03-03,3+2,48.30,2592,269,0
2026-03-03,4+0,50.45,1744,120,0
2026-03-03,2+2,10.65,41288,3814,0
2026-03-03,3+1,11.31,43355,3541,0
2026-03-03,3+0,10.61,86078,6333,0
2026-03-03,1+2,4.90,225691,20708,0
2026-03-03,2+1,5.14,677964,52277,0
2026-03-03,2+0,4.18,1342534,92445,0
2026-03-06,5+2,192898115.40,0,0,1
2026-03-06,5+1,233193.48,5,0,0
2026-03-06,5+0,30278.42,9,0,0
2026-03-06,4+2,1131.71,75,3,0
2026-03-06,4+1,115.39,1355,97,0
2026-03-06,3+2,47.56,3475,268,0
2026-03-06,4+0,38.84,2990,213,0
2026-03-06,2+2,11.92,48703,3651,0
2026-03-06,3+1,10.30,62853,4440,0
2026-03-06,3+0,8.89,135577,10020,0
2026-03-06,1+2,5.81,251189,19186,0
2026-03-06,2+1,5.28,870310,65706,0
2026-03-06,2+0,3.92,1887204,144103,0
2026-03-10,5+2,209527211.00,1,0,0
2026-03-10,5+1,516689.75,2,0,0
2026-03-10,5+0,24151.78,10,0,0
2026-03-10,4+2,1446.67,52,2,0
2026-03-10,4+1,123.17,1125,68,0
2026-03-10,3+2,63.52,2306,184,0
2026-03-10,4+0,39.62,2598,210,0
2026-03-10,2+2,15.86,32452,2073,0
2026-03-10,3+1,11.74,48880,3292,0
2026-03-10,3+0,8.97,119072,9044,0
2026-03-10,1+2,7.93,163108,9186,0
2026-03-10,2+1,5.78,704669,45861,0
2026-03-10,2+0,3.76,1744382,126020,0
2026-03-13,5+2,17000000.00,0,0,1
2026-03-13,5+1,415147.60,2,1,0
2026-03-13,5+0,38810.73,5,1,0
2026-03-13,4+2,1119.31,54,6,0
2026-03-13,4+1,128.42,867,62,0
2026-03-13,3+2,59.44,1980,117,0
2026-03-13,4+0,37.56,2202,189,0
2026-03-13,2+2,14.89,27769,1861,0
2026-03-13,3+1,11.56,39875,3257,0
2026-03-13,3+0,8.77,97919,9283,0
2026-03-13,1+2,7.29,142691,9287,0
2026-03-13,2+1,5.75,569073,46847,0
2026-03-13,2+0,3.77,1399692,133364,0
2026-03-17,5+2,26669837.00,0,0,1
2026-03-17,5+1,42063.78,12,1,0
2026-03-17,5+0,7373.25,16,0,0
2026-03-17,4+2,706.64,52,6,0
2026-03-17,4+1,80.39,842,103,0
2026-03-17,3+2,37.54,1906,179,0
2026-03-17,4+0,31.01,1621,180,0
2026-03-17,2+2,10.02,25081,2419,0
2026-03-17,3+1,9.27,30247,2891,0
2026-03-17,3+0,8.71,59922,5328,0
2026-03-17,1+2,5.03,125629,11868,0
2026-03-17,2+1,5.03,395936,36463,0
2026-03-17,2+0,3.94,813883,70367,0
2026-03-20,5+2,39347116.00,0,0,1
2026-03-20,5+1,220584.66,3,0,0
2026-03-20,5+0,51554.26,3,0,0
2026-03-20,4+2,2408.68,20,0,0
2026-03-20,4+1,134.66,659,52,0
2026-03-20,3+2,71.39,1314,84,0
2026-03-20,4+0,46.35,1422,106,0
2026-03-20,2+2,17.06,19313,1517,0
2026-03-20,3+1,12.45,29512,2428,0
2026-03-20,3+0,9.81,69774,5540,0
2026-03-20,1+2,8.13,101943,8249,0
2026-03-20,2+1,5.97,436798,37662,0
2026-03-20,2+0,4.01,1048414,91783,0
2026-03-24,5+2,49282215.30,0,0,1
2026-03-24,5+1,172870.72,3,0,0
2026-03-24,5+0,13467.57,9,0,0
2026-03-24,4+2,1301.84,29,4,0
2026-03-24,4+1,86.49,804,66,0
2026-03-24,3+2,45.89,1602,176,0
2026-03-24,4+0,31.40,1645,148,0
2026-03-24,2+2,12.62,20456,1935,0
2026-03-24,3+1,9.08,31703,2831,0
2026-03-24,3+0,7.65,70112,5957,0
2026-03-24,1+2,6.77,95948,8697,0
2026-03-24,2+1,4.72,433402,38369,0
2026-03-24,2+0,3.46,950092,80931,0
2026-03-27,5+2,62831918.50,0,0,1
2026-03-27,5+1,353647.25,2,0,0
2026-03-27,5+0,27551.06,6,1,0
2026-03-27,4+2,1660.93,31,1,0
2026-03-27,4+1,156.77,605,48,0
2026-03-27,3+2,71.72,1398,116,0
2026-03-27,4+0,60.11,1172,84,0
2026-03-27,2+2,14.87,23682,2151,0
2026-03-27,3+1,13.33,29474,2289,0
2026-03-27,3+0,12.11,60402,4661,0
2026-03-27,1+2,6.63,133485,12219,0
2026-03-27,2+1,5.83,478401,39560,0
2026-03-27,2+0,4.53,990321,80670,0
2026-03-31,5+2,71981308.80,0,0,1
2026-03-31,5+1,189523.08,3,0,0
2026-03-31,5+0,22147.33,6,0,0
2026-03-31,4+2,985.47,42,2,0
2026-03-31,4+1,133.06,573,49,0
2026-03-31,3+2,44.33,1818,154,0
2026-03-31,4+0,42.42,1335,88,0
2026-03-31,2+2,10.47,27033,2226,0
2026-03-31,3+1,10.42,30287,2524,0
2026-03-31,3+0,9.25,63580,5031,0
2026-03-31,1+2,5.08,140223,10994,0
2026-03-31,2+1,4.94,454155,37169,0
2026-03-31,2+0,3.90,924494,74267,0
2026-04-03,5+2,83409093.60,0,0,1
2026-04-03,5+1,236718.40,3,0,0
2026-04-03,5+0,55324.99,3,0,0
2026-04-03,4+2,1230.88,42,1,0
2026-04-03,4+1,154.34,617,48,0
2026-04-03,3+2,63.59,1583,86,0
2026-04-03,4+0,48.38,1462,123,0
2026-04-03,2+2,15.49,22828,1460,0
2026-04-03,3+1,12.97,30417,2294,0
2026-04-03,3+0,10.18,72157,5722,0
2026-04-03,1+2,7.37,120579,7783,0
2026-04-03,2+1,6.09,459870,35188,0
2026-04-03,2+0,4.10,1100234,90140,0
2026-04-07,5+2,92558766.10,0,0,1
2026-04-07,5+1,113717.35,5,0,0
2026-04-07,5+0,44296.03,3,0,0
2026-04-07,4+2,1254.28,33,1,0
2026-04-07,4+1,123.57,617,39,0
2026-04-07,3+2,60.06,1342,90,0
2026-04-07,4+0,45.60,1242,98,0
2026-04-07,2+2,13.91,20355,1547,0
2026-04-07,3+1,10.98,28764,2050,0
2026-04-07,3+0,10.37,56719,4003,0
2026-04-07,1+2,6.59,107960,8082,0
2026-04-07,2+1,5.14,435910,32288,0
2026-04-07,2+0,4.18,864402,64978,0
2026-04-10,5+2,105639574.90,0,0,1
2026-04-10,5+1,270959.61,3,1,0
2026-04-10,5+0,63327.72,3,0,0
2026-04-10,4+2,1408.93,42,5,0
2026-04-10,4+1,126.75,860,79,0
2026-04-10,3+2,54.30,2122,172,0
2026-04-10,4+0,45.82,1767,159,0
2026-04-10,2+2,12.34,32793,2798,0
2026-04-10,3+1,11.94,37799,3494,0
2026-04-10,3+0,10.15,82775,7639,0
2026-04-10,1+2,5.77,176245,15113,0
2026-04-10,2+1,5.45,587746,52936,0
2026-04-10,2+0,4.03,1280340,116936,0
2026-04-14,5+2,116712656.90,0,0,1
2026-04-14,5+1,344056.47,2,0,0
2026-04-14,5+0,80411.66,2,0,0
2026-04-14,4+2,1353.85,37,2,0
2026-04-14,4+1,139.38,662,56,0
2026-04-14,3+2,69.28,1408,78,0
2026-04-14,4+0,42.92,1597,107,0
2026-04-14,2+2,16.84,20342,1281,0
2026-04-14,3+1,11.80,32379,2322,0
2026-04-14,3+0,8.83,80566,5843,0
2026-04-14,1+2,7.85,109721,7107,0
2026-04-14,2+1,5.82,466267,33442,0
2026-04-14,2+0,3.89,1122055,76584,0
2026-04-17,5+2,132281195.80,0,0,1
2026-04-17,5+1,322491.16,3,1,0
2026-04-17,5+0,17393.42,13,1,0
2026-04-17,4+2,1903.48,37,3,0
2026-04-17,4+1,152.09,853,80,0
2026-04-17,3+2,65.84,2083,159,0
2026-04-17,4+0,56.00,1721,93,0
2026-04-17,2+2,14.01,34393,3110,0
2026-04-17,3+1,13.05,41164,2993,0
2026-04-17,3+0,11.09,90194,5936,0
2026-04-17,1+2,6.28,192949,16382,0
2026-04-17,2+1,5.75,663338,50722,0
2026-04-17,2+0,4.22,1455435,104364,0
2026-04-21,5+2,48175066.00,3,0,0
2026-04-21,5+1,152175.42,5,1,0
2026-04-21,5+0,17782.95,10,1,0
2026-04-21,4+2,1629.10,34,2,0
2026-04-21,4+1,124.58,819,50,0
2026-04-21,3+2,69.90,1543,85,0
2026-04-21,4+0,46.07,1645,108,0
2026-04-21,2+2,16.05,23601,1546,0
2026-04-21,3+1,11.33,37302,2465,0
2026-04-21,3+0,10.24,76810,5099,0
2026-04-21,1+2,7.28,130852,8460,0
2026-04-21,2+1,5.40,555464,37276,0
2026-04-21,2+0,4.24,1139139,75878,0
2026-04-24,5+2,17000000.00,0,0,1
2026-04-24,5+1,204255.13,3,1,0
2026-04-24,5+0,17901.67,8,0,0
2026-04-24,4+2,2623.96,17,5,0
2026-04-24,4+1,144.16,570,62,0
2026-04-24,3+2,65.36,1329,168,0
2026-04-24,4+0,49.14,1242,120,0
2026-04-24,2+2,15.29,19949,2174,0
2026-04-24,3+1,12.01,28326,3120,0
2026-04-24,3+0,10.82,58532,5815,0
2026-04-24,1+2,7.10,108046,11194,0
2026-04-24,2+1,5.90,409643,44153,0
2026-04-24,2+0,4.41,881728,83153,0
2026-04-28,5+2,26211265.20,0,0,1
2026-04-28,5+1,480828.04,1,0,0
2026-04-28,5+0,112377.43,1,0,0
2026-04-28,4+2,2058.98,17,4,0
2026-04-28,4+1,175.69,367,27,0
2026-04-28,3+2,78.43,869,75,0
2026-04-28,4+0,56.68,845,64,0
2026-04-28,2+2,18.41,13006,1035,0
2026-04-28,3+1,14.22,18776,1643,0
2026-04-28,3+0,12.42,40046,3167,0
2026-04-28,1+2,8.18,73556,6390,0
2026-04-28,2+1,6.32,300164,26514,0
2026-04-28,2+0,4.85,629888,50451,0
2026-05-01,5+2,39355091.00,0,0,1
2026-05-01,5+1,171526.92,4,1,0
2026-05-01,5+0,40088.66,4,1,0
2026-05-01,4+2,1849.87,27,1,0
2026-05-01,4+1,174.91,526,33,0
2026-05-01,3+2,79.14,1229,75,0
2026-05-01,4+0,53.35,1281,76,0
2026-05-01,2+2,17.84,19149,1279,0
2026-05-01,3+1,14.53,26222,1786,0
2026-05-01,3+0,11.36,62446,4469,0
2026-05-01,1+2,8.21,104637,6950,0
2026-05-01,2+1,6.46,418568,29275,0
2026-05-01,2+0,4.18,1042979,80171,0
2026-05-05,5+2,49453598.60,0,0,1
2026-05-05,5+1,131785.52,4,1,0
2026-05-05,5+0,20533.63,6,0,0
2026-05-05,4+2,892.42,43,2,0
2026-05-05,4+1,84.25,839,45,0
2026-05-05,3+2,46.50,1607,113,0
2026-05-05,4+0,34.43,1525,90,0
2026-05-05,2+2,12.15,21603,1726,0
2026-05-05,3+1,9.19,31857,2437,0
2026-05-05,3+0,8.19,66559,4864,0
2026-05-05,1+2,6.10,108130,9319,0
2026-05-05,2+1,4.93,421221,33683,0
2026-05-05,2+0,3.74,894639,68890,0
2026-05-08,5+2,62875957.00,0,0,1
2026-05-08,5+1,233549.03,3,1,0
2026-05-08,5+0,12596.36,13,1,0
2026-05-08,4+2,2040.19,25,3,0
2026-05-08,4+1,119.84,784,65,0
2026-05-08,3+2,66.70,1489,111,0
2026-05-08,4+0,36.31,1922,132,0
2026-05-08,2+2,16.38,21299,1622,0
2026-05-08,3+1,11.67,33335,2682,0
2026-05-08,3+0,8.97,80745,6430,0
2026-05-08,1+2,7.93,110595,8937,0
2026-05-08,2+1,5.71,483556,39927,0
2026-05-08,2+0,3.84,1159111,96890,0
2026-05-12,5+2,71851521.10,0,0,1
2026-05-12,5+1,0.00,0,0,0
2026-05-12,5+0,229375.52,3,0,0
2026-05-12,4+2,1765.38,23,2,0
2026-05-12,4+1,180.66,414,23,0
2026-05-12,3+2,58.18,1359,132,0
2026-05-12,4+0,56.46,984,70,0
2026-05-12,2+2,12.59,22052,2189,0
2026-05-12,3+1,13.56,22838,1710,0
2026-05-12,3+0,12.25,47072,3404,0
2026-05-12,1+2,5.08,137523,13332,0
2026-05-12,2+1,5.96,369066,30565,0
2026-05-12,2+0,4.73,748811,55451,0
2026-05-15,5+2,83287332.70,0,0,1
2026-05-15,5+1,710654.00,1,0,0
2026-05-15,5+0,83045.77,2,0,0
2026-05-15,4+2,1916.05,27,0,0
2026-05-15,4+1,167.77,568,38,0
2026-05-15,3+2,63.88,1577,143,0
2026-05-15,4+0,53.46,1324,88,0
2026-05-15,2+2,13.98,25304,2113,0
2026-05-15,3+1,13.28,29717,2482,0
2026-05-15,3+0,11.38,64558,5257,0
2026-05-15,1+2,6.21,143226,12068,0
2026-05-15,2+1,5.96,470189,40844,0
2026-05-15,2+0,4.45,1015066,84861,0
2026-05-19,5+2,92722476.50,0,0,1
2026-05-19,5+1,195442.26,3,0,0
2026-05-19,5+0,15226.02,9,0,0
2026-05-19,4+2,1855.77,23,2,0
2026-05-19,4+1,122.85,640,45,0
2026-05-19,3+2,51.21,1623,156,0
2026-05-19,4+0,42.78,1365,90,0
2026-05-19,2+2,11.69,24973,2312,0
2026-05-19,3+1,10.84,30031,2479,0
2026-05-19,3+0,10.40,58287,3891,0
2026-05-19,1+2,5.71,128487,12438,0
2026-05-19,2+1,5.34,432564,35008,0
2026-05-19,2+0,4.33,858994,57942,0
2026-05-22,5+2,105432709.10,0,0,1
2026-05-22,5+1,157970.03,5,0,0
2026-05-22,5+0,36920.19,5,0,0
2026-05-22,4+2,1173.44,49,4,0
2026-05-22,4+1,127.30,832,65,0
2026-05-22,3+2,47.50,2357,215,0
2026-05-22,4+0,47.31,1663,104,0
2026-05-22,2+2,10.96,35864,3640,0
2026-05-22,3+1,11.54,38001,3236,0
2026-05-22,3+0,9.98,81809,5860,0
2026-05-22,1+2,5.07,195050,21344,0
2026-05-22,2+1,5.48,568167,50000,0
2026-05-22,2+0,4.13,1214421,92405,0
2026-05-26,5+2,115489592.50,0,0,1
2026-05-26,5+1,624963.47,1,0,0
2026-05-26,5+0,73032.12,2,0,0
2026-05-26,4+2,2527.52,18,0,0
2026-05-26,4+1,144.99,578,37,0
2026-05-26,3+2,68.25,1298,99,0
2026-05-26,4+0,48.22,1291,84,0
2026-05-26,2+2,16.36,19021,1112,0
2026-05-26,3+1,12.80,27104,1777,0
2026-05-26,3+0,9.73,66392,4360,0
2026-05-26,1+2,7.82,100048,5637,0
2026-05-26,2+1,6.04,408086,27264,0
2026-05-26,2+0,3.95,1004678,71705,0
2026-05-29,5+2,129806398.20,0,0,1
2026-05-29,5+1,98854.13,9,0,0
2026-05-29,5+0,18903.14,11,0,0
2026-05-29,4+2,1542.05,42,2,0
2026-05-29,4+1,120.51,990,88,0
2026-05-29,3+2,70.97,1777,106,0
2026-05-29,4+0,33.68,2631,232,0
2026-05-29,2+2,17.31,25593,1571,0
2026-05-29,3+1,11.91,41495,2955,0
2026-05-29,3+0,8.85,103967,8158,0
2026-05-29,1+2,8.30,134217,8399,0
2026-05-29,2+1,5.89,595679,43027,0
2026-05-29,2+0,3.78,1495645,116677,0
2026-06-02,5+2,142961066.50,0,0,1
2026-06-02,5+1,204367.16,4,0,0
2026-06-02,5+0,27293.69,7,0,0
2026-06-02,4+2,1102.02,54,0,0
2026-06-02,4+1,96.83,1132,65,0
2026-06-02,3+2,41.92,2764,146,0
2026-06-02,4+0,40.07,2032,96,0
2026-06-02,2+2,10.31,39480,2350,0
2026-06-02,3+1,8.85,51293,3101,0
2026-06-02,3+0,8.57,98632,5709,0
2026-06-02,1+2,5.48,186839,11005,0
2026-06-02,2+1,4.60,701061,42633,0
2026-06-02,2+0,3.76,1381662,80729,0
2026-06-05,5+2,160606603.10,0,0,1
2026-06-05,5+1,365514.68,3,0,0
2026-06-05,5+0,21356.70,12,1,0
2026-06-05,4+2,2157.43,37,1,0
2026-06-05,4+1,134.16,1096,65,0
2026-06-05,3+2,71.27,2181,116,0
2026-06-05,4+0,44.13,2475,131,0
2026-06-05,2+2,16.27,33566,1613,0
2026-06-05,3+1,12.06,50504,2751,0
2026-06-05,3+0,9.16,123783,7307,0
2026-06-05,1+2,7.80,175938,8743,0
2026-06-05,2+1,5.67,762299,45159,0
2026-06-05,2+0,3.72,1873424,117768,0
2026-06-09,5+2,174984088.00,1,0,0
2026-06-09,5+1,148909.66,6,0,0
2026-06-09,5+0,23201.76,9,0,0
2026-06-09,4+2,1204.46,54,3,0
2026-06-09,4+1,123.77,968,44,0
2026-06-09,3+2,49.16,2576,169,0
2026-06-09,4+0,43.31,2055,97,0
2026-06-09,2+2,11.66,38150,3136,0
2026-06-09,3+1,9.42,52650,3177,0
2026-06-09,3+0,9.22,100180,5404,0
2026-06-09,1+2,5.54,201996,17875,0
2026-06-09,2+1,4.72,745660,49193,0
2026-06-09,2+0,3.98,1424090,80783,0
2026-06-12,5+2,17000000.00,0,0,1
2026-06-12,5+1,212362.35,3,0,0
2026-06-12,5+0,11453.67,13,1,0
2026-06-12,4+2,602.31,77,6,0
2026-06-12,4+1,55.72,1533,131,0
2026-06-12,3+2,33.49,2696,247,0
2026-06-12,4+0,23.62,2686,217,0
2026-06-12,2+2,9.91,32004,2836,0
2026-06-12,3+1,6.76,52307,4738,0
2026-06-12,3+0,6.06,108670,9247,0
2026-06-12,1+2,5.82,136915,11689,0
2026-06-12,2+1,4.23,593648,53448,0
2026-06-12,2+0,3.34,1209750,108709,0
2026-06-16,5+2,26335224.80,0,0,1
2026-06-16,5+1,0.00,0,0,0
2026-06-16,5+0,85884.06,7,1,0
2026-06-16,4+2,1612.44,22,4,0
2026-06-16,4+1,131.74,496,29,0
2026-06-16,3+2,48.99,1410,95,0
2026-06-16,4+0,44.33,1095,74,0
2026-06-16,2+2,12.18,19927,1417,0
2026-06-16,3+1,12.39,21848,1573,0
2026-06-16,3+0,10.46,48177,3563,0
2026-06-16,1+2,5.63,108392,8466,0
2026-06-16,2+1,5.91,325136,23786,0
2026-06-16,2+0,4.33,714942,54466,0
2026-06-19,5+2,38328109.50,0,0,1
2026-06-19,5+1,0.00,0,0,0
2026-06-19,5+0,110334.53,7,1,0
2026-06-19,4+2,2398.57,19,3,0
2026-06-19,4+1,185.32,453,40,0
2026-06-19,3+2,57.96,1531,119,0
2026-06-19,4+0,56.18,1110,80,0
2026-06-19,2+2,13.01,23965,2152,0
2026-06-19,3+1,13.36,26024,2197,0
2026-06-19,3+0,11.73,55202,4679,0
2026-06-19,1+2,5.52,141949,12901,0
2026-06-19,2+1,6.11,404196,34941,0
2026-06-19,2+0,4.68,848710,73414,0
2026-06-23,5+2,47884519.60,0,0,1
2026-06-23,5+1,166281.53,3,0,0
2026-06-23,5+0,23317.64,5,0,0
2026-06-23,4+2,1650.65,22,1,0
2026-06-23,4+1,163.95,408,29,0
2026-06-23,3+2,71.72,986,90,0
2026-06-23,4+0,55.58,894,80,0
2026-06-23,2+2,16.90,14697,1272,0
2026-06-23,3+1,13.31,20811,1892,0
2026-06-23,3+0,11.71,44050,3393,0
2026-06-23,1+2,7.53,82965,7023,0
2026-06-23,2+1,6.05,325105,28458,0
2026-06-23,2+0,4.71,672893,51501,0
2026-06-26,5+2,60301678.20,0,0,1
2026-06-26,5+1,216058.55,3,0,0
2026-06-26,5+0,12624.11,12,4,0
2026-06-26,4+2,1966.05,24,2,0
2026-06-26,4+1,160.36,542,61,0
2026-06-26,3+2,86.11,1067,89,0
2026-06-26,4+0,37.40,1726,266,0
2026-06-26,2+2,20.19,15988,1239,0
2026-06-26,3+1,13.61,26452,2377,0
2026-06-26,3+0,8.79,76248,9321,0
2026-06-26,1+2,9.54,85067,6707,0
2026-06-26,2+1,6.81,375348,29585,0
2026-06-26,2+0,3.86,1065466,104692,0
2026-06-30,5+2,68943918.10,0,0,1
2026-06-30,5+1,268526.74,2,0,0
2026-06-30,5+0,15689.78,8,1,0
2026-06-30,4+2,1628.99,24,2,0
2026-06-30,4+1,167.87,429,32,0
2026-06-30,3+2,63.39,1201,85,0
2026-06-30,4+0,58.98,907,59,0
2026-06-30,2+2,14.34,18644,1330,0
2026-06-30,3+1,13.68,21803,1414,0
2026-06-30,3+0,11.49,48350,3258,0
2026-06-30,1+2,6.21,108275,9022,0
2026-06-30,2+1,6.08,348128,24131,0
2026-06-30,2+0,4.43,768876,54920,0
2026-07-03,5+2,80220498.00,1,0,0
2026-07-03,5+1,233586.28,3,0,0
2026-07-03,5+0,18197.65,9,1,0
2026-07-03,4+2,1020.26,50,6,0
2026-07-03,4+1,94.34,996,83,0
2026-07-03,3+2,62.08,1600,124,0
2026-07-03,4+0,33.67,2073,162,0
2026-07-03,2+2,15.27,22846,1811,0
2026-07-03,3+1,9.53,40821,3311,0
2026-07-03,3+0,8.22,88162,6660,0
2026-07-03,1+2,7.74,113324,9275,0
2026-07-03,2+1,5.08,543566,43333,0
2026-07-03,2+0,3.72,1195498,90714,0
2026-07-07,5+2,17000000.00,0,0,1
2026-07-07,5+1,150509.83,3,0,0
2026-07-07,5+0,21105.97,5,0,0
2026-07-07,4+2,1217.40,27,4,0
2026-07-07,4+1,125.88,481,48,0
2026-07-07,3+2,45.78,1398,183,0
2026-07-07,4+0,46.61,965,75,0
2026-07-07,2+2,10.75,20917,2352,0
2026-07-07,3+1,11.88,21114,2033,0
2026-07-07,3+0,10.72,43565,3424,0
2026-07-07,1+2,4.95,114244,13116,0
2026-07-07,2+1,5.62,316806,30313,0
2026-07-07,2+0,4.43,646656,50193,0
2026-07-10,5+2,28471142.10,0,0,1
2026-07-10,5+1,149698.40,4,1,0
2026-07-10,5+0,19992.56,7,1,0
2026-07-10,4+2,1362.19,32,4,0
2026-07-10,4+1,121.84,659,42,0
2026-07-10,3+2,71.57,1186,98,0
2026-07-10,4+0,44.15,1351,96,0
2026-07-10,2+2,17.00,17535,1350,0
2026-07-10,3+1,12.04,27622,2591,0
2026-07-10,3+0,9.56,64779,5869,0
2026-07-10,1+2,8.04,93242,7585,0
2026-07-10,2+1,5.89,400598,36817,0
2026-07-10,2+0,4.04,940529,87208,0
2026-07-14,5+2,37595910.50,0,0,1
2026-07-14,5+1,238156.45,2,0,0
2026-07-14,5+0,22264.43,5,0,0
2026-07-14,4+2,1444.75,24,1,0
2026-07-14,4+1,136.77,467,49,0
2026-07-14,3+2,77.97,866,73,0
2026-07-14,4+0,40.62,1168,101,0
2026-07-14,2+2,18.56,12776,936,0
2026-07-14,3+1,12.97,20400,1627,0
2026-07-14,3+0,9.85,50012,4081,0
2026-07-14,1+2,8.91,66955,4682,0
2026-07-14,2+1,6.24,301034,23354,0
2026-07-14,2+0,4.02,752440,61599,0
2026-07-17,5+2,49675416.90,0,0,1
2026-07-17,5+1,0.00,0,0,0
2026-07-17,5+0,111131.45,7,0,0
2026-07-17,4+2,2185.81,21,2,0
2026-07-17,4+1,116.46,726,68,0
2026-07-17,3+2,77.79,1149,74,0
2026-07-17,4+0,37.41,1679,150,0
2026-07-17,2+2,19.29,16279,1166,0
2026-07-17,3+1,11.11,31505,2827,0
2026-07-17,3+0,8.60,75769,7459,0
2026-07-17,1+2,9.14,86415,6595,0
2026-07-17,2+1,5.62,442664,38994,0
2026-07-17,2+0,3.76,1065262,103796,0
2026-07-21,5+2,59257959.70,0,0,1
2026-07-21,5+1,250104.36,2,1,0
2026-07-21,5+0,58453.51,2,0,0
2026-07-21,4+2,1916.50,19,0,0
2026-07-21,4+1,110.68,606,54,0
2026-07-21,3+2,57.93,1224,89,0
2026-07-21,4+0,43.32,1150,94,0
2026-07-21,2+2,14.22,17520,1325,0
2026-07-21,3+1,10.53,26369,2264,0
2026-07-21,3+0,8.92,58007,4877,0
2026-07-21,1+2,6.96,89922,6665,0
2026-07-21,2+1,5.40,365439,30660,0
2026-07-21,2+0,3.80,836260,69200,0
2026-07-24,5+2,69648920.80,0,0,1
2026-07-24,5+1,645724.01,1,0,0
2026-07-24,5+0,30183.26,5,1,0
2026-07-24,4+2,2474.03,19,3,0
2026-07-24,4+1,160.65,539,52,0
2026-07-24,3+2,72.24,1267,119,0
2026-07-24,4+0,48.32,1331,90,0
2026-07-24,2+2,16.54,19442,1730,0
2026-07-24,3+1,13.11,27343,2108,0
2026-07-24,3+0,10.39,64240,5377,0
2026-07-24,1+2,7.73,104580,8766,0
2026-07-24,2+1,6.01,423659,35247,0
2026-07-24,2+0,4.16,986232,88573,0
2026-07-28,5+2,78058188.90,0,0,1
2026-07-28,5+1,522575.94,1,0,0
2026-07-28,5+0,61067.30,2,0,0
2026-07-28,4+2,1311.79,29,2,0
2026-07-28,4+1,117.57,596,36,0
2026-07-28,3+2,73.34,1010,65,0
2026-07-28,4+0,34.56,1506,87,0
2026-07-28,2+2,18.16,14328,921,0
2026-07-28,3+1,11.58,25052,1449,0
2026-07-28,3+0,7.84,68880,4953,0
2026-07-28,1+2,8.89,73599,5159,0
2026-07-28,2+1,5.88,350687,23673,0
2026-07-28,2+0,3.46,959974,75900,0
2026-07-31,5+2,89099378.60,0,0,1
2026-07-31,5+1,343065.53,2,0,0
2026-07-31,5+0,20045.01,8,2,0
2026-07-31,4+2,1314.42,38,2,0
2026-07-31,4+1,116.17,792,84,0
2026-07-31,3+2,56.38,1725,156,0
2026-07-31,4+0,41.57,1644,115,0
2026-07-31,2+2,14.13,24176,2018,0
2026-07-31,3+1,10.09,37743,3572,0
2026-07-31,3+0,9.49,74771,6355,0
2026-07-31,1+2,7.03,122160,10225,0
2026-07-31,2+1,5.11,529751,49337,0
2026-07-31,2+0,4.10,1062178,87492,0
2026-08-04,5+2,98388109.00,0,0,1
2026-08-04,5+1,192409.41,3,0,0
2026-08-04,5+0,22484.62,6,0,0
2026-08-04,4+2,2101.02,20,0,0
2026-08-04,4+1,163.30,474,25,0
2026-08-04,3+2,73.98,1106,82,0
2026-08-04,4+0,51.24,1122,81,0
2026-08-04,2+2,16.78,17126,1226,0
2026-08-04,3+1,15.38,20848,1386,0
2026-08-04,3+0,11.45,52122,4055,0
2026-08-04,1+2,8.27,87386,6232,0
2026-08-04,2+1,7.19,316485,22504,0
2026-08-04,2+0,4.44,824628,64669,0
2026-08-07,5+2,111058174.00,1,0,0
2026-08-07,5+1,112479.14,7,0,0
2026-08-07,5+0,30669.60,6,1,0
2026-08-07,4+2,2605.31,22,4,0
2026-08-07,4+1,146.03,723,79,0
2026-08-07,3+2,78.60,1420,94,0
2026-08-07,4+0,42.28,1855,184,0
2026-08-07,2+2,19.30,20313,1609,0
2026-08-07,3+1,13.10,33369,2968,0
2026-08-07,3+0,10.17,80063,7842,0
2026-08-07,1+2,8.60,114617,9848,0
2026-08-07,2+1,6.33,490858,42339,0
2026-08-07,2+0,4.32,1156077,102709,0
